cve_id,row,column,code,severity,detail
CVE-2008-7259,10,vuln_status,rejected,expected_exclusion,Retained in master; excluded from ML
CVE-2008-7260,11,vuln_status,rejected,expected_exclusion,Retained in master; excluded from ML
CVE-2009-3768,16,vuln_status,rejected,expected_exclusion,Retained in master; excluded from ML
CVE-2009-3769,17,vuln_status,rejected,expected_exclusion,Retained in master; excluded from ML
CVE-2009-3770,18,vuln_status,rejected,expected_exclusion,Retained in master; excluded from ML
CVE-2009-3771,19,vuln_status,rejected,expected_exclusion,Retained in master; excluded from ML
CVE-2009-3772,20,vuln_status,rejected,expected_exclusion,Retained in master; excluded from ML
CVE-2009-3773,21,vuln_status,rejected,expected_exclusion,Retained in master; excluded from ML
CVE-2009-3774,22,vuln_status,rejected,expected_exclusion,Retained in master; excluded from ML
CVE-2009-3775,23,vuln_status,rejected,expected_exclusion,Retained in master; excluded from ML
CVE-2009-3776,24,vuln_status,rejected,expected_exclusion,Retained in master; excluded from ML
CVE-2009-3777,25,vuln_status,rejected,expected_exclusion,Retained in master; excluded from ML
CVE-2010-0061,27,vuln_status,rejected,expected_exclusion,Retained in master; excluded from ML
CVE-2010-0499,28,vuln_status,rejected,expected_exclusion,Retained in master; excluded from ML
CVE-2010-10005,32,vuln_status,rejected,expected_exclusion,Retained in master; excluded from ML
CVE-2010-1765,39,vuln_status,rejected,expected_exclusion,Retained in master; excluded from ML
CVE-2010-1779,40,vuln_status,rejected,expected_exclusion,Retained in master; excluded from ML
CVE-2010-1798,41,vuln_status,rejected,expected_exclusion,Retained in master; excluded from ML
CVE-2010-1826,42,vuln_status,rejected,expected_exclusion,Retained in master; excluded from ML
CVE-2010-1827,43,vuln_status,rejected,expected_exclusion,Retained in master; excluded from ML
CVE-2010-1835,44,vuln_status,rejected,expected_exclusion,Retained in master; excluded from ML
CVE-2010-1839,45,vuln_status,rejected,expected_exclusion,Retained in master; excluded from ML
CVE-2010-3799,46,vuln_status,rejected,expected_exclusion,Retained in master; excluded from ML
CVE-2010-3807,47,vuln_status,rejected,expected_exclusion,Retained in master; excluded from ML
CVE-2010-3815,48,vuln_status,rejected,expected_exclusion,Retained in master; excluded from ML
CVE-2010-3825,49,vuln_status,rejected,expected_exclusion,Retained in master; excluded from ML
CVE-2010-4014,50,vuln_status,rejected,expected_exclusion,Retained in master; excluded from ML
CVE-2010-4016,51,vuln_status,rejected,expected_exclusion,Retained in master; excluded from ML
CVE-2010-4017,52,vuln_status,rejected,expected_exclusion,Retained in master; excluded from ML
CVE-2011-0171,53,vuln_status,rejected,expected_exclusion,Retained in master; excluded from ML
CVE-2011-0236,54,vuln_status,rejected,expected_exclusion,Retained in master; excluded from ML
CVE-2011-0239,55,vuln_status,rejected,expected_exclusion,Retained in master; excluded from ML
CVE-2011-0243,56,vuln_status,rejected,expected_exclusion,Retained in master; excluded from ML
CVE-2011-3240,63,vuln_status,rejected,expected_exclusion,Retained in master; excluded from ML
CVE-2011-3258,64,vuln_status,rejected,expected_exclusion,Retained in master; excluded from ML
CVE-2011-3433,65,vuln_status,rejected,expected_exclusion,Retained in master; excluded from ML
CVE-2011-3445,66,vuln_status,rejected,expected_exclusion,Retained in master; excluded from ML
CVE-2011-3451,67,vuln_status,rejected,expected_exclusion,Retained in master; excluded from ML
CVE-2011-3454,68,vuln_status,rejected,expected_exclusion,Retained in master; excluded from ML
CVE-2011-3455,69,vuln_status,rejected,expected_exclusion,Retained in master; excluded from ML
CVE-2011-3456,70,vuln_status,rejected,expected_exclusion,Retained in master; excluded from ML
CVE-2011-3461,71,vuln_status,rejected,expected_exclusion,Retained in master; excluded from ML
CVE-2011-3465,72,vuln_status,rejected,expected_exclusion,Retained in master; excluded from ML
CVE-2011-3466,73,vuln_status,rejected,expected_exclusion,Retained in master; excluded from ML
CVE-2011-3467,74,vuln_status,rejected,expected_exclusion,Retained in master; excluded from ML
CVE-2011-3468,75,vuln_status,rejected,expected_exclusion,Retained in master; excluded from ML
CVE-2011-3469,76,vuln_status,rejected,expected_exclusion,Retained in master; excluded from ML
CVE-2011-3470,77,vuln_status,rejected,expected_exclusion,Retained in master; excluded from ML
CVE-2011-3471,78,vuln_status,rejected,expected_exclusion,Retained in master; excluded from ML
CVE-2011-3472,79,vuln_status,rejected,expected_exclusion,Retained in master; excluded from ML
CVE-2011-3473,80,vuln_status,rejected,expected_exclusion,Retained in master; excluded from ML
CVE-2011-3474,81,vuln_status,rejected,expected_exclusion,Retained in master; excluded from ML
CVE-2011-3475,82,vuln_status,rejected,expected_exclusion,Retained in master; excluded from ML
CVE-2012-0653,83,vuln_status,rejected,expected_exclusion,Retained in master; excluded from ML
CVE-2012-0673,84,vuln_status,rejected,expected_exclusion,Retained in master; excluded from ML
CVE-2012-3619,102,vuln_status,rejected,expected_exclusion,Retained in master; excluded from ML
CVE-2012-3662,103,vuln_status,rejected,expected_exclusion,Retained in master; excluded from ML
CVE-2012-3717,104,vuln_status,rejected,expected_exclusion,Retained in master; excluded from ML
CVE-2012-3759,105,vuln_status,rejected,expected_exclusion,Retained in master; excluded from ML
CVE-2012-3760,106,vuln_status,rejected,expected_exclusion,Retained in master; excluded from ML
CVE-2012-3761,107,vuln_status,rejected,expected_exclusion,Retained in master; excluded from ML
CVE-2012-3762,108,vuln_status,rejected,expected_exclusion,Retained in master; excluded from ML
CVE-2012-3763,109,vuln_status,rejected,expected_exclusion,Retained in master; excluded from ML
CVE-2012-3764,110,vuln_status,rejected,expected_exclusion,Retained in master; excluded from ML
CVE-2012-3765,111,vuln_status,rejected,expected_exclusion,Retained in master; excluded from ML
CVE-2012-3766,112,vuln_status,rejected,expected_exclusion,Retained in master; excluded from ML
CVE-2012-3767,113,vuln_status,rejected,expected_exclusion,Retained in master; excluded from ML
CVE-2012-3768,114,vuln_status,rejected,expected_exclusion,Retained in master; excluded from ML
CVE-2012-3769,115,vuln_status,rejected,expected_exclusion,Retained in master; excluded from ML
CVE-2012-3770,116,vuln_status,rejected,expected_exclusion,Retained in master; excluded from ML
CVE-2012-3771,117,vuln_status,rejected,expected_exclusion,Retained in master; excluded from ML
CVE-2012-3772,118,vuln_status,rejected,expected_exclusion,Retained in master; excluded from ML
CVE-2012-3773,119,vuln_status,rejected,expected_exclusion,Retained in master; excluded from ML
CVE-2012-3774,120,vuln_status,rejected,expected_exclusion,Retained in master; excluded from ML
CVE-2012-3775,121,vuln_status,rejected,expected_exclusion,Retained in master; excluded from ML
CVE-2012-3776,122,vuln_status,rejected,expected_exclusion,Retained in master; excluded from ML
CVE-2012-3777,123,vuln_status,rejected,expected_exclusion,Retained in master; excluded from ML
CVE-2012-3778,124,vuln_status,rejected,expected_exclusion,Retained in master; excluded from ML
CVE-2012-3779,125,vuln_status,rejected,expected_exclusion,Retained in master; excluded from ML
CVE-2012-3780,126,vuln_status,rejected,expected_exclusion,Retained in master; excluded from ML
CVE-2012-3781,127,vuln_status,rejected,expected_exclusion,Retained in master; excluded from ML
CVE-2012-3782,128,vuln_status,rejected,expected_exclusion,Retained in master; excluded from ML
CVE-2012-3783,129,vuln_status,rejected,expected_exclusion,Retained in master; excluded from ML
CVE-2012-3784,130,vuln_status,rejected,expected_exclusion,Retained in master; excluded from ML
CVE-2012-3785,131,vuln_status,rejected,expected_exclusion,Retained in master; excluded from ML
CVE-2012-3786,132,vuln_status,rejected,expected_exclusion,Retained in master; excluded from ML
CVE-2012-3787,133,vuln_status,rejected,expected_exclusion,Retained in master; excluded from ML
CVE-2012-3788,134,vuln_status,rejected,expected_exclusion,Retained in master; excluded from ML
CVE-2013-0965,138,vuln_status,rejected,expected_exclusion,Retained in master; excluded from ML
CVE-2013-0972,139,vuln_status,rejected,expected_exclusion,Retained in master; excluded from ML
CVE-2013-5146,166,vuln_status,rejected,expected_exclusion,Retained in master; excluded from ML
CVE-2013-5194,167,vuln_status,rejected,expected_exclusion,Retained in master; excluded from ML
CVE-2013-5226,168,vuln_status,rejected,expected_exclusion,Retained in master; excluded from ML
CVE-2013-5230,169,vuln_status,rejected,expected_exclusion,Retained in master; excluded from ML
CVE-2013-5231,170,vuln_status,rejected,expected_exclusion,Retained in master; excluded from ML
CVE-2013-5232,171,vuln_status,rejected,expected_exclusion,Retained in master; excluded from ML
CVE-2013-5233,172,vuln_status,rejected,expected_exclusion,Retained in master; excluded from ML
CVE-2013-5234,173,vuln_status,rejected,expected_exclusion,Retained in master; excluded from ML
CVE-2013-5235,174,vuln_status,rejected,expected_exclusion,Retained in master; excluded from ML
CVE-2013-5236,175,vuln_status,rejected,expected_exclusion,Retained in master; excluded from ML
CVE-2013-5237,176,vuln_status,rejected,expected_exclusion,Retained in master; excluded from ML
CVE-2013-5238,177,vuln_status,rejected,expected_exclusion,Retained in master; excluded from ML
CVE-2013-5239,178,vuln_status,rejected,expected_exclusion,Retained in master; excluded from ML
CVE-2013-5240,179,vuln_status,rejected,expected_exclusion,Retained in master; excluded from ML
CVE-2013-5241,180,vuln_status,rejected,expected_exclusion,Retained in master; excluded from ML
CVE-2013-5242,181,vuln_status,rejected,expected_exclusion,Retained in master; excluded from ML
CVE-2013-5243,182,vuln_status,rejected,expected_exclusion,Retained in master; excluded from ML
CVE-2013-5244,183,vuln_status,rejected,expected_exclusion,Retained in master; excluded from ML
CVE-2013-5245,184,vuln_status,rejected,expected_exclusion,Retained in master; excluded from ML
CVE-2013-5246,185,vuln_status,rejected,expected_exclusion,Retained in master; excluded from ML
CVE-2013-5247,186,vuln_status,rejected,expected_exclusion,Retained in master; excluded from ML
CVE-2013-5248,187,vuln_status,rejected,expected_exclusion,Retained in master; excluded from ML
CVE-2013-5249,188,vuln_status,rejected,expected_exclusion,Retained in master; excluded from ML
CVE-2013-5250,189,vuln_status,rejected,expected_exclusion,Retained in master; excluded from ML
CVE-2013-5251,190,vuln_status,rejected,expected_exclusion,Retained in master; excluded from ML
CVE-2013-5252,191,vuln_status,rejected,expected_exclusion,Retained in master; excluded from ML
CVE-2013-5253,192,vuln_status,rejected,expected_exclusion,Retained in master; excluded from ML
CVE-2013-5254,193,vuln_status,rejected,expected_exclusion,Retained in master; excluded from ML
CVE-2013-5255,194,vuln_status,rejected,expected_exclusion,Retained in master; excluded from ML
CVE-2013-5256,195,vuln_status,rejected,expected_exclusion,Retained in master; excluded from ML
CVE-2013-5257,196,vuln_status,rejected,expected_exclusion,Retained in master; excluded from ML
CVE-2013-5258,197,vuln_status,rejected,expected_exclusion,Retained in master; excluded from ML
CVE-2013-5259,198,vuln_status,rejected,expected_exclusion,Retained in master; excluded from ML
CVE-2013-5260,199,vuln_status,rejected,expected_exclusion,Retained in master; excluded from ML
CVE-2013-5261,200,vuln_status,rejected,expected_exclusion,Retained in master; excluded from ML
CVE-2013-5262,201,vuln_status,rejected,expected_exclusion,Retained in master; excluded from ML
CVE-2013-5263,202,vuln_status,rejected,expected_exclusion,Retained in master; excluded from ML
CVE-2013-5264,203,vuln_status,rejected,expected_exclusion,Retained in master; excluded from ML
CVE-2013-5265,204,vuln_status,rejected,expected_exclusion,Retained in master; excluded from ML
CVE-2013-5266,205,vuln_status,rejected,expected_exclusion,Retained in master; excluded from ML
CVE-2013-5267,206,vuln_status,rejected,expected_exclusion,Retained in master; excluded from ML
CVE-2013-5268,207,vuln_status,rejected,expected_exclusion,Retained in master; excluded from ML
CVE-2013-5269,208,vuln_status,rejected,expected_exclusion,Retained in master; excluded from ML
CVE-2013-5270,209,vuln_status,rejected,expected_exclusion,Retained in master; excluded from ML
CVE-2013-5271,210,vuln_status,rejected,expected_exclusion,Retained in master; excluded from ML
CVE-2013-5272,211,vuln_status,rejected,expected_exclusion,Retained in master; excluded from ML
CVE-2013-5273,212,vuln_status,rejected,expected_exclusion,Retained in master; excluded from ML
CVE-2013-5274,213,vuln_status,rejected,expected_exclusion,Retained in master; excluded from ML
CVE-2013-5275,214,vuln_status,rejected,expected_exclusion,Retained in master; excluded from ML
CVE-2013-5276,215,vuln_status,rejected,expected_exclusion,Retained in master; excluded from ML
CVE-2013-5277,216,vuln_status,rejected,expected_exclusion,Retained in master; excluded from ML
CVE-2013-5278,217,vuln_status,rejected,expected_exclusion,Retained in master; excluded from ML
CVE-2013-5279,218,vuln_status,rejected,expected_exclusion,Retained in master; excluded from ML
CVE-2013-5280,219,vuln_status,rejected,expected_exclusion,Retained in master; excluded from ML
CVE-2013-5281,220,vuln_status,rejected,expected_exclusion,Retained in master; excluded from ML
CVE-2013-5282,221,vuln_status,rejected,expected_exclusion,Retained in master; excluded from ML
CVE-2013-5283,222,vuln_status,rejected,expected_exclusion,Retained in master; excluded from ML
CVE-2013-5284,223,vuln_status,rejected,expected_exclusion,Retained in master; excluded from ML
CVE-2013-5285,224,vuln_status,rejected,expected_exclusion,Retained in master; excluded from ML
CVE-2013-5286,225,vuln_status,rejected,expected_exclusion,Retained in master; excluded from ML
CVE-2013-5287,226,vuln_status,rejected,expected_exclusion,Retained in master; excluded from ML
CVE-2013-5288,227,vuln_status,rejected,expected_exclusion,Retained in master; excluded from ML
CVE-2013-5289,228,vuln_status,rejected,expected_exclusion,Retained in master; excluded from ML
CVE-2013-5290,229,vuln_status,rejected,expected_exclusion,Retained in master; excluded from ML
CVE-2013-5291,230,vuln_status,rejected,expected_exclusion,Retained in master; excluded from ML
CVE-2013-5292,231,vuln_status,rejected,expected_exclusion,Retained in master; excluded from ML
CVE-2013-5293,232,vuln_status,rejected,expected_exclusion,Retained in master; excluded from ML
CVE-2013-5294,233,vuln_status,rejected,expected_exclusion,Retained in master; excluded from ML
CVE-2013-5295,234,vuln_status,rejected,expected_exclusion,Retained in master; excluded from ML
CVE-2013-5296,235,vuln_status,rejected,expected_exclusion,Retained in master; excluded from ML
CVE-2013-5297,236,vuln_status,rejected,expected_exclusion,Retained in master; excluded from ML
CVE-2013-5298,237,vuln_status,rejected,expected_exclusion,Retained in master; excluded from ML
CVE-2013-5299,238,vuln_status,rejected,expected_exclusion,Retained in master; excluded from ML
CVE-2014-125042,252,vuln_status,rejected,expected_exclusion,Retained in master; excluded from ML
CVE-2014-125043,253,vuln_status,rejected,expected_exclusion,Retained in master; excluded from ML
CVE-2014-125064,274,vuln_status,rejected,expected_exclusion,Retained in master; excluded from ML
CVE-2014-8841,324,vuln_status,rejected,expected_exclusion,Retained in master; excluded from ML
CVE-2014-8842,325,vuln_status,rejected,expected_exclusion,Retained in master; excluded from ML
CVE-2015-1160,454,vuln_status,rejected,expected_exclusion,Retained in master; excluded from ML
CVE-2015-20002,458,vuln_status,rejected,expected_exclusion,Retained in master; excluded from ML
CVE-2015-5762,468,vuln_status,rejected,expected_exclusion,Retained in master; excluded from ML
CVE-2015-7118,470,vuln_status,rejected,expected_exclusion,Retained in master; excluded from ML
CVE-2016-7704,515,vuln_status,rejected,expected_exclusion,Retained in master; excluded from ML
CVE-2017-0981,516,vuln_status,rejected,expected_exclusion,Retained in master; excluded from ML
CVE-2017-0982,517,vuln_status,rejected,expected_exclusion,Retained in master; excluded from ML
CVE-2017-0983,518,vuln_status,rejected,expected_exclusion,Retained in master; excluded from ML
CVE-2017-0984,519,vuln_status,rejected,expected_exclusion,Retained in master; excluded from ML
CVE-2017-0985,520,vuln_status,rejected,expected_exclusion,Retained in master; excluded from ML
CVE-2017-0986,521,vuln_status,rejected,expected_exclusion,Retained in master; excluded from ML
CVE-2017-0987,522,vuln_status,rejected,expected_exclusion,Retained in master; excluded from ML
CVE-2017-0988,523,vuln_status,rejected,expected_exclusion,Retained in master; excluded from ML
CVE-2017-0989,524,vuln_status,rejected,expected_exclusion,Retained in master; excluded from ML
CVE-2017-0990,525,vuln_status,rejected,expected_exclusion,Retained in master; excluded from ML
CVE-2017-0991,526,vuln_status,rejected,expected_exclusion,Retained in master; excluded from ML
CVE-2017-0992,527,vuln_status,rejected,expected_exclusion,Retained in master; excluded from ML
CVE-2017-0993,528,vuln_status,rejected,expected_exclusion,Retained in master; excluded from ML
CVE-2017-0994,529,vuln_status,rejected,expected_exclusion,Retained in master; excluded from ML
CVE-2017-0995,530,vuln_status,rejected,expected_exclusion,Retained in master; excluded from ML
CVE-2017-0996,531,vuln_status,rejected,expected_exclusion,Retained in master; excluded from ML
CVE-2017-0997,532,vuln_status,rejected,expected_exclusion,Retained in master; excluded from ML
CVE-2017-0998,533,vuln_status,rejected,expected_exclusion,Retained in master; excluded from ML
CVE-2017-0999,534,vuln_status,rejected,expected_exclusion,Retained in master; excluded from ML
CVE-2017-1000,535,vuln_status,rejected,expected_exclusion,Retained in master; excluded from ML
CVE-2017-1001,536,vuln_status,rejected,expected_exclusion,Retained in master; excluded from ML
CVE-2017-1002,537,vuln_status,rejected,expected_exclusion,Retained in master; excluded from ML
CVE-2017-1003,538,vuln_status,rejected,expected_exclusion,Retained in master; excluded from ML
CVE-2017-1004,539,vuln_status,rejected,expected_exclusion,Retained in master; excluded from ML
CVE-2017-1005,540,vuln_status,rejected,expected_exclusion,Retained in master; excluded from ML
CVE-2017-1006,541,vuln_status,rejected,expected_exclusion,Retained in master; excluded from ML
CVE-2017-1007,542,vuln_status,rejected,expected_exclusion,Retained in master; excluded from ML
CVE-2017-1008,543,vuln_status,rejected,expected_exclusion,Retained in master; excluded from ML
CVE-2017-1009,544,vuln_status,rejected,expected_exclusion,Retained in master; excluded from ML
CVE-2017-1010,545,vuln_status,rejected,expected_exclusion,Retained in master; excluded from ML
CVE-2017-1011,546,vuln_status,rejected,expected_exclusion,Retained in master; excluded from ML
CVE-2017-1012,547,vuln_status,rejected,expected_exclusion,Retained in master; excluded from ML
CVE-2017-1013,548,vuln_status,rejected,expected_exclusion,Retained in master; excluded from ML
CVE-2017-1014,549,vuln_status,rejected,expected_exclusion,Retained in master; excluded from ML
CVE-2017-1015,550,vuln_status,rejected,expected_exclusion,Retained in master; excluded from ML
CVE-2017-1016,551,vuln_status,rejected,expected_exclusion,Retained in master; excluded from ML
CVE-2017-1017,552,vuln_status,rejected,expected_exclusion,Retained in master; excluded from ML
CVE-2017-1018,553,vuln_status,rejected,expected_exclusion,Retained in master; excluded from ML
CVE-2017-1019,554,vuln_status,rejected,expected_exclusion,Retained in master; excluded from ML
CVE-2017-1020,555,vuln_status,rejected,expected_exclusion,Retained in master; excluded from ML
CVE-2017-1021,556,vuln_status,rejected,expected_exclusion,Retained in master; excluded from ML
CVE-2017-1022,557,vuln_status,rejected,expected_exclusion,Retained in master; excluded from ML
CVE-2017-1023,558,vuln_status,rejected,expected_exclusion,Retained in master; excluded from ML
CVE-2017-1024,559,vuln_status,rejected,expected_exclusion,Retained in master; excluded from ML
CVE-2017-1025,560,vuln_status,rejected,expected_exclusion,Retained in master; excluded from ML
CVE-2017-1026,561,vuln_status,rejected,expected_exclusion,Retained in master; excluded from ML
CVE-2017-1027,562,vuln_status,rejected,expected_exclusion,Retained in master; excluded from ML
CVE-2017-1028,563,vuln_status,rejected,expected_exclusion,Retained in master; excluded from ML
CVE-2017-1029,564,vuln_status,rejected,expected_exclusion,Retained in master; excluded from ML
CVE-2017-1030,565,vuln_status,rejected,expected_exclusion,Retained in master; excluded from ML
CVE-2017-1031,566,vuln_status,rejected,expected_exclusion,Retained in master; excluded from ML
CVE-2017-1032,567,vuln_status,rejected,expected_exclusion,Retained in master; excluded from ML
CVE-2017-1033,568,vuln_status,rejected,expected_exclusion,Retained in master; excluded from ML
CVE-2017-1034,569,vuln_status,rejected,expected_exclusion,Retained in master; excluded from ML
CVE-2017-1035,570,vuln_status,rejected,expected_exclusion,Retained in master; excluded from ML
CVE-2017-1036,571,vuln_status,rejected,expected_exclusion,Retained in master; excluded from ML
CVE-2017-1037,572,vuln_status,rejected,expected_exclusion,Retained in master; excluded from ML
CVE-2017-1038,573,vuln_status,rejected,expected_exclusion,Retained in master; excluded from ML
CVE-2017-1039,574,vuln_status,rejected,expected_exclusion,Retained in master; excluded from ML
CVE-2017-1040,575,vuln_status,rejected,expected_exclusion,Retained in master; excluded from ML
CVE-2017-1041,576,vuln_status,rejected,expected_exclusion,Retained in master; excluded from ML
CVE-2017-1042,577,vuln_status,rejected,expected_exclusion,Retained in master; excluded from ML
CVE-2017-1043,578,vuln_status,rejected,expected_exclusion,Retained in master; excluded from ML
CVE-2017-1044,579,vuln_status,rejected,expected_exclusion,Retained in master; excluded from ML
CVE-2017-1045,580,vuln_status,rejected,expected_exclusion,Retained in master; excluded from ML
CVE-2017-1046,581,vuln_status,rejected,expected_exclusion,Retained in master; excluded from ML
CVE-2017-1047,582,vuln_status,rejected,expected_exclusion,Retained in master; excluded from ML
CVE-2017-1048,583,vuln_status,rejected,expected_exclusion,Retained in master; excluded from ML
CVE-2017-1049,584,vuln_status,rejected,expected_exclusion,Retained in master; excluded from ML
CVE-2017-1050,585,vuln_status,rejected,expected_exclusion,Retained in master; excluded from ML
CVE-2017-1051,586,vuln_status,rejected,expected_exclusion,Retained in master; excluded from ML
CVE-2017-1052,587,vuln_status,rejected,expected_exclusion,Retained in master; excluded from ML
CVE-2017-1053,588,vuln_status,rejected,expected_exclusion,Retained in master; excluded from ML
CVE-2017-1054,589,vuln_status,rejected,expected_exclusion,Retained in master; excluded from ML
CVE-2017-1055,590,vuln_status,rejected,expected_exclusion,Retained in master; excluded from ML
CVE-2017-1056,591,vuln_status,rejected,expected_exclusion,Retained in master; excluded from ML
CVE-2017-1057,592,vuln_status,rejected,expected_exclusion,Retained in master; excluded from ML
CVE-2017-1058,593,vuln_status,rejected,expected_exclusion,Retained in master; excluded from ML
CVE-2017-1059,594,vuln_status,rejected,expected_exclusion,Retained in master; excluded from ML
CVE-2017-1060,595,vuln_status,rejected,expected_exclusion,Retained in master; excluded from ML
CVE-2017-1061,596,vuln_status,rejected,expected_exclusion,Retained in master; excluded from ML
CVE-2017-1062,597,vuln_status,rejected,expected_exclusion,Retained in master; excluded from ML
CVE-2017-1063,598,vuln_status,rejected,expected_exclusion,Retained in master; excluded from ML
CVE-2017-1064,599,vuln_status,rejected,expected_exclusion,Retained in master; excluded from ML
CVE-2017-1065,600,vuln_status,rejected,expected_exclusion,Retained in master; excluded from ML
CVE-2017-1066,601,vuln_status,rejected,expected_exclusion,Retained in master; excluded from ML
CVE-2017-1067,602,vuln_status,rejected,expected_exclusion,Retained in master; excluded from ML
CVE-2017-1068,603,vuln_status,rejected,expected_exclusion,Retained in master; excluded from ML
CVE-2017-1069,604,vuln_status,rejected,expected_exclusion,Retained in master; excluded from ML
CVE-2017-13893,621,vuln_status,rejected,expected_exclusion,Retained in master; excluded from ML
CVE-2017-13894,622,vuln_status,rejected,expected_exclusion,Retained in master; excluded from ML
CVE-2017-13895,623,vuln_status,rejected,expected_exclusion,Retained in master; excluded from ML
CVE-2017-13896,624,vuln_status,rejected,expected_exclusion,Retained in master; excluded from ML
CVE-2017-13897,625,vuln_status,rejected,expected_exclusion,Retained in master; excluded from ML
CVE-2017-13898,626,vuln_status,rejected,expected_exclusion,Retained in master; excluded from ML
CVE-2017-13899,627,vuln_status,rejected,expected_exclusion,Retained in master; excluded from ML
CVE-2017-13900,628,vuln_status,rejected,expected_exclusion,Retained in master; excluded from ML
CVE-2017-13901,629,vuln_status,rejected,expected_exclusion,Retained in master; excluded from ML
CVE-2017-13902,630,vuln_status,rejected,expected_exclusion,Retained in master; excluded from ML
CVE-2017-13912,631,vuln_status,rejected,expected_exclusion,Retained in master; excluded from ML
CVE-2017-13913,632,vuln_status,rejected,expected_exclusion,Retained in master; excluded from ML
CVE-2017-13914,633,vuln_status,rejected,expected_exclusion,Retained in master; excluded from ML
CVE-2017-13915,634,vuln_status,rejected,expected_exclusion,Retained in master; excluded from ML
CVE-2017-13916,635,vuln_status,rejected,expected_exclusion,Retained in master; excluded from ML
CVE-2017-13917,636,vuln_status,rejected,expected_exclusion,Retained in master; excluded from ML
CVE-2017-13918,637,vuln_status,rejected,expected_exclusion,Retained in master; excluded from ML
CVE-2017-13919,638,vuln_status,rejected,expected_exclusion,Retained in master; excluded from ML
CVE-2017-13920,639,vuln_status,rejected,expected_exclusion,Retained in master; excluded from ML
CVE-2017-13921,640,vuln_status,rejected,expected_exclusion,Retained in master; excluded from ML
CVE-2017-13922,641,vuln_status,rejected,expected_exclusion,Retained in master; excluded from ML
CVE-2017-13923,642,vuln_status,rejected,expected_exclusion,Retained in master; excluded from ML
CVE-2017-13924,643,vuln_status,rejected,expected_exclusion,Retained in master; excluded from ML
CVE-2017-13925,644,vuln_status,rejected,expected_exclusion,Retained in master; excluded from ML
CVE-2017-13926,645,vuln_status,rejected,expected_exclusion,Retained in master; excluded from ML
CVE-2017-13927,646,vuln_status,rejected,expected_exclusion,Retained in master; excluded from ML
CVE-2017-13928,647,vuln_status,rejected,expected_exclusion,Retained in master; excluded from ML
CVE-2017-13929,648,vuln_status,rejected,expected_exclusion,Retained in master; excluded from ML
CVE-2017-13930,649,vuln_status,rejected,expected_exclusion,Retained in master; excluded from ML
CVE-2017-13931,650,vuln_status,rejected,expected_exclusion,Retained in master; excluded from ML
CVE-2017-13932,651,vuln_status,rejected,expected_exclusion,Retained in master; excluded from ML
CVE-2017-13933,652,vuln_status,rejected,expected_exclusion,Retained in master; excluded from ML
CVE-2017-13934,653,vuln_status,rejected,expected_exclusion,Retained in master; excluded from ML
CVE-2017-13935,654,vuln_status,rejected,expected_exclusion,Retained in master; excluded from ML
CVE-2017-13936,655,vuln_status,rejected,expected_exclusion,Retained in master; excluded from ML
CVE-2017-13937,656,vuln_status,rejected,expected_exclusion,Retained in master; excluded from ML
CVE-2017-13938,657,vuln_status,rejected,expected_exclusion,Retained in master; excluded from ML
CVE-2017-13939,658,vuln_status,rejected,expected_exclusion,Retained in master; excluded from ML
CVE-2017-13940,659,vuln_status,rejected,expected_exclusion,Retained in master; excluded from ML
CVE-2017-13941,660,vuln_status,rejected,expected_exclusion,Retained in master; excluded from ML
CVE-2017-13942,661,vuln_status,rejected,expected_exclusion,Retained in master; excluded from ML
CVE-2017-13943,662,vuln_status,rejected,expected_exclusion,Retained in master; excluded from ML
CVE-2017-13944,663,vuln_status,rejected,expected_exclusion,Retained in master; excluded from ML
CVE-2017-13945,664,vuln_status,rejected,expected_exclusion,Retained in master; excluded from ML
CVE-2017-13946,665,vuln_status,rejected,expected_exclusion,Retained in master; excluded from ML
CVE-2017-13947,666,vuln_status,rejected,expected_exclusion,Retained in master; excluded from ML
CVE-2017-13948,667,vuln_status,rejected,expected_exclusion,Retained in master; excluded from ML
CVE-2017-13949,668,vuln_status,rejected,expected_exclusion,Retained in master; excluded from ML
CVE-2017-13950,669,vuln_status,rejected,expected_exclusion,Retained in master; excluded from ML
CVE-2017-13951,670,vuln_status,rejected,expected_exclusion,Retained in master; excluded from ML
CVE-2017-13952,671,vuln_status,rejected,expected_exclusion,Retained in master; excluded from ML
CVE-2017-13953,672,vuln_status,rejected,expected_exclusion,Retained in master; excluded from ML
CVE-2017-13954,673,vuln_status,rejected,expected_exclusion,Retained in master; excluded from ML
CVE-2017-13955,674,vuln_status,rejected,expected_exclusion,Retained in master; excluded from ML
CVE-2017-13956,675,vuln_status,rejected,expected_exclusion,Retained in master; excluded from ML
CVE-2017-13957,676,vuln_status,rejected,expected_exclusion,Retained in master; excluded from ML
CVE-2017-13958,677,vuln_status,rejected,expected_exclusion,Retained in master; excluded from ML
CVE-2017-13959,678,vuln_status,rejected,expected_exclusion,Retained in master; excluded from ML
CVE-2017-13960,679,vuln_status,rejected,expected_exclusion,Retained in master; excluded from ML
CVE-2017-13961,680,vuln_status,rejected,expected_exclusion,Retained in master; excluded from ML
CVE-2017-13962,681,vuln_status,rejected,expected_exclusion,Retained in master; excluded from ML
CVE-2017-13963,682,vuln_status,rejected,expected_exclusion,Retained in master; excluded from ML
CVE-2017-13964,683,vuln_status,rejected,expected_exclusion,Retained in master; excluded from ML
CVE-2017-13965,684,vuln_status,rejected,expected_exclusion,Retained in master; excluded from ML
CVE-2017-13966,685,vuln_status,rejected,expected_exclusion,Retained in master; excluded from ML
CVE-2017-13967,686,vuln_status,rejected,expected_exclusion,Retained in master; excluded from ML
CVE-2017-13968,687,vuln_status,rejected,expected_exclusion,Retained in master; excluded from ML
CVE-2017-13969,688,vuln_status,rejected,expected_exclusion,Retained in master; excluded from ML
CVE-2017-13970,689,vuln_status,rejected,expected_exclusion,Retained in master; excluded from ML
CVE-2017-13971,690,vuln_status,rejected,expected_exclusion,Retained in master; excluded from ML
CVE-2017-13972,691,vuln_status,rejected,expected_exclusion,Retained in master; excluded from ML
CVE-2017-13973,692,vuln_status,rejected,expected_exclusion,Retained in master; excluded from ML
CVE-2017-13974,693,vuln_status,rejected,expected_exclusion,Retained in master; excluded from ML
CVE-2017-13975,694,vuln_status,rejected,expected_exclusion,Retained in master; excluded from ML
CVE-2017-13976,695,vuln_status,rejected,expected_exclusion,Retained in master; excluded from ML
CVE-2017-13977,696,vuln_status,rejected,expected_exclusion,Retained in master; excluded from ML
CVE-2017-13978,697,vuln_status,rejected,expected_exclusion,Retained in master; excluded from ML
CVE-2017-13979,698,vuln_status,rejected,expected_exclusion,Retained in master; excluded from ML
CVE-2017-13980,699,vuln_status,rejected,expected_exclusion,Retained in master; excluded from ML
CVE-2017-13981,700,vuln_status,rejected,expected_exclusion,Retained in master; excluded from ML
CVE-2017-3755,823,vuln_status,rejected,expected_exclusion,Retained in master; excluded from ML
CVE-2017-3766,824,vuln_status,rejected,expected_exclusion,Retained in master; excluded from ML
CVE-2017-3769,825,vuln_status,rejected,expected_exclusion,Retained in master; excluded from ML
CVE-2017-7166,829,vuln_status,rejected,expected_exclusion,Retained in master; excluded from ML
CVE-2017-7168,830,vuln_status,rejected,expected_exclusion,Retained in master; excluded from ML
CVE-2017-7169,831,vuln_status,rejected,expected_exclusion,Retained in master; excluded from ML
CVE-2018-11103,835,vuln_status,rejected,expected_exclusion,Retained in master; excluded from ML
CVE-2018-11881,837,vuln_status,rejected,expected_exclusion,Retained in master; excluded from ML
CVE-2018-12125,840,vuln_status,rejected,expected_exclusion,Retained in master; excluded from ML
CVE-2018-12128,841,vuln_status,rejected,expected_exclusion,Retained in master; excluded from ML
CVE-2018-12129,842,vuln_status,rejected,expected_exclusion,Retained in master; excluded from ML
CVE-2018-12132,843,vuln_status,rejected,expected_exclusion,Retained in master; excluded from ML
CVE-2018-12133,844,vuln_status,rejected,expected_exclusion,Retained in master; excluded from ML
CVE-2018-12134,845,vuln_status,rejected,expected_exclusion,Retained in master; excluded from ML
CVE-2018-12135,846,vuln_status,rejected,expected_exclusion,Retained in master; excluded from ML
CVE-2018-12136,847,vuln_status,rejected,expected_exclusion,Retained in master; excluded from ML
CVE-2018-12137,848,vuln_status,rejected,expected_exclusion,Retained in master; excluded from ML
CVE-2018-12138,849,vuln_status,rejected,expected_exclusion,Retained in master; excluded from ML
CVE-2018-12139,850,vuln_status,rejected,expected_exclusion,Retained in master; excluded from ML
CVE-2018-12140,851,vuln_status,rejected,expected_exclusion,Retained in master; excluded from ML
CVE-2018-12141,852,vuln_status,rejected,expected_exclusion,Retained in master; excluded from ML
CVE-2018-12142,853,vuln_status,rejected,expected_exclusion,Retained in master; excluded from ML
CVE-2018-12143,854,vuln_status,rejected,expected_exclusion,Retained in master; excluded from ML
CVE-2018-12144,855,vuln_status,rejected,expected_exclusion,Retained in master; excluded from ML
CVE-2018-12145,856,vuln_status,rejected,expected_exclusion,Retained in master; excluded from ML
CVE-2018-12146,857,vuln_status,rejected,expected_exclusion,Retained in master; excluded from ML
CVE-2018-12156,858,vuln_status,rejected,expected_exclusion,Retained in master; excluded from ML
CVE-2018-12157,859,vuln_status,rejected,expected_exclusion,Retained in master; excluded from ML
CVE-2018-12164,860,vuln_status,rejected,expected_exclusion,Retained in master; excluded from ML
CVE-2018-12165,861,vuln_status,rejected,expected_exclusion,Retained in master; excluded from ML
CVE-2018-12170,862,vuln_status,rejected,expected_exclusion,Retained in master; excluded from ML
CVE-2018-12184,863,vuln_status,rejected,expected_exclusion,Retained in master; excluded from ML
CVE-2018-12186,864,vuln_status,rejected,expected_exclusion,Retained in master; excluded from ML
CVE-2018-12194,865,vuln_status,rejected,expected_exclusion,Retained in master; excluded from ML
CVE-2018-12195,866,vuln_status,rejected,expected_exclusion,Retained in master; excluded from ML
CVE-2018-12197,867,vuln_status,rejected,expected_exclusion,Retained in master; excluded from ML
CVE-2018-15630,870,vuln_status,rejected,expected_exclusion,Retained in master; excluded from ML
CVE-2018-15636,871,vuln_status,rejected,expected_exclusion,Retained in master; excluded from ML
CVE-2018-15637,872,vuln_status,rejected,expected_exclusion,Retained in master; excluded from ML
CVE-2018-15639,873,vuln_status,rejected,expected_exclusion,Retained in master; excluded from ML
CVE-2018-15642,874,vuln_status,rejected,expected_exclusion,Retained in master; excluded from ML
CVE-2018-15643,875,vuln_status,rejected,expected_exclusion,Retained in master; excluded from ML
CVE-2018-15644,876,vuln_status,rejected,expected_exclusion,Retained in master; excluded from ML
CVE-2018-15646,877,vuln_status,rejected,expected_exclusion,Retained in master; excluded from ML
CVE-2018-15647,878,vuln_status,rejected,expected_exclusion,Retained in master; excluded from ML
CVE-2018-15648,879,vuln_status,rejected,expected_exclusion,Retained in master; excluded from ML
CVE-2018-15649,880,vuln_status,rejected,expected_exclusion,Retained in master; excluded from ML
CVE-2018-15650,881,vuln_status,rejected,expected_exclusion,Retained in master; excluded from ML
CVE-2018-15651,882,vuln_status,rejected,expected_exclusion,Retained in master; excluded from ML
CVE-2018-15652,883,vuln_status,rejected,expected_exclusion,Retained in master; excluded from ML
CVE-2018-15653,884,vuln_status,rejected,expected_exclusion,Retained in master; excluded from ML
CVE-2018-15654,885,vuln_status,rejected,expected_exclusion,Retained in master; excluded from ML
CVE-2018-18092,902,vuln_status,rejected,expected_exclusion,Retained in master; excluded from ML
CVE-2018-18099,903,vuln_status,rejected,expected_exclusion,Retained in master; excluded from ML
CVE-2018-18100,904,vuln_status,rejected,expected_exclusion,Retained in master; excluded from ML
CVE-2018-18101,905,vuln_status,rejected,expected_exclusion,Retained in master; excluded from ML
CVE-2018-18102,906,vuln_status,rejected,expected_exclusion,Retained in master; excluded from ML
CVE-2018-18103,907,vuln_status,rejected,expected_exclusion,Retained in master; excluded from ML
CVE-2018-18104,908,vuln_status,rejected,expected_exclusion,Retained in master; excluded from ML
CVE-2018-18105,909,vuln_status,rejected,expected_exclusion,Retained in master; excluded from ML
CVE-2018-18106,910,vuln_status,rejected,expected_exclusion,Retained in master; excluded from ML
CVE-2018-18107,911,vuln_status,rejected,expected_exclusion,Retained in master; excluded from ML
CVE-2018-18108,912,vuln_status,rejected,expected_exclusion,Retained in master; excluded from ML
CVE-2018-18109,913,vuln_status,rejected,expected_exclusion,Retained in master; excluded from ML
CVE-2018-18110,914,vuln_status,rejected,expected_exclusion,Retained in master; excluded from ML
CVE-2018-18111,915,vuln_status,rejected,expected_exclusion,Retained in master; excluded from ML
CVE-2018-18112,916,vuln_status,rejected,expected_exclusion,Retained in master; excluded from ML
CVE-2018-18113,917,vuln_status,rejected,expected_exclusion,Retained in master; excluded from ML
CVE-2018-18114,918,vuln_status,rejected,expected_exclusion,Retained in master; excluded from ML
CVE-2018-18115,919,vuln_status,rejected,expected_exclusion,Retained in master; excluded from ML
CVE-2018-18116,920,vuln_status,rejected,expected_exclusion,Retained in master; excluded from ML
CVE-2018-18117,921,vuln_status,rejected,expected_exclusion,Retained in master; excluded from ML
CVE-2018-18118,922,vuln_status,rejected,expected_exclusion,Retained in master; excluded from ML
CVE-2018-18119,923,vuln_status,rejected,expected_exclusion,Retained in master; excluded from ML
CVE-2018-18120,924,vuln_status,rejected,expected_exclusion,Retained in master; excluded from ML
CVE-2018-18121,925,vuln_status,rejected,expected_exclusion,Retained in master; excluded from ML
CVE-2018-18122,926,vuln_status,rejected,expected_exclusion,Retained in master; excluded from ML
CVE-2018-18123,927,vuln_status,rejected,expected_exclusion,Retained in master; excluded from ML
CVE-2018-18124,928,vuln_status,rejected,expected_exclusion,Retained in master; excluded from ML
CVE-2018-18125,929,vuln_status,rejected,expected_exclusion,Retained in master; excluded from ML
CVE-2018-18126,930,vuln_status,rejected,expected_exclusion,Retained in master; excluded from ML
CVE-2018-18127,931,vuln_status,rejected,expected_exclusion,Retained in master; excluded from ML
CVE-2018-18128,932,vuln_status,rejected,expected_exclusion,Retained in master; excluded from ML
CVE-2018-18129,933,vuln_status,rejected,expected_exclusion,Retained in master; excluded from ML
CVE-2018-18130,934,vuln_status,rejected,expected_exclusion,Retained in master; excluded from ML
CVE-2018-18131,935,vuln_status,rejected,expected_exclusion,Retained in master; excluded from ML
CVE-2018-18132,936,vuln_status,rejected,expected_exclusion,Retained in master; excluded from ML
CVE-2018-18133,937,vuln_status,rejected,expected_exclusion,Retained in master; excluded from ML
CVE-2018-18134,938,vuln_status,rejected,expected_exclusion,Retained in master; excluded from ML
CVE-2018-18135,939,vuln_status,rejected,expected_exclusion,Retained in master; excluded from ML
CVE-2018-18136,940,vuln_status,rejected,expected_exclusion,Retained in master; excluded from ML
CVE-2018-18137,941,vuln_status,rejected,expected_exclusion,Retained in master; excluded from ML
CVE-2018-18138,942,vuln_status,rejected,expected_exclusion,Retained in master; excluded from ML
CVE-2018-18139,943,vuln_status,rejected,expected_exclusion,Retained in master; excluded from ML
CVE-2018-18140,944,vuln_status,rejected,expected_exclusion,Retained in master; excluded from ML
CVE-2018-18141,945,vuln_status,rejected,expected_exclusion,Retained in master; excluded from ML
CVE-2018-18142,946,vuln_status,rejected,expected_exclusion,Retained in master; excluded from ML
CVE-2018-18143,947,vuln_status,rejected,expected_exclusion,Retained in master; excluded from ML
CVE-2018-18144,948,vuln_status,rejected,expected_exclusion,Retained in master; excluded from ML
CVE-2018-18145,949,vuln_status,rejected,expected_exclusion,Retained in master; excluded from ML
CVE-2018-18146,950,vuln_status,rejected,expected_exclusion,Retained in master; excluded from ML
CVE-2018-18147,951,vuln_status,rejected,expected_exclusion,Retained in master; excluded from ML
CVE-2018-18148,952,vuln_status,rejected,expected_exclusion,Retained in master; excluded from ML
CVE-2018-18149,953,vuln_status,rejected,expected_exclusion,Retained in master; excluded from ML
CVE-2018-18150,954,vuln_status,rejected,expected_exclusion,Retained in master; excluded from ML
CVE-2018-18151,955,vuln_status,rejected,expected_exclusion,Retained in master; excluded from ML
CVE-2018-18152,956,vuln_status,rejected,expected_exclusion,Retained in master; excluded from ML
CVE-2018-18153,957,vuln_status,rejected,expected_exclusion,Retained in master; excluded from ML
CVE-2018-18154,958,vuln_status,rejected,expected_exclusion,Retained in master; excluded from ML
CVE-2018-18155,959,vuln_status,rejected,expected_exclusion,Retained in master; excluded from ML
CVE-2018-18156,960,vuln_status,rejected,expected_exclusion,Retained in master; excluded from ML
CVE-2018-18157,961,vuln_status,rejected,expected_exclusion,Retained in master; excluded from ML
CVE-2018-18158,962,vuln_status,rejected,expected_exclusion,Retained in master; excluded from ML
CVE-2018-18159,963,vuln_status,rejected,expected_exclusion,Retained in master; excluded from ML
CVE-2018-18160,964,vuln_status,rejected,expected_exclusion,Retained in master; excluded from ML
CVE-2018-18161,965,vuln_status,rejected,expected_exclusion,Retained in master; excluded from ML
CVE-2018-18162,966,vuln_status,rejected,expected_exclusion,Retained in master; excluded from ML
CVE-2018-18163,967,vuln_status,rejected,expected_exclusion,Retained in master; excluded from ML
CVE-2018-18164,968,vuln_status,rejected,expected_exclusion,Retained in master; excluded from ML
CVE-2018-18165,969,vuln_status,rejected,expected_exclusion,Retained in master; excluded from ML
CVE-2018-18166,970,vuln_status,rejected,expected_exclusion,Retained in master; excluded from ML
CVE-2018-18167,971,vuln_status,rejected,expected_exclusion,Retained in master; excluded from ML
CVE-2018-18168,972,vuln_status,rejected,expected_exclusion,Retained in master; excluded from ML
CVE-2018-18169,973,vuln_status,rejected,expected_exclusion,Retained in master; excluded from ML
CVE-2018-18170,974,vuln_status,rejected,expected_exclusion,Retained in master; excluded from ML
CVE-2018-18171,975,vuln_status,rejected,expected_exclusion,Retained in master; excluded from ML
CVE-2018-18172,976,vuln_status,rejected,expected_exclusion,Retained in master; excluded from ML
CVE-2018-18173,977,vuln_status,rejected,expected_exclusion,Retained in master; excluded from ML
CVE-2018-18174,978,vuln_status,rejected,expected_exclusion,Retained in master; excluded from ML
CVE-2018-18175,979,vuln_status,rejected,expected_exclusion,Retained in master; excluded from ML
CVE-2018-18176,980,vuln_status,rejected,expected_exclusion,Retained in master; excluded from ML
CVE-2018-18177,981,vuln_status,rejected,expected_exclusion,Retained in master; excluded from ML
CVE-2018-18178,982,vuln_status,rejected,expected_exclusion,Retained in master; excluded from ML
CVE-2018-18179,983,vuln_status,rejected,expected_exclusion,Retained in master; excluded from ML
CVE-2018-18180,984,vuln_status,rejected,expected_exclusion,Retained in master; excluded from ML
CVE-2018-18181,985,vuln_status,rejected,expected_exclusion,Retained in master; excluded from ML
CVE-2018-18182,986,vuln_status,rejected,expected_exclusion,Retained in master; excluded from ML
CVE-2018-18183,987,vuln_status,rejected,expected_exclusion,Retained in master; excluded from ML
CVE-2018-18184,988,vuln_status,rejected,expected_exclusion,Retained in master; excluded from ML
CVE-2018-18185,989,vuln_status,rejected,expected_exclusion,Retained in master; excluded from ML
CVE-2018-18186,990,vuln_status,rejected,expected_exclusion,Retained in master; excluded from ML
CVE-2018-18187,991,vuln_status,rejected,expected_exclusion,Retained in master; excluded from ML
CVE-2018-18188,992,vuln_status,rejected,expected_exclusion,Retained in master; excluded from ML
CVE-2018-20104,994,vuln_status,rejected,expected_exclusion,Retained in master; excluded from ML
CVE-2018-3614,1041,vuln_status,rejected,expected_exclusion,Retained in master; excluded from ML
CVE-2018-3618,1042,vuln_status,rejected,expected_exclusion,Retained in master; excluded from ML
CVE-2018-3622,1043,vuln_status,rejected,expected_exclusion,Retained in master; excluded from ML
CVE-2018-3623,1044,vuln_status,rejected,expected_exclusion,Retained in master; excluded from ML
CVE-2018-3625,1045,vuln_status,rejected,expected_exclusion,Retained in master; excluded from ML
CVE-2018-3631,1046,vuln_status,rejected,expected_exclusion,Retained in master; excluded from ML
CVE-2018-3636,1047,vuln_status,rejected,expected_exclusion,Retained in master; excluded from ML
CVE-2018-3637,1048,vuln_status,rejected,expected_exclusion,Retained in master; excluded from ML
CVE-2018-3642,1049,vuln_status,rejected,expected_exclusion,Retained in master; excluded from ML
CVE-2018-3644,1050,vuln_status,rejected,expected_exclusion,Retained in master; excluded from ML
CVE-2018-3647,1051,vuln_status,rejected,expected_exclusion,Retained in master; excluded from ML
CVE-2018-3648,1052,vuln_status,rejected,expected_exclusion,Retained in master; excluded from ML
CVE-2018-3651,1053,vuln_status,rejected,expected_exclusion,Retained in master; excluded from ML
CVE-2018-3653,1054,vuln_status,rejected,expected_exclusion,Retained in master; excluded from ML
CVE-2018-3654,1055,vuln_status,rejected,expected_exclusion,Retained in master; excluded from ML
CVE-2018-3656,1056,vuln_status,rejected,expected_exclusion,Retained in master; excluded from ML
CVE-2018-3660,1057,vuln_status,rejected,expected_exclusion,Retained in master; excluded from ML
CVE-2018-3664,1058,vuln_status,rejected,expected_exclusion,Retained in master; excluded from ML
CVE-2018-3673,1059,vuln_status,rejected,expected_exclusion,Retained in master; excluded from ML
CVE-2018-3674,1060,vuln_status,rejected,expected_exclusion,Retained in master; excluded from ML
CVE-2018-3675,1061,vuln_status,rejected,expected_exclusion,Retained in master; excluded from ML
CVE-2018-3676,1062,vuln_status,rejected,expected_exclusion,Retained in master; excluded from ML
CVE-2018-3677,1063,vuln_status,rejected,expected_exclusion,Retained in master; excluded from ML
CVE-2018-3678,1064,vuln_status,rejected,expected_exclusion,Retained in master; excluded from ML
CVE-2018-3680,1065,vuln_status,rejected,expected_exclusion,Retained in master; excluded from ML
CVE-2018-3681,1066,vuln_status,rejected,expected_exclusion,Retained in master; excluded from ML
CVE-2018-3685,1067,vuln_status,rejected,expected_exclusion,Retained in master; excluded from ML
CVE-2018-3692,1068,vuln_status,rejected,expected_exclusion,Retained in master; excluded from ML
CVE-2018-3694,1069,vuln_status,rejected,expected_exclusion,Retained in master; excluded from ML
CVE-2018-3695,1070,vuln_status,rejected,expected_exclusion,Retained in master; excluded from ML
CVE-2018-3706,1071,vuln_status,rejected,expected_exclusion,Retained in master; excluded from ML
CVE-2018-3707,1072,vuln_status,rejected,expected_exclusion,Retained in master; excluded from ML
CVE-2018-3708,1073,vuln_status,rejected,expected_exclusion,Retained in master; excluded from ML
CVE-2018-3709,1074,vuln_status,rejected,expected_exclusion,Retained in master; excluded from ML
CVE-2018-4466,1075,vuln_status,rejected,expected_exclusion,Retained in master; excluded from ML
CVE-2018-4469,1076,vuln_status,rejected,expected_exclusion,Retained in master; excluded from ML
CVE-2018-4471,1077,vuln_status,rejected,expected_exclusion,Retained in master; excluded from ML
CVE-2018-4472,1078,vuln_status,rejected,expected_exclusion,Retained in master; excluded from ML
CVE-2018-4473,1079,vuln_status,rejected,expected_exclusion,Retained in master; excluded from ML
CVE-2018-4475,1080,vuln_status,rejected,expected_exclusion,Retained in master; excluded from ML
CVE-2018-4476,1081,vuln_status,rejected,expected_exclusion,Retained in master; excluded from ML
CVE-2018-4477,1082,vuln_status,rejected,expected_exclusion,Retained in master; excluded from ML
CVE-2018-4479,1083,vuln_status,rejected,expected_exclusion,Retained in master; excluded from ML
CVE-2018-4480,1084,vuln_status,rejected,expected_exclusion,Retained in master; excluded from ML
CVE-2018-4481,1085,vuln_status,rejected,expected_exclusion,Retained in master; excluded from ML
CVE-2018-4482,1086,vuln_status,rejected,expected_exclusion,Retained in master; excluded from ML
CVE-2018-4483,1087,vuln_status,rejected,expected_exclusion,Retained in master; excluded from ML
CVE-2018-4484,1088,vuln_status,rejected,expected_exclusion,Retained in master; excluded from ML
CVE-2018-4485,1089,vuln_status,rejected,expected_exclusion,Retained in master; excluded from ML
CVE-2018-4486,1090,vuln_status,rejected,expected_exclusion,Retained in master; excluded from ML
CVE-2018-4487,1091,vuln_status,rejected,expected_exclusion,Retained in master; excluded from ML
CVE-2018-4488,1092,vuln_status,rejected,expected_exclusion,Retained in master; excluded from ML
CVE-2018-4489,1093,vuln_status,rejected,expected_exclusion,Retained in master; excluded from ML
CVE-2018-4490,1094,vuln_status,rejected,expected_exclusion,Retained in master; excluded from ML
CVE-2018-4491,1095,vuln_status,rejected,expected_exclusion,Retained in master; excluded from ML
CVE-2018-4492,1096,vuln_status,rejected,expected_exclusion,Retained in master; excluded from ML
CVE-2018-4493,1097,vuln_status,rejected,expected_exclusion,Retained in master; excluded from ML
CVE-2018-4494,1098,vuln_status,rejected,expected_exclusion,Retained in master; excluded from ML
CVE-2018-4495,1099,vuln_status,rejected,expected_exclusion,Retained in master; excluded from ML
CVE-2018-4496,1100,vuln_status,rejected,expected_exclusion,Retained in master; excluded from ML
CVE-2018-4497,1101,vuln_status,rejected,expected_exclusion,Retained in master; excluded from ML
CVE-2018-4498,1102,vuln_status,rejected,expected_exclusion,Retained in master; excluded from ML
CVE-2018-4499,1103,vuln_status,rejected,expected_exclusion,Retained in master; excluded from ML
CVE-2018-4500,1104,vuln_status,rejected,expected_exclusion,Retained in master; excluded from ML
CVE-2018-4501,1105,vuln_status,rejected,expected_exclusion,Retained in master; excluded from ML
CVE-2018-4502,1106,vuln_status,rejected,expected_exclusion,Retained in master; excluded from ML
CVE-2018-4503,1107,vuln_status,rejected,expected_exclusion,Retained in master; excluded from ML
CVE-2018-4504,1108,vuln_status,rejected,expected_exclusion,Retained in master; excluded from ML
CVE-2018-4505,1109,vuln_status,rejected,expected_exclusion,Retained in master; excluded from ML
CVE-2018-4506,1110,vuln_status,rejected,expected_exclusion,Retained in master; excluded from ML
CVE-2018-4507,1111,vuln_status,rejected,expected_exclusion,Retained in master; excluded from ML
CVE-2018-4508,1112,vuln_status,rejected,expected_exclusion,Retained in master; excluded from ML
CVE-2018-4509,1113,vuln_status,rejected,expected_exclusion,Retained in master; excluded from ML
CVE-2018-4510,1114,vuln_status,rejected,expected_exclusion,Retained in master; excluded from ML
CVE-2018-4511,1115,vuln_status,rejected,expected_exclusion,Retained in master; excluded from ML
CVE-2018-4512,1116,vuln_status,rejected,expected_exclusion,Retained in master; excluded from ML
CVE-2018-4513,1117,vuln_status,rejected,expected_exclusion,Retained in master; excluded from ML
CVE-2018-4514,1118,vuln_status,rejected,expected_exclusion,Retained in master; excluded from ML
CVE-2018-4515,1119,vuln_status,rejected,expected_exclusion,Retained in master; excluded from ML
CVE-2018-4516,1120,vuln_status,rejected,expected_exclusion,Retained in master; excluded from ML
CVE-2018-4517,1121,vuln_status,rejected,expected_exclusion,Retained in master; excluded from ML
CVE-2018-4518,1122,vuln_status,rejected,expected_exclusion,Retained in master; excluded from ML
CVE-2018-4519,1123,vuln_status,rejected,expected_exclusion,Retained in master; excluded from ML
CVE-2018-4520,1124,vuln_status,rejected,expected_exclusion,Retained in master; excluded from ML
CVE-2018-4521,1125,vuln_status,rejected,expected_exclusion,Retained in master; excluded from ML
CVE-2018-4522,1126,vuln_status,rejected,expected_exclusion,Retained in master; excluded from ML
CVE-2018-4523,1127,vuln_status,rejected,expected_exclusion,Retained in master; excluded from ML
CVE-2018-4524,1128,vuln_status,rejected,expected_exclusion,Retained in master; excluded from ML
CVE-2018-4525,1129,vuln_status,rejected,expected_exclusion,Retained in master; excluded from ML
CVE-2018-4526,1130,vuln_status,rejected,expected_exclusion,Retained in master; excluded from ML
CVE-2018-4527,1131,vuln_status,rejected,expected_exclusion,Retained in master; excluded from ML
CVE-2018-4528,1132,vuln_status,rejected,expected_exclusion,Retained in master; excluded from ML
CVE-2018-4529,1133,vuln_status,rejected,expected_exclusion,Retained in master; excluded from ML
CVE-2018-4530,1134,vuln_status,rejected,expected_exclusion,Retained in master; excluded from ML
CVE-2018-4531,1135,vuln_status,rejected,expected_exclusion,Retained in master; excluded from ML
CVE-2018-4532,1136,vuln_status,rejected,expected_exclusion,Retained in master; excluded from ML
CVE-2018-4533,1137,vuln_status,rejected,expected_exclusion,Retained in master; excluded from ML
CVE-2018-4534,1138,vuln_status,rejected,expected_exclusion,Retained in master; excluded from ML
CVE-2018-4535,1139,vuln_status,rejected,expected_exclusion,Retained in master; excluded from ML
CVE-2018-4536,1140,vuln_status,rejected,expected_exclusion,Retained in master; excluded from ML
CVE-2018-4537,1141,vuln_status,rejected,expected_exclusion,Retained in master; excluded from ML
CVE-2018-4538,1142,vuln_status,rejected,expected_exclusion,Retained in master; excluded from ML
CVE-2018-4539,1143,vuln_status,rejected,expected_exclusion,Retained in master; excluded from ML
CVE-2018-4540,1144,vuln_status,rejected,expected_exclusion,Retained in master; excluded from ML
CVE-2018-4541,1145,vuln_status,rejected,expected_exclusion,Retained in master; excluded from ML
CVE-2018-4542,1146,vuln_status,rejected,expected_exclusion,Retained in master; excluded from ML
CVE-2018-4543,1147,vuln_status,rejected,expected_exclusion,Retained in master; excluded from ML
CVE-2018-4544,1148,vuln_status,rejected,expected_exclusion,Retained in master; excluded from ML
CVE-2018-4545,1149,vuln_status,rejected,expected_exclusion,Retained in master; excluded from ML
CVE-2018-4546,1150,vuln_status,rejected,expected_exclusion,Retained in master; excluded from ML
CVE-2018-4547,1151,vuln_status,rejected,expected_exclusion,Retained in master; excluded from ML
CVE-2018-4548,1152,vuln_status,rejected,expected_exclusion,Retained in master; excluded from ML
CVE-2018-4549,1153,vuln_status,rejected,expected_exclusion,Retained in master; excluded from ML
CVE-2018-4550,1154,vuln_status,rejected,expected_exclusion,Retained in master; excluded from ML
CVE-2018-4551,1155,vuln_status,rejected,expected_exclusion,Retained in master; excluded from ML
CVE-2018-4552,1156,vuln_status,rejected,expected_exclusion,Retained in master; excluded from ML
CVE-2018-4553,1157,vuln_status,rejected,expected_exclusion,Retained in master; excluded from ML
CVE-2018-4554,1158,vuln_status,rejected,expected_exclusion,Retained in master; excluded from ML
CVE-2018-4555,1159,vuln_status,rejected,expected_exclusion,Retained in master; excluded from ML
CVE-2018-4556,1160,vuln_status,rejected,expected_exclusion,Retained in master; excluded from ML
CVE-2018-4557,1161,vuln_status,rejected,expected_exclusion,Retained in master; excluded from ML
CVE-2018-4558,1162,vuln_status,rejected,expected_exclusion,Retained in master; excluded from ML
CVE-2018-4559,1163,vuln_status,rejected,expected_exclusion,Retained in master; excluded from ML
CVE-2018-4560,1164,vuln_status,rejected,expected_exclusion,Retained in master; excluded from ML
CVE-2018-4561,1165,vuln_status,rejected,expected_exclusion,Retained in master; excluded from ML
CVE-2018-4562,1166,vuln_status,rejected,expected_exclusion,Retained in master; excluded from ML
CVE-2018-4563,1167,vuln_status,rejected,expected_exclusion,Retained in master; excluded from ML
CVE-2018-4564,1168,vuln_status,rejected,expected_exclusion,Retained in master; excluded from ML
CVE-2018-4565,1169,vuln_status,rejected,expected_exclusion,Retained in master; excluded from ML
CVE-2018-4566,1170,vuln_status,rejected,expected_exclusion,Retained in master; excluded from ML
CVE-2018-4567,1171,vuln_status,rejected,expected_exclusion,Retained in master; excluded from ML
CVE-2018-4568,1172,vuln_status,rejected,expected_exclusion,Retained in master; excluded from ML
CVE-2018-4569,1173,vuln_status,rejected,expected_exclusion,Retained in master; excluded from ML
CVE-2018-4570,1174,vuln_status,rejected,expected_exclusion,Retained in master; excluded from ML
CVE-2018-4571,1175,vuln_status,rejected,expected_exclusion,Retained in master; excluded from ML
CVE-2018-4572,1176,vuln_status,rejected,expected_exclusion,Retained in master; excluded from ML
CVE-2018-4573,1177,vuln_status,rejected,expected_exclusion,Retained in master; excluded from ML
CVE-2018-4574,1178,vuln_status,rejected,expected_exclusion,Retained in master; excluded from ML
CVE-2018-4575,1179,vuln_status,rejected,expected_exclusion,Retained in master; excluded from ML
CVE-2018-4576,1180,vuln_status,rejected,expected_exclusion,Retained in master; excluded from ML
CVE-2018-4577,1181,vuln_status,rejected,expected_exclusion,Retained in master; excluded from ML
CVE-2018-4578,1182,vuln_status,rejected,expected_exclusion,Retained in master; excluded from ML
CVE-2018-4579,1183,vuln_status,rejected,expected_exclusion,Retained in master; excluded from ML
CVE-2018-4580,1184,vuln_status,rejected,expected_exclusion,Retained in master; excluded from ML
CVE-2018-4581,1185,vuln_status,rejected,expected_exclusion,Retained in master; excluded from ML
CVE-2018-4582,1186,vuln_status,rejected,expected_exclusion,Retained in master; excluded from ML
CVE-2018-4583,1187,vuln_status,rejected,expected_exclusion,Retained in master; excluded from ML
CVE-2018-4584,1188,vuln_status,rejected,expected_exclusion,Retained in master; excluded from ML
CVE-2018-4585,1189,vuln_status,rejected,expected_exclusion,Retained in master; excluded from ML
CVE-2018-4586,1190,vuln_status,rejected,expected_exclusion,Retained in master; excluded from ML
CVE-2018-4587,1191,vuln_status,rejected,expected_exclusion,Retained in master; excluded from ML
CVE-2018-4588,1192,vuln_status,rejected,expected_exclusion,Retained in master; excluded from ML
CVE-2018-4589,1193,vuln_status,rejected,expected_exclusion,Retained in master; excluded from ML
CVE-2018-4590,1194,vuln_status,rejected,expected_exclusion,Retained in master; excluded from ML
CVE-2018-4591,1195,vuln_status,rejected,expected_exclusion,Retained in master; excluded from ML
CVE-2018-4592,1196,vuln_status,rejected,expected_exclusion,Retained in master; excluded from ML
CVE-2018-4593,1197,vuln_status,rejected,expected_exclusion,Retained in master; excluded from ML
CVE-2018-4594,1198,vuln_status,rejected,expected_exclusion,Retained in master; excluded from ML
CVE-2018-4595,1199,vuln_status,rejected,expected_exclusion,Retained in master; excluded from ML
CVE-2018-4596,1200,vuln_status,rejected,expected_exclusion,Retained in master; excluded from ML
CVE-2018-4597,1201,vuln_status,rejected,expected_exclusion,Retained in master; excluded from ML
CVE-2018-4598,1202,vuln_status,rejected,expected_exclusion,Retained in master; excluded from ML
CVE-2018-4599,1203,vuln_status,rejected,expected_exclusion,Retained in master; excluded from ML
CVE-2018-4600,1204,vuln_status,rejected,expected_exclusion,Retained in master; excluded from ML
CVE-2018-4601,1205,vuln_status,rejected,expected_exclusion,Retained in master; excluded from ML
CVE-2018-4602,1206,vuln_status,rejected,expected_exclusion,Retained in master; excluded from ML
CVE-2018-4603,1207,vuln_status,rejected,expected_exclusion,Retained in master; excluded from ML
CVE-2018-4604,1208,vuln_status,rejected,expected_exclusion,Retained in master; excluded from ML
CVE-2018-4605,1209,vuln_status,rejected,expected_exclusion,Retained in master; excluded from ML
CVE-2018-4606,1210,vuln_status,rejected,expected_exclusion,Retained in master; excluded from ML
CVE-2018-4607,1211,vuln_status,rejected,expected_exclusion,Retained in master; excluded from ML
CVE-2018-4608,1212,vuln_status,rejected,expected_exclusion,Retained in master; excluded from ML
CVE-2018-4609,1213,vuln_status,rejected,expected_exclusion,Retained in master; excluded from ML
CVE-2018-4610,1214,vuln_status,rejected,expected_exclusion,Retained in master; excluded from ML
CVE-2018-4611,1215,vuln_status,rejected,expected_exclusion,Retained in master; excluded from ML
CVE-2018-4612,1216,vuln_status,rejected,expected_exclusion,Retained in master; excluded from ML
CVE-2018-4613,1217,vuln_status,rejected,expected_exclusion,Retained in master; excluded from ML
CVE-2018-4614,1218,vuln_status,rejected,expected_exclusion,Retained in master; excluded from ML
CVE-2018-4615,1219,vuln_status,rejected,expected_exclusion,Retained in master; excluded from ML
CVE-2018-4616,1220,vuln_status,rejected,expected_exclusion,Retained in master; excluded from ML
CVE-2018-4617,1221,vuln_status,rejected,expected_exclusion,Retained in master; excluded from ML
CVE-2018-4618,1222,vuln_status,rejected,expected_exclusion,Retained in master; excluded from ML
CVE-2018-4619,1223,vuln_status,rejected,expected_exclusion,Retained in master; excluded from ML
CVE-2018-4620,1224,vuln_status,rejected,expected_exclusion,Retained in master; excluded from ML
CVE-2018-4621,1225,vuln_status,rejected,expected_exclusion,Retained in master; excluded from ML
CVE-2018-4622,1226,vuln_status,rejected,expected_exclusion,Retained in master; excluded from ML
CVE-2018-4623,1227,vuln_status,rejected,expected_exclusion,Retained in master; excluded from ML
CVE-2018-4624,1228,vuln_status,rejected,expected_exclusion,Retained in master; excluded from ML
CVE-2018-4625,1229,vuln_status,rejected,expected_exclusion,Retained in master; excluded from ML
CVE-2018-4626,1230,vuln_status,rejected,expected_exclusion,Retained in master; excluded from ML
CVE-2018-4627,1231,vuln_status,rejected,expected_exclusion,Retained in master; excluded from ML
CVE-2018-4628,1232,vuln_status,rejected,expected_exclusion,Retained in master; excluded from ML
CVE-2018-4629,1233,vuln_status,rejected,expected_exclusion,Retained in master; excluded from ML
CVE-2018-4630,1234,vuln_status,rejected,expected_exclusion,Retained in master; excluded from ML
CVE-2018-4631,1235,vuln_status,rejected,expected_exclusion,Retained in master; excluded from ML
CVE-2018-4632,1236,vuln_status,rejected,expected_exclusion,Retained in master; excluded from ML
CVE-2018-4633,1237,vuln_status,rejected,expected_exclusion,Retained in master; excluded from ML
CVE-2018-4634,1238,vuln_status,rejected,expected_exclusion,Retained in master; excluded from ML
CVE-2018-4635,1239,vuln_status,rejected,expected_exclusion,Retained in master; excluded from ML
CVE-2018-4636,1240,vuln_status,rejected,expected_exclusion,Retained in master; excluded from ML
CVE-2018-4637,1241,vuln_status,rejected,expected_exclusion,Retained in master; excluded from ML
CVE-2018-4638,1242,vuln_status,rejected,expected_exclusion,Retained in master; excluded from ML
CVE-2018-4639,1243,vuln_status,rejected,expected_exclusion,Retained in master; excluded from ML
CVE-2018-4640,1244,vuln_status,rejected,expected_exclusion,Retained in master; excluded from ML
CVE-2018-4641,1245,vuln_status,rejected,expected_exclusion,Retained in master; excluded from ML
CVE-2018-4642,1246,vuln_status,rejected,expected_exclusion,Retained in master; excluded from ML
CVE-2018-4643,1247,vuln_status,rejected,expected_exclusion,Retained in master; excluded from ML
CVE-2018-4644,1248,vuln_status,rejected,expected_exclusion,Retained in master; excluded from ML
CVE-2018-4645,1249,vuln_status,rejected,expected_exclusion,Retained in master; excluded from ML
CVE-2018-4646,1250,vuln_status,rejected,expected_exclusion,Retained in master; excluded from ML
CVE-2018-4647,1251,vuln_status,rejected,expected_exclusion,Retained in master; excluded from ML
CVE-2018-4648,1252,vuln_status,rejected,expected_exclusion,Retained in master; excluded from ML
CVE-2018-4649,1253,vuln_status,rejected,expected_exclusion,Retained in master; excluded from ML
CVE-2018-4650,1254,vuln_status,rejected,expected_exclusion,Retained in master; excluded from ML
CVE-2018-4651,1255,vuln_status,rejected,expected_exclusion,Retained in master; excluded from ML
CVE-2018-4652,1256,vuln_status,rejected,expected_exclusion,Retained in master; excluded from ML
CVE-2018-4653,1257,vuln_status,rejected,expected_exclusion,Retained in master; excluded from ML
CVE-2018-4654,1258,vuln_status,rejected,expected_exclusion,Retained in master; excluded from ML
CVE-2018-4655,1259,vuln_status,rejected,expected_exclusion,Retained in master; excluded from ML
CVE-2018-4656,1260,vuln_status,rejected,expected_exclusion,Retained in master; excluded from ML
CVE-2018-4657,1261,vuln_status,rejected,expected_exclusion,Retained in master; excluded from ML
CVE-2018-4658,1262,vuln_status,rejected,expected_exclusion,Retained in master; excluded from ML
CVE-2018-4659,1263,vuln_status,rejected,expected_exclusion,Retained in master; excluded from ML
CVE-2018-4660,1264,vuln_status,rejected,expected_exclusion,Retained in master; excluded from ML
CVE-2018-4661,1265,vuln_status,rejected,expected_exclusion,Retained in master; excluded from ML
CVE-2018-4662,1266,vuln_status,rejected,expected_exclusion,Retained in master; excluded from ML
CVE-2018-4663,1267,vuln_status,rejected,expected_exclusion,Retained in master; excluded from ML
CVE-2018-4664,1268,vuln_status,rejected,expected_exclusion,Retained in master; excluded from ML
CVE-2018-4665,1269,vuln_status,rejected,expected_exclusion,Retained in master; excluded from ML
CVE-2018-4666,1270,vuln_status,rejected,expected_exclusion,Retained in master; excluded from ML
CVE-2018-4667,1271,vuln_status,rejected,expected_exclusion,Retained in master; excluded from ML
CVE-2018-4668,1272,vuln_status,rejected,expected_exclusion,Retained in master; excluded from ML
CVE-2018-4669,1273,vuln_status,rejected,expected_exclusion,Retained in master; excluded from ML
CVE-2018-4670,1274,vuln_status,rejected,expected_exclusion,Retained in master; excluded from ML
CVE-2018-4671,1275,vuln_status,rejected,expected_exclusion,Retained in master; excluded from ML
CVE-2018-4672,1276,vuln_status,rejected,expected_exclusion,Retained in master; excluded from ML
CVE-2018-4673,1277,vuln_status,rejected,expected_exclusion,Retained in master; excluded from ML
CVE-2018-4674,1278,vuln_status,rejected,expected_exclusion,Retained in master; excluded from ML
CVE-2018-4675,1279,vuln_status,rejected,expected_exclusion,Retained in master; excluded from ML
CVE-2018-4676,1280,vuln_status,rejected,expected_exclusion,Retained in master; excluded from ML
CVE-2018-4677,1281,vuln_status,rejected,expected_exclusion,Retained in master; excluded from ML
CVE-2018-4678,1282,vuln_status,rejected,expected_exclusion,Retained in master; excluded from ML
CVE-2018-4679,1283,vuln_status,rejected,expected_exclusion,Retained in master; excluded from ML
CVE-2018-4680,1284,vuln_status,rejected,expected_exclusion,Retained in master; excluded from ML
CVE-2018-4681,1285,vuln_status,rejected,expected_exclusion,Retained in master; excluded from ML
CVE-2018-4682,1286,vuln_status,rejected,expected_exclusion,Retained in master; excluded from ML
CVE-2018-4683,1287,vuln_status,rejected,expected_exclusion,Retained in master; excluded from ML
CVE-2018-4684,1288,vuln_status,rejected,expected_exclusion,Retained in master; excluded from ML
CVE-2018-4685,1289,vuln_status,rejected,expected_exclusion,Retained in master; excluded from ML
CVE-2018-4686,1290,vuln_status,rejected,expected_exclusion,Retained in master; excluded from ML
CVE-2018-4687,1291,vuln_status,rejected,expected_exclusion,Retained in master; excluded from ML
CVE-2018-4688,1292,vuln_status,rejected,expected_exclusion,Retained in master; excluded from ML
CVE-2018-4689,1293,vuln_status,rejected,expected_exclusion,Retained in master; excluded from ML
CVE-2018-4690,1294,vuln_status,rejected,expected_exclusion,Retained in master; excluded from ML
CVE-2018-4691,1295,vuln_status,rejected,expected_exclusion,Retained in master; excluded from ML
CVE-2018-4692,1296,vuln_status,rejected,expected_exclusion,Retained in master; excluded from ML
CVE-2018-4693,1297,vuln_status,rejected,expected_exclusion,Retained in master; excluded from ML
CVE-2018-4694,1298,vuln_status,rejected,expected_exclusion,Retained in master; excluded from ML
CVE-2018-4695,1299,vuln_status,rejected,expected_exclusion,Retained in master; excluded from ML
CVE-2018-4696,1300,vuln_status,rejected,expected_exclusion,Retained in master; excluded from ML
CVE-2018-4697,1301,vuln_status,rejected,expected_exclusion,Retained in master; excluded from ML
CVE-2018-4698,1302,vuln_status,rejected,expected_exclusion,Retained in master; excluded from ML
CVE-2018-4699,1303,vuln_status,rejected,expected_exclusion,Retained in master; excluded from ML
CVE-2018-4701,1304,vuln_status,rejected,expected_exclusion,Retained in master; excluded from ML
CVE-2018-4702,1305,vuln_status,rejected,expected_exclusion,Retained in master; excluded from ML
CVE-2018-4703,1306,vuln_status,rejected,expected_exclusion,Retained in master; excluded from ML
CVE-2018-4704,1307,vuln_status,rejected,expected_exclusion,Retained in master; excluded from ML
CVE-2018-4705,1308,vuln_status,rejected,expected_exclusion,Retained in master; excluded from ML
CVE-2018-4706,1309,vuln_status,rejected,expected_exclusion,Retained in master; excluded from ML
CVE-2018-4707,1310,vuln_status,rejected,expected_exclusion,Retained in master; excluded from ML
CVE-2018-4708,1311,vuln_status,rejected,expected_exclusion,Retained in master; excluded from ML
CVE-2018-4709,1312,vuln_status,rejected,expected_exclusion,Retained in master; excluded from ML
CVE-2018-4710,1313,vuln_status,rejected,expected_exclusion,Retained in master; excluded from ML
CVE-2018-4711,1314,vuln_status,rejected,expected_exclusion,Retained in master; excluded from ML
CVE-2018-4712,1315,vuln_status,rejected,expected_exclusion,Retained in master; excluded from ML
CVE-2018-4713,1316,vuln_status,rejected,expected_exclusion,Retained in master; excluded from ML
CVE-2018-4714,1317,vuln_status,rejected,expected_exclusion,Retained in master; excluded from ML
CVE-2018-4715,1318,vuln_status,rejected,expected_exclusion,Retained in master; excluded from ML
CVE-2018-4716,1319,vuln_status,rejected,expected_exclusion,Retained in master; excluded from ML
CVE-2018-4717,1320,vuln_status,rejected,expected_exclusion,Retained in master; excluded from ML
CVE-2018-4718,1321,vuln_status,rejected,expected_exclusion,Retained in master; excluded from ML
CVE-2018-4719,1322,vuln_status,rejected,expected_exclusion,Retained in master; excluded from ML
CVE-2018-4720,1323,vuln_status,rejected,expected_exclusion,Retained in master; excluded from ML
CVE-2018-4721,1324,vuln_status,rejected,expected_exclusion,Retained in master; excluded from ML
CVE-2018-4722,1325,vuln_status,rejected,expected_exclusion,Retained in master; excluded from ML
CVE-2018-4723,1326,vuln_status,rejected,expected_exclusion,Retained in master; excluded from ML
CVE-2018-4724,1327,vuln_status,rejected,expected_exclusion,Retained in master; excluded from ML
CVE-2018-4725,1328,vuln_status,rejected,expected_exclusion,Retained in master; excluded from ML
CVE-2018-4726,1329,vuln_status,rejected,expected_exclusion,Retained in master; excluded from ML
CVE-2018-4727,1330,vuln_status,rejected,expected_exclusion,Retained in master; excluded from ML
CVE-2018-4728,1331,vuln_status,rejected,expected_exclusion,Retained in master; excluded from ML
CVE-2018-4729,1332,vuln_status,rejected,expected_exclusion,Retained in master; excluded from ML
CVE-2018-4730,1333,vuln_status,rejected,expected_exclusion,Retained in master; excluded from ML
CVE-2018-4731,1334,vuln_status,rejected,expected_exclusion,Retained in master; excluded from ML
CVE-2018-4732,1335,vuln_status,rejected,expected_exclusion,Retained in master; excluded from ML
CVE-2018-4733,1336,vuln_status,rejected,expected_exclusion,Retained in master; excluded from ML
CVE-2018-4734,1337,vuln_status,rejected,expected_exclusion,Retained in master; excluded from ML
CVE-2018-4735,1338,vuln_status,rejected,expected_exclusion,Retained in master; excluded from ML
CVE-2018-4736,1339,vuln_status,rejected,expected_exclusion,Retained in master; excluded from ML
CVE-2018-4737,1340,vuln_status,rejected,expected_exclusion,Retained in master; excluded from ML
CVE-2018-4738,1341,vuln_status,rejected,expected_exclusion,Retained in master; excluded from ML
CVE-2018-4739,1342,vuln_status,rejected,expected_exclusion,Retained in master; excluded from ML
CVE-2018-4740,1343,vuln_status,rejected,expected_exclusion,Retained in master; excluded from ML
CVE-2018-4741,1344,vuln_status,rejected,expected_exclusion,Retained in master; excluded from ML
CVE-2018-4742,1345,vuln_status,rejected,expected_exclusion,Retained in master; excluded from ML
CVE-2018-4743,1346,vuln_status,rejected,expected_exclusion,Retained in master; excluded from ML
CVE-2018-4744,1347,vuln_status,rejected,expected_exclusion,Retained in master; excluded from ML
CVE-2018-4745,1348,vuln_status,rejected,expected_exclusion,Retained in master; excluded from ML
CVE-2018-4746,1349,vuln_status,rejected,expected_exclusion,Retained in master; excluded from ML
CVE-2018-4747,1350,vuln_status,rejected,expected_exclusion,Retained in master; excluded from ML
CVE-2018-4748,1351,vuln_status,rejected,expected_exclusion,Retained in master; excluded from ML
CVE-2018-4749,1352,vuln_status,rejected,expected_exclusion,Retained in master; excluded from ML
CVE-2018-4750,1353,vuln_status,rejected,expected_exclusion,Retained in master; excluded from ML
CVE-2018-4751,1354,vuln_status,rejected,expected_exclusion,Retained in master; excluded from ML
CVE-2018-4752,1355,vuln_status,rejected,expected_exclusion,Retained in master; excluded from ML
CVE-2018-4753,1356,vuln_status,rejected,expected_exclusion,Retained in master; excluded from ML
CVE-2018-4754,1357,vuln_status,rejected,expected_exclusion,Retained in master; excluded from ML
CVE-2018-4755,1358,vuln_status,rejected,expected_exclusion,Retained in master; excluded from ML
CVE-2018-4756,1359,vuln_status,rejected,expected_exclusion,Retained in master; excluded from ML
CVE-2018-4757,1360,vuln_status,rejected,expected_exclusion,Retained in master; excluded from ML
CVE-2018-4758,1361,vuln_status,rejected,expected_exclusion,Retained in master; excluded from ML
CVE-2018-4759,1362,vuln_status,rejected,expected_exclusion,Retained in master; excluded from ML
CVE-2018-4760,1363,vuln_status,rejected,expected_exclusion,Retained in master; excluded from ML
CVE-2018-4761,1364,vuln_status,rejected,expected_exclusion,Retained in master; excluded from ML
CVE-2018-4762,1365,vuln_status,rejected,expected_exclusion,Retained in master; excluded from ML
CVE-2018-4763,1366,vuln_status,rejected,expected_exclusion,Retained in master; excluded from ML
CVE-2018-4764,1367,vuln_status,rejected,expected_exclusion,Retained in master; excluded from ML
CVE-2018-4765,1368,vuln_status,rejected,expected_exclusion,Retained in master; excluded from ML
CVE-2018-4766,1369,vuln_status,rejected,expected_exclusion,Retained in master; excluded from ML
CVE-2018-4767,1370,vuln_status,rejected,expected_exclusion,Retained in master; excluded from ML
CVE-2018-4768,1371,vuln_status,rejected,expected_exclusion,Retained in master; excluded from ML
CVE-2018-4769,1372,vuln_status,rejected,expected_exclusion,Retained in master; excluded from ML
CVE-2018-4770,1373,vuln_status,rejected,expected_exclusion,Retained in master; excluded from ML
CVE-2018-4771,1374,vuln_status,rejected,expected_exclusion,Retained in master; excluded from ML
CVE-2018-4772,1375,vuln_status,rejected,expected_exclusion,Retained in master; excluded from ML
CVE-2018-4773,1376,vuln_status,rejected,expected_exclusion,Retained in master; excluded from ML
CVE-2018-4774,1377,vuln_status,rejected,expected_exclusion,Retained in master; excluded from ML
CVE-2018-4775,1378,vuln_status,rejected,expected_exclusion,Retained in master; excluded from ML
CVE-2018-4776,1379,vuln_status,rejected,expected_exclusion,Retained in master; excluded from ML
CVE-2018-4777,1380,vuln_status,rejected,expected_exclusion,Retained in master; excluded from ML
CVE-2018-4778,1381,vuln_status,rejected,expected_exclusion,Retained in master; excluded from ML
CVE-2018-4779,1382,vuln_status,rejected,expected_exclusion,Retained in master; excluded from ML
CVE-2018-4780,1383,vuln_status,rejected,expected_exclusion,Retained in master; excluded from ML
CVE-2018-4781,1384,vuln_status,rejected,expected_exclusion,Retained in master; excluded from ML
CVE-2018-4782,1385,vuln_status,rejected,expected_exclusion,Retained in master; excluded from ML
CVE-2018-4783,1386,vuln_status,rejected,expected_exclusion,Retained in master; excluded from ML
CVE-2018-4784,1387,vuln_status,rejected,expected_exclusion,Retained in master; excluded from ML
CVE-2018-4785,1388,vuln_status,rejected,expected_exclusion,Retained in master; excluded from ML
CVE-2018-4786,1389,vuln_status,rejected,expected_exclusion,Retained in master; excluded from ML
CVE-2018-4787,1390,vuln_status,rejected,expected_exclusion,Retained in master; excluded from ML
CVE-2018-4788,1391,vuln_status,rejected,expected_exclusion,Retained in master; excluded from ML
CVE-2018-4789,1392,vuln_status,rejected,expected_exclusion,Retained in master; excluded from ML
CVE-2018-4790,1393,vuln_status,rejected,expected_exclusion,Retained in master; excluded from ML
CVE-2018-4791,1394,vuln_status,rejected,expected_exclusion,Retained in master; excluded from ML
CVE-2018-4792,1395,vuln_status,rejected,expected_exclusion,Retained in master; excluded from ML
CVE-2018-4793,1396,vuln_status,rejected,expected_exclusion,Retained in master; excluded from ML
CVE-2018-4794,1397,vuln_status,rejected,expected_exclusion,Retained in master; excluded from ML
CVE-2018-4795,1398,vuln_status,rejected,expected_exclusion,Retained in master; excluded from ML
CVE-2018-4796,1399,vuln_status,rejected,expected_exclusion,Retained in master; excluded from ML
CVE-2018-4797,1400,vuln_status,rejected,expected_exclusion,Retained in master; excluded from ML
CVE-2018-4798,1401,vuln_status,rejected,expected_exclusion,Retained in master; excluded from ML
CVE-2018-4799,1402,vuln_status,rejected,expected_exclusion,Retained in master; excluded from ML
CVE-2018-4800,1403,vuln_status,rejected,expected_exclusion,Retained in master; excluded from ML
CVE-2018-4801,1404,vuln_status,rejected,expected_exclusion,Retained in master; excluded from ML
CVE-2018-4802,1405,vuln_status,rejected,expected_exclusion,Retained in master; excluded from ML
CVE-2018-4803,1406,vuln_status,rejected,expected_exclusion,Retained in master; excluded from ML
CVE-2018-4804,1407,vuln_status,rejected,expected_exclusion,Retained in master; excluded from ML
CVE-2018-4805,1408,vuln_status,rejected,expected_exclusion,Retained in master; excluded from ML
CVE-2018-4806,1409,vuln_status,rejected,expected_exclusion,Retained in master; excluded from ML
CVE-2018-4807,1410,vuln_status,rejected,expected_exclusion,Retained in master; excluded from ML
CVE-2018-4808,1411,vuln_status,rejected,expected_exclusion,Retained in master; excluded from ML
CVE-2018-4809,1412,vuln_status,rejected,expected_exclusion,Retained in master; excluded from ML
CVE-2018-4810,1413,vuln_status,rejected,expected_exclusion,Retained in master; excluded from ML
CVE-2018-4811,1414,vuln_status,rejected,expected_exclusion,Retained in master; excluded from ML
CVE-2018-4812,1415,vuln_status,rejected,expected_exclusion,Retained in master; excluded from ML
CVE-2018-4813,1416,vuln_status,rejected,expected_exclusion,Retained in master; excluded from ML
CVE-2018-4814,1417,vuln_status,rejected,expected_exclusion,Retained in master; excluded from ML
CVE-2018-4815,1418,vuln_status,rejected,expected_exclusion,Retained in master; excluded from ML
CVE-2018-4816,1419,vuln_status,rejected,expected_exclusion,Retained in master; excluded from ML
CVE-2018-4817,1420,vuln_status,rejected,expected_exclusion,Retained in master; excluded from ML
CVE-2018-4818,1421,vuln_status,rejected,expected_exclusion,Retained in master; excluded from ML
CVE-2018-4819,1422,vuln_status,rejected,expected_exclusion,Retained in master; excluded from ML
CVE-2018-4820,1423,vuln_status,rejected,expected_exclusion,Retained in master; excluded from ML
CVE-2018-4821,1424,vuln_status,rejected,expected_exclusion,Retained in master; excluded from ML
CVE-2018-4822,1425,vuln_status,rejected,expected_exclusion,Retained in master; excluded from ML
CVE-2018-4823,1426,vuln_status,rejected,expected_exclusion,Retained in master; excluded from ML
CVE-2018-4824,1427,vuln_status,rejected,expected_exclusion,Retained in master; excluded from ML
CVE-2018-4825,1428,vuln_status,rejected,expected_exclusion,Retained in master; excluded from ML
CVE-2018-4826,1429,vuln_status,rejected,expected_exclusion,Retained in master; excluded from ML
CVE-2018-4827,1430,vuln_status,rejected,expected_exclusion,Retained in master; excluded from ML
CVE-2018-4828,1431,vuln_status,rejected,expected_exclusion,Retained in master; excluded from ML
CVE-2018-4829,1432,vuln_status,rejected,expected_exclusion,Retained in master; excluded from ML
CVE-2018-4830,1433,vuln_status,rejected,expected_exclusion,Retained in master; excluded from ML
CVE-2018-4831,1434,vuln_status,rejected,expected_exclusion,Retained in master; excluded from ML
CVE-2018-8661,1438,vuln_status,rejected,expected_exclusion,Retained in master; excluded from ML
CVE-2019-0087,1535,vuln_status,rejected,expected_exclusion,Retained in master; excluded from ML
CVE-2019-0095,1536,vuln_status,rejected,expected_exclusion,Retained in master; excluded from ML
CVE-2019-0100,1537,vuln_status,rejected,expected_exclusion,Retained in master; excluded from ML
CVE-2019-0118,1538,vuln_status,rejected,expected_exclusion,Retained in master; excluded from ML
CVE-2019-0125,1539,vuln_status,rejected,expected_exclusion,Retained in master; excluded from ML
CVE-2019-0133,1540,vuln_status,rejected,expected_exclusion,Retained in master; excluded from ML
CVE-2019-0137,1541,vuln_status,rejected,expected_exclusion,Retained in master; excluded from ML
CVE-2019-0156,1542,vuln_status,rejected,expected_exclusion,Retained in master; excluded from ML
CVE-2019-0167,1543,vuln_status,rejected,expected_exclusion,Retained in master; excluded from ML
CVE-2019-0176,1544,vuln_status,rejected,expected_exclusion,Retained in master; excluded from ML
CVE-2019-11099,1545,vuln_status,rejected,expected_exclusion,Retained in master; excluded from ML
CVE-2019-11115,1546,vuln_status,rejected,expected_exclusion,Retained in master; excluded from ML
CVE-2019-11116,1547,vuln_status,rejected,expected_exclusion,Retained in master; excluded from ML
CVE-2019-11118,1548,vuln_status,rejected,expected_exclusion,Retained in master; excluded from ML
CVE-2019-11122,1549,vuln_status,rejected,expected_exclusion,Retained in master; excluded from ML
CVE-2019-11130,1550,vuln_status,rejected,expected_exclusion,Retained in master; excluded from ML
CVE-2019-11134,1551,vuln_status,rejected,expected_exclusion,Retained in master; excluded from ML
CVE-2019-11138,1552,vuln_status,rejected,expected_exclusion,Retained in master; excluded from ML
CVE-2019-11141,1553,vuln_status,rejected,expected_exclusion,Retained in master; excluded from ML
CVE-2019-11142,1554,vuln_status,rejected,expected_exclusion,Retained in master; excluded from ML
CVE-2019-11144,1555,vuln_status,rejected,expected_exclusion,Retained in master; excluded from ML
CVE-2019-11149,1556,vuln_status,rejected,expected_exclusion,Retained in master; excluded from ML
CVE-2019-11150,1557,vuln_status,rejected,expected_exclusion,Retained in master; excluded from ML
CVE-2019-11158,1558,vuln_status,rejected,expected_exclusion,Retained in master; excluded from ML
CVE-2019-11159,1559,vuln_status,rejected,expected_exclusion,Retained in master; excluded from ML
CVE-2019-11160,1560,vuln_status,rejected,expected_exclusion,Retained in master; excluded from ML
CVE-2019-11161,1561,vuln_status,rejected,expected_exclusion,Retained in master; excluded from ML
CVE-2019-11164,1562,vuln_status,rejected,expected_exclusion,Retained in master; excluded from ML
CVE-2019-11169,1563,vuln_status,rejected,expected_exclusion,Retained in master; excluded from ML
CVE-2019-11176,1564,vuln_status,rejected,expected_exclusion,Retained in master; excluded from ML
CVE-2019-11183,1565,vuln_status,rejected,expected_exclusion,Retained in master; excluded from ML
CVE-2019-11787,1566,vuln_status,rejected,expected_exclusion,Retained in master; excluded from ML
CVE-2019-11788,1567,vuln_status,rejected,expected_exclusion,Retained in master; excluded from ML
CVE-2019-11789,1568,vuln_status,rejected,expected_exclusion,Retained in master; excluded from ML
CVE-2019-11790,1569,vuln_status,rejected,expected_exclusion,Retained in master; excluded from ML
CVE-2019-11791,1570,vuln_status,rejected,expected_exclusion,Retained in master; excluded from ML
CVE-2019-11792,1571,vuln_status,rejected,expected_exclusion,Retained in master; excluded from ML
CVE-2019-11793,1572,vuln_status,rejected,expected_exclusion,Retained in master; excluded from ML
CVE-2019-11794,1573,vuln_status,rejected,expected_exclusion,Retained in master; excluded from ML
CVE-2019-11795,1574,vuln_status,rejected,expected_exclusion,Retained in master; excluded from ML
CVE-2019-11796,1575,vuln_status,rejected,expected_exclusion,Retained in master; excluded from ML
CVE-2019-11797,1576,vuln_status,rejected,expected_exclusion,Retained in master; excluded from ML
CVE-2019-11798,1577,vuln_status,rejected,expected_exclusion,Retained in master; excluded from ML
CVE-2019-11799,1578,vuln_status,rejected,expected_exclusion,Retained in master; excluded from ML
CVE-2019-11800,1579,vuln_status,rejected,expected_exclusion,Retained in master; excluded from ML
CVE-2019-11801,1580,vuln_status,rejected,expected_exclusion,Retained in master; excluded from ML
CVE-2019-11802,1581,vuln_status,rejected,expected_exclusion,Retained in master; excluded from ML
CVE-2019-11803,1582,vuln_status,rejected,expected_exclusion,Retained in master; excluded from ML
CVE-2019-11804,1583,vuln_status,rejected,expected_exclusion,Retained in master; excluded from ML
CVE-2019-14552,1587,vuln_status,rejected,expected_exclusion,Retained in master; excluded from ML
CVE-2019-14554,1588,vuln_status,rejected,expected_exclusion,Retained in master; excluded from ML
CVE-2019-14555,1589,vuln_status,rejected,expected_exclusion,Retained in master; excluded from ML
CVE-2019-14560,1590,vuln_status,rejected,expected_exclusion,Retained in master; excluded from ML
CVE-2019-14561,1591,vuln_status,rejected,expected_exclusion,Retained in master; excluded from ML
CVE-2019-14564,1592,vuln_status,rejected,expected_exclusion,Retained in master; excluded from ML
CVE-2019-14567,1593,vuln_status,rejected,expected_exclusion,Retained in master; excluded from ML
CVE-2019-14571,1594,vuln_status,rejected,expected_exclusion,Retained in master; excluded from ML
CVE-2019-14572,1595,vuln_status,rejected,expected_exclusion,Retained in master; excluded from ML
CVE-2019-14573,1596,vuln_status,rejected,expected_exclusion,Retained in master; excluded from ML
CVE-2019-14576,1597,vuln_status,rejected,expected_exclusion,Retained in master; excluded from ML
CVE-2019-14577,1598,vuln_status,rejected,expected_exclusion,Retained in master; excluded from ML
CVE-2019-14578,1599,vuln_status,rejected,expected_exclusion,Retained in master; excluded from ML
CVE-2019-14579,1600,vuln_status,rejected,expected_exclusion,Retained in master; excluded from ML
CVE-2019-14580,1601,vuln_status,rejected,expected_exclusion,Retained in master; excluded from ML
CVE-2019-14581,1602,vuln_status,rejected,expected_exclusion,Retained in master; excluded from ML
CVE-2019-14582,1603,vuln_status,rejected,expected_exclusion,Retained in master; excluded from ML
CVE-2019-14583,1604,vuln_status,rejected,expected_exclusion,Retained in master; excluded from ML
CVE-2019-14585,1605,vuln_status,rejected,expected_exclusion,Retained in master; excluded from ML
CVE-2019-14588,1606,vuln_status,rejected,expected_exclusion,Retained in master; excluded from ML
CVE-2019-14589,1607,vuln_status,rejected,expected_exclusion,Retained in master; excluded from ML
CVE-2019-14592,1608,vuln_status,rejected,expected_exclusion,Retained in master; excluded from ML
CVE-2019-14593,1609,vuln_status,rejected,expected_exclusion,Retained in master; excluded from ML
CVE-2019-14594,1610,vuln_status,rejected,expected_exclusion,Retained in master; excluded from ML
CVE-2019-14595,1611,vuln_status,rejected,expected_exclusion,Retained in master; excluded from ML
CVE-2019-14597,1612,vuln_status,rejected,expected_exclusion,Retained in master; excluded from ML
CVE-2019-14606,1613,vuln_status,rejected,expected_exclusion,Retained in master; excluded from ML
CVE-2019-14614,1614,vuln_status,rejected,expected_exclusion,Retained in master; excluded from ML
CVE-2019-14616,1615,vuln_status,rejected,expected_exclusion,Retained in master; excluded from ML
CVE-2019-14617,1616,vuln_status,rejected,expected_exclusion,Retained in master; excluded from ML
CVE-2019-14618,1617,vuln_status,rejected,expected_exclusion,Retained in master; excluded from ML
CVE-2019-14619,1618,vuln_status,rejected,expected_exclusion,Retained in master; excluded from ML
CVE-2019-14621,1619,vuln_status,rejected,expected_exclusion,Retained in master; excluded from ML
CVE-2019-14622,1620,vuln_status,rejected,expected_exclusion,Retained in master; excluded from ML
CVE-2019-14623,1621,vuln_status,rejected,expected_exclusion,Retained in master; excluded from ML
CVE-2019-14624,1622,vuln_status,rejected,expected_exclusion,Retained in master; excluded from ML
CVE-2019-14627,1623,vuln_status,rejected,expected_exclusion,Retained in master; excluded from ML
CVE-2019-14628,1624,vuln_status,rejected,expected_exclusion,Retained in master; excluded from ML
CVE-2019-14631,1625,vuln_status,rejected,expected_exclusion,Retained in master; excluded from ML
CVE-2019-14632,1626,vuln_status,rejected,expected_exclusion,Retained in master; excluded from ML
CVE-2019-14633,1627,vuln_status,rejected,expected_exclusion,Retained in master; excluded from ML
CVE-2019-14634,1628,vuln_status,rejected,expected_exclusion,Retained in master; excluded from ML
CVE-2019-14635,1629,vuln_status,rejected,expected_exclusion,Retained in master; excluded from ML
CVE-2019-14636,1630,vuln_status,rejected,expected_exclusion,Retained in master; excluded from ML
CVE-2019-14637,1631,vuln_status,rejected,expected_exclusion,Retained in master; excluded from ML
CVE-2019-14638,1632,vuln_status,rejected,expected_exclusion,Retained in master; excluded from ML
CVE-2019-14639,1633,vuln_status,rejected,expected_exclusion,Retained in master; excluded from ML
CVE-2019-14640,1634,vuln_status,rejected,expected_exclusion,Retained in master; excluded from ML
CVE-2019-14641,1635,vuln_status,rejected,expected_exclusion,Retained in master; excluded from ML
CVE-2019-14642,1636,vuln_status,rejected,expected_exclusion,Retained in master; excluded from ML
CVE-2019-14643,1637,vuln_status,rejected,expected_exclusion,Retained in master; excluded from ML
CVE-2019-14644,1638,vuln_status,rejected,expected_exclusion,Retained in master; excluded from ML
CVE-2019-14645,1639,vuln_status,rejected,expected_exclusion,Retained in master; excluded from ML
CVE-2019-14646,1640,vuln_status,rejected,expected_exclusion,Retained in master; excluded from ML
CVE-2019-14647,1641,vuln_status,rejected,expected_exclusion,Retained in master; excluded from ML
CVE-2019-14648,1642,vuln_status,rejected,expected_exclusion,Retained in master; excluded from ML
CVE-2019-14649,1643,vuln_status,rejected,expected_exclusion,Retained in master; excluded from ML
CVE-2019-14650,1644,vuln_status,rejected,expected_exclusion,Retained in master; excluded from ML
CVE-2019-14651,1645,vuln_status,rejected,expected_exclusion,Retained in master; excluded from ML
CVE-2019-15797,1648,vuln_status,rejected,expected_exclusion,Retained in master; excluded from ML
CVE-2019-15798,1649,vuln_status,rejected,expected_exclusion,Retained in master; excluded from ML
CVE-2019-19759,1665,vuln_status,rejected,expected_exclusion,Retained in master; excluded from ML
CVE-2019-19760,1666,vuln_status,rejected,expected_exclusion,Retained in master; excluded from ML
CVE-2019-19761,1667,vuln_status,rejected,expected_exclusion,Retained in master; excluded from ML
CVE-2019-25079,1679,vuln_status,rejected,expected_exclusion,Retained in master; excluded from ML
CVE-2019-25080,1680,vuln_status,rejected,expected_exclusion,Retained in master; excluded from ML
CVE-2019-25081,1681,vuln_status,rejected,expected_exclusion,Retained in master; excluded from ML
CVE-2019-25082,1682,vuln_status,rejected,expected_exclusion,Retained in master; excluded from ML
CVE-2019-25083,1683,vuln_status,rejected,expected_exclusion,Retained in master; excluded from ML
CVE-2019-25161,1721,vuln_status,rejected,expected_exclusion,Retained in master; excluded from ML
CVE-2019-5313,1735,vuln_status,rejected,expected_exclusion,Retained in master; excluded from ML
CVE-2019-5316,1736,vuln_status,rejected,expected_exclusion,Retained in master; excluded from ML
CVE-2019-5325,1737,vuln_status,rejected,expected_exclusion,Retained in master; excluded from ML
CVE-2019-6141,1738,vuln_status,rejected,expected_exclusion,Retained in master; excluded from ML
CVE-2019-6148,1739,vuln_status,rejected,expected_exclusion,Retained in master; excluded from ML
CVE-2019-6162,1740,vuln_status,rejected,expected_exclusion,Retained in master; excluded from ML
CVE-2019-6164,1741,vuln_status,rejected,expected_exclusion,Retained in master; excluded from ML
CVE-2019-6174,1742,vuln_status,rejected,expected_exclusion,Retained in master; excluded from ML
CVE-2019-6185,1743,vuln_status,rejected,expected_exclusion,Retained in master; excluded from ML
CVE-2019-8843,1749,vuln_status,rejected,expected_exclusion,Retained in master; excluded from ML
CVE-2019-8845,1750,vuln_status,rejected,expected_exclusion,Retained in master; excluded from ML
CVE-2019-8859,1751,vuln_status,rejected,expected_exclusion,Retained in master; excluded from ML
CVE-2019-8860,1752,vuln_status,rejected,expected_exclusion,Retained in master; excluded from ML
CVE-2019-8861,1753,vuln_status,rejected,expected_exclusion,Retained in master; excluded from ML
CVE-2019-8862,1754,vuln_status,rejected,expected_exclusion,Retained in master; excluded from ML
CVE-2019-8863,1755,vuln_status,rejected,expected_exclusion,Retained in master; excluded from ML
CVE-2019-8864,1756,vuln_status,rejected,expected_exclusion,Retained in master; excluded from ML
CVE-2019-8865,1757,vuln_status,rejected,expected_exclusion,Retained in master; excluded from ML
CVE-2019-8866,1758,vuln_status,rejected,expected_exclusion,Retained in master; excluded from ML
CVE-2019-8867,1759,vuln_status,rejected,expected_exclusion,Retained in master; excluded from ML
CVE-2019-8868,1760,vuln_status,rejected,expected_exclusion,Retained in master; excluded from ML
CVE-2019-8869,1761,vuln_status,rejected,expected_exclusion,Retained in master; excluded from ML
CVE-2019-8870,1762,vuln_status,rejected,expected_exclusion,Retained in master; excluded from ML
CVE-2019-8871,1763,vuln_status,rejected,expected_exclusion,Retained in master; excluded from ML
CVE-2019-8872,1764,vuln_status,rejected,expected_exclusion,Retained in master; excluded from ML
CVE-2019-8873,1765,vuln_status,rejected,expected_exclusion,Retained in master; excluded from ML
CVE-2019-8874,1766,vuln_status,rejected,expected_exclusion,Retained in master; excluded from ML
CVE-2019-8875,1767,vuln_status,rejected,expected_exclusion,Retained in master; excluded from ML
CVE-2019-8876,1768,vuln_status,rejected,expected_exclusion,Retained in master; excluded from ML
CVE-2019-8877,1769,vuln_status,rejected,expected_exclusion,Retained in master; excluded from ML
CVE-2019-8878,1770,vuln_status,rejected,expected_exclusion,Retained in master; excluded from ML
CVE-2019-8879,1771,vuln_status,rejected,expected_exclusion,Retained in master; excluded from ML
CVE-2019-8880,1772,vuln_status,rejected,expected_exclusion,Retained in master; excluded from ML
CVE-2019-8881,1773,vuln_status,rejected,expected_exclusion,Retained in master; excluded from ML
CVE-2019-8882,1774,vuln_status,rejected,expected_exclusion,Retained in master; excluded from ML
CVE-2019-8883,1775,vuln_status,rejected,expected_exclusion,Retained in master; excluded from ML
CVE-2019-8884,1776,vuln_status,rejected,expected_exclusion,Retained in master; excluded from ML
CVE-2019-8885,1777,vuln_status,rejected,expected_exclusion,Retained in master; excluded from ML
CVE-2019-8886,1778,vuln_status,rejected,expected_exclusion,Retained in master; excluded from ML
CVE-2019-8887,1779,vuln_status,rejected,expected_exclusion,Retained in master; excluded from ML
CVE-2019-8888,1780,vuln_status,rejected,expected_exclusion,Retained in master; excluded from ML
CVE-2019-8889,1781,vuln_status,rejected,expected_exclusion,Retained in master; excluded from ML
CVE-2019-8890,1782,vuln_status,rejected,expected_exclusion,Retained in master; excluded from ML
CVE-2019-8891,1783,vuln_status,rejected,expected_exclusion,Retained in master; excluded from ML
CVE-2019-8892,1784,vuln_status,rejected,expected_exclusion,Retained in master; excluded from ML
CVE-2019-8893,1785,vuln_status,rejected,expected_exclusion,Retained in master; excluded from ML
CVE-2019-8894,1786,vuln_status,rejected,expected_exclusion,Retained in master; excluded from ML
CVE-2019-8895,1787,vuln_status,rejected,expected_exclusion,Retained in master; excluded from ML
CVE-2019-8896,1788,vuln_status,rejected,expected_exclusion,Retained in master; excluded from ML
CVE-2019-8897,1789,vuln_status,rejected,expected_exclusion,Retained in master; excluded from ML
CVE-2019-8899,1790,vuln_status,rejected,expected_exclusion,Retained in master; excluded from ML
CVE-2020-0509,1792,vuln_status,rejected,expected_exclusion,Retained in master; excluded from ML
CVE-2020-0552,1793,vuln_status,rejected,expected_exclusion,Retained in master; excluded from ML
CVE-2020-0579,1794,vuln_status,rejected,expected_exclusion,Retained in master; excluded from ML
CVE-2020-0580,1795,vuln_status,rejected,expected_exclusion,Retained in master; excluded from ML
CVE-2020-0581,1796,vuln_status,rejected,expected_exclusion,Retained in master; excluded from ML
CVE-2020-0582,1797,vuln_status,rejected,expected_exclusion,Retained in master; excluded from ML
CVE-2020-0585,1798,vuln_status,rejected,expected_exclusion,Retained in master; excluded from ML
CVE-2020-0589,1799,vuln_status,rejected,expected_exclusion,Retained in master; excluded from ML
CVE-2020-10692,1810,vuln_status,rejected,expected_exclusion,Retained in master; excluded from ML
CVE-2020-10694,1811,vuln_status,rejected,expected_exclusion,Retained in master; excluded from ML
CVE-2020-10764,1812,vuln_status,rejected,expected_exclusion,Retained in master; excluded from ML
CVE-2020-10765,1813,vuln_status,rejected,expected_exclusion,Retained in master; excluded from ML
CVE-2020-11311,1815,vuln_status,rejected,expected_exclusion,Retained in master; excluded from ML
CVE-2020-12298,1834,vuln_status,rejected,expected_exclusion,Retained in master; excluded from ML
CVE-2020-12305,1835,vuln_status,rejected,expected_exclusion,Retained in master; excluded from ML
CVE-2020-12340,1836,vuln_status,rejected,expected_exclusion,Retained in master; excluded from ML
CVE-2020-12341,1837,vuln_status,rejected,expected_exclusion,Retained in master; excluded from ML
CVE-2020-12342,1838,vuln_status,rejected,expected_exclusion,Retained in master; excluded from ML
CVE-2020-12343,1839,vuln_status,rejected,expected_exclusion,Retained in master; excluded from ML
CVE-2020-12344,1840,vuln_status,rejected,expected_exclusion,Retained in master; excluded from ML
CVE-2020-12348,1841,vuln_status,rejected,expected_exclusion,Retained in master; excluded from ML
CVE-2020-12378,1842,vuln_status,rejected,expected_exclusion,Retained in master; excluded from ML
CVE-2020-12379,1843,vuln_status,rejected,expected_exclusion,Retained in master; excluded from ML
CVE-2020-12381,1844,vuln_status,rejected,expected_exclusion,Retained in master; excluded from ML
CVE-2020-12382,1845,vuln_status,rejected,expected_exclusion,Retained in master; excluded from ML
CVE-2020-12383,1846,vuln_status,rejected,expected_exclusion,Retained in master; excluded from ML
CVE-2020-14395,1865,vuln_status,rejected,expected_exclusion,Retained in master; excluded from ML
CVE-2020-15730,1866,vuln_status,rejected,expected_exclusion,Retained in master; excluded from ML
CVE-2020-1713,1868,vuln_status,rejected,expected_exclusion,Retained in master; excluded from ML
CVE-2020-1715,1869,vuln_status,rejected,expected_exclusion,Retained in master; excluded from ML
CVE-2020-19500,1928,vuln_status,rejected,expected_exclusion,Retained in master; excluded from ML
CVE-2020-20145,1956,vuln_status,rejected,expected_exclusion,Retained in master; excluded from ML
CVE-2020-23064,2062,vuln_status,rejected,expected_exclusion,Retained in master; excluded from ML
CVE-2020-23066,2064,vuln_status,rejected,expected_exclusion,Retained in master; excluded from ML
CVE-2020-24449,2100,vuln_status,rejected,expected_exclusion,Retained in master; excluded from ML
CVE-2020-24459,2101,vuln_status,rejected,expected_exclusion,Retained in master; excluded from ML
CVE-2020-24461,2102,vuln_status,rejected,expected_exclusion,Retained in master; excluded from ML
CVE-2020-24463,2103,vuln_status,rejected,expected_exclusion,Retained in master; excluded from ML
CVE-2020-24464,2104,vuln_status,rejected,expected_exclusion,Retained in master; excluded from ML
CVE-2020-24465,2105,vuln_status,rejected,expected_exclusion,Retained in master; excluded from ML
CVE-2020-24466,2106,vuln_status,rejected,expected_exclusion,Retained in master; excluded from ML
CVE-2020-24467,2107,vuln_status,rejected,expected_exclusion,Retained in master; excluded from ML
CVE-2020-24468,2108,vuln_status,rejected,expected_exclusion,Retained in master; excluded from ML
CVE-2020-24469,2109,vuln_status,rejected,expected_exclusion,Retained in master; excluded from ML
CVE-2020-24470,2110,vuln_status,rejected,expected_exclusion,Retained in master; excluded from ML
CVE-2020-24471,2111,vuln_status,rejected,expected_exclusion,Retained in master; excluded from ML
CVE-2020-24472,2112,vuln_status,rejected,expected_exclusion,Retained in master; excluded from ML
CVE-2020-24476,2113,vuln_status,rejected,expected_exclusion,Retained in master; excluded from ML
CVE-2020-24477,2114,vuln_status,rejected,expected_exclusion,Retained in master; excluded from ML
CVE-2020-24478,2115,vuln_status,rejected,expected_exclusion,Retained in master; excluded from ML
CVE-2020-24479,2116,vuln_status,rejected,expected_exclusion,Retained in master; excluded from ML
CVE-2020-24483,2117,vuln_status,rejected,expected_exclusion,Retained in master; excluded from ML
CVE-2020-24484,2118,vuln_status,rejected,expected_exclusion,Retained in master; excluded from ML
CVE-2020-24487,2119,vuln_status,rejected,expected_exclusion,Retained in master; excluded from ML
CVE-2020-24488,2120,vuln_status,rejected,expected_exclusion,Retained in master; excluded from ML
CVE-2020-24499,2121,vuln_status,rejected,expected_exclusion,Retained in master; excluded from ML
CVE-2020-24508,2122,vuln_status,rejected,expected_exclusion,Retained in master; excluded from ML
CVE-2020-24510,2123,vuln_status,rejected,expected_exclusion,Retained in master; excluded from ML
CVE-2020-24517,2124,vuln_status,rejected,expected_exclusion,Retained in master; excluded from ML
CVE-2020-24518,2125,vuln_status,rejected,expected_exclusion,Retained in master; excluded from ML
CVE-2020-24519,2126,vuln_status,rejected,expected_exclusion,Retained in master; excluded from ML
CVE-2020-24520,2127,vuln_status,rejected,expected_exclusion,Retained in master; excluded from ML
CVE-2020-24521,2128,vuln_status,rejected,expected_exclusion,Retained in master; excluded from ML
CVE-2020-24522,2129,vuln_status,rejected,expected_exclusion,Retained in master; excluded from ML
CVE-2020-24523,2130,vuln_status,rejected,expected_exclusion,Retained in master; excluded from ML
CVE-2020-24524,2131,vuln_status,rejected,expected_exclusion,Retained in master; excluded from ML
CVE-2020-24526,2132,vuln_status,rejected,expected_exclusion,Retained in master; excluded from ML
CVE-2020-24527,2133,vuln_status,rejected,expected_exclusion,Retained in master; excluded from ML
CVE-2020-24528,2134,vuln_status,rejected,expected_exclusion,Retained in master; excluded from ML
CVE-2020-24529,2135,vuln_status,rejected,expected_exclusion,Retained in master; excluded from ML
CVE-2020-24530,2136,vuln_status,rejected,expected_exclusion,Retained in master; excluded from ML
CVE-2020-24531,2137,vuln_status,rejected,expected_exclusion,Retained in master; excluded from ML
CVE-2020-24532,2138,vuln_status,rejected,expected_exclusion,Retained in master; excluded from ML
CVE-2020-24533,2139,vuln_status,rejected,expected_exclusion,Retained in master; excluded from ML
CVE-2020-24534,2140,vuln_status,rejected,expected_exclusion,Retained in master; excluded from ML
CVE-2020-24535,2141,vuln_status,rejected,expected_exclusion,Retained in master; excluded from ML
CVE-2020-24536,2142,vuln_status,rejected,expected_exclusion,Retained in master; excluded from ML
CVE-2020-24537,2143,vuln_status,rejected,expected_exclusion,Retained in master; excluded from ML
CVE-2020-24538,2144,vuln_status,rejected,expected_exclusion,Retained in master; excluded from ML
CVE-2020-24539,2145,vuln_status,rejected,expected_exclusion,Retained in master; excluded from ML
CVE-2020-24540,2146,vuln_status,rejected,expected_exclusion,Retained in master; excluded from ML
CVE-2020-24541,2147,vuln_status,rejected,expected_exclusion,Retained in master; excluded from ML
CVE-2020-24542,2148,vuln_status,rejected,expected_exclusion,Retained in master; excluded from ML
CVE-2020-24543,2149,vuln_status,rejected,expected_exclusion,Retained in master; excluded from ML
CVE-2020-24544,2150,vuln_status,rejected,expected_exclusion,Retained in master; excluded from ML
CVE-2020-24545,2151,vuln_status,rejected,expected_exclusion,Retained in master; excluded from ML
CVE-2020-24546,2152,vuln_status,rejected,expected_exclusion,Retained in master; excluded from ML
CVE-2020-24547,2153,vuln_status,rejected,expected_exclusion,Retained in master; excluded from ML
CVE-2020-24642,2154,vuln_status,rejected,expected_exclusion,Retained in master; excluded from ML
CVE-2020-24643,2155,vuln_status,rejected,expected_exclusion,Retained in master; excluded from ML
CVE-2020-24644,2156,vuln_status,rejected,expected_exclusion,Retained in master; excluded from ML
CVE-2020-24645,2157,vuln_status,rejected,expected_exclusion,Retained in master; excluded from ML
CVE-2020-25679,2168,vuln_status,rejected,expected_exclusion,Retained in master; excluded from ML
CVE-2020-25714,2169,vuln_status,rejected,expected_exclusion,Retained in master; excluded from ML
CVE-2020-25870,2174,vuln_status,rejected,expected_exclusion,Retained in master; excluded from ML
CVE-2020-27353,2215,vuln_status,rejected,expected_exclusion,Retained in master; excluded from ML
CVE-2020-27354,2216,vuln_status,rejected,expected_exclusion,Retained in master; excluded from ML
CVE-2020-27355,2217,vuln_status,rejected,expected_exclusion,Retained in master; excluded from ML
CVE-2020-29397,2245,vuln_status,rejected,expected_exclusion,Retained in master; excluded from ML
CVE-2020-29398,2246,vuln_status,rejected,expected_exclusion,Retained in master; excluded from ML
CVE-2020-29399,2247,vuln_status,rejected,expected_exclusion,Retained in master; excluded from ML
CVE-2020-29400,2248,vuln_status,rejected,expected_exclusion,Retained in master; excluded from ML
CVE-2020-29401,2249,vuln_status,rejected,expected_exclusion,Retained in master; excluded from ML
CVE-2020-29402,2250,vuln_status,rejected,expected_exclusion,Retained in master; excluded from ML
CVE-2020-29403,2251,vuln_status,rejected,expected_exclusion,Retained in master; excluded from ML
CVE-2020-29404,2252,vuln_status,rejected,expected_exclusion,Retained in master; excluded from ML
CVE-2020-29405,2253,vuln_status,rejected,expected_exclusion,Retained in master; excluded from ML
CVE-2020-29406,2254,vuln_status,rejected,expected_exclusion,Retained in master; excluded from ML
CVE-2020-29407,2255,vuln_status,rejected,expected_exclusion,Retained in master; excluded from ML
CVE-2020-29408,2256,vuln_status,rejected,expected_exclusion,Retained in master; excluded from ML
CVE-2020-29410,2257,vuln_status,rejected,expected_exclusion,Retained in master; excluded from ML
CVE-2020-35153,2264,vuln_status,rejected,expected_exclusion,Retained in master; excluded from ML
CVE-2020-35154,2265,vuln_status,rejected,expected_exclusion,Retained in master; excluded from ML
CVE-2020-35155,2266,vuln_status,rejected,expected_exclusion,Retained in master; excluded from ML
CVE-2020-35156,2267,vuln_status,rejected,expected_exclusion,Retained in master; excluded from ML
CVE-2020-35157,2268,vuln_status,rejected,expected_exclusion,Retained in master; excluded from ML
CVE-2020-35158,2269,vuln_status,rejected,expected_exclusion,Retained in master; excluded from ML
CVE-2020-35159,2270,vuln_status,rejected,expected_exclusion,Retained in master; excluded from ML
CVE-2020-35160,2271,vuln_status,rejected,expected_exclusion,Retained in master; excluded from ML
CVE-2020-35161,2272,vuln_status,rejected,expected_exclusion,Retained in master; excluded from ML
CVE-2020-35162,2273,vuln_status,rejected,expected_exclusion,Retained in master; excluded from ML
CVE-2020-36643,2306,vuln_status,rejected,expected_exclusion,Retained in master; excluded from ML
CVE-2020-36662,2325,vuln_status,rejected,expected_exclusion,Retained in master; excluded from ML
CVE-2020-6589,2456,vuln_status,rejected,expected_exclusion,Retained in master; excluded from ML
CVE-2020-6591,2457,vuln_status,rejected,expected_exclusion,Retained in master; excluded from ML
CVE-2020-6592,2458,vuln_status,rejected,expected_exclusion,Retained in master; excluded from ML
CVE-2020-6593,2459,vuln_status,rejected,expected_exclusion,Retained in master; excluded from ML
CVE-2020-6594,2460,vuln_status,rejected,expected_exclusion,Retained in master; excluded from ML
CVE-2020-6595,2461,vuln_status,rejected,expected_exclusion,Retained in master; excluded from ML
CVE-2020-6596,2462,vuln_status,rejected,expected_exclusion,Retained in master; excluded from ML
CVE-2020-6597,2463,vuln_status,rejected,expected_exclusion,Retained in master; excluded from ML
CVE-2020-6598,2464,vuln_status,rejected,expected_exclusion,Retained in master; excluded from ML
CVE-2020-6599,2465,vuln_status,rejected,expected_exclusion,Retained in master; excluded from ML
CVE-2020-6600,2466,vuln_status,rejected,expected_exclusion,Retained in master; excluded from ML
CVE-2020-6601,2467,vuln_status,rejected,expected_exclusion,Retained in master; excluded from ML
CVE-2020-6602,2468,vuln_status,rejected,expected_exclusion,Retained in master; excluded from ML
CVE-2020-6603,2469,vuln_status,rejected,expected_exclusion,Retained in master; excluded from ML
CVE-2020-6604,2470,vuln_status,rejected,expected_exclusion,Retained in master; excluded from ML
CVE-2020-6605,2471,vuln_status,rejected,expected_exclusion,Retained in master; excluded from ML
CVE-2020-6606,2472,vuln_status,rejected,expected_exclusion,Retained in master; excluded from ML
CVE-2020-6607,2473,vuln_status,rejected,expected_exclusion,Retained in master; excluded from ML
CVE-2020-6608,2474,vuln_status,rejected,expected_exclusion,Retained in master; excluded from ML
CVE-2020-7112,2477,vuln_status,rejected,expected_exclusion,Retained in master; excluded from ML
CVE-2020-7118,2478,vuln_status,rejected,expected_exclusion,Retained in master; excluded from ML
CVE-2020-8668,2481,vuln_status,rejected,expected_exclusion,Retained in master; excluded from ML
CVE-2020-8673,2482,vuln_status,rejected,expected_exclusion,Retained in master; excluded from ML
CVE-2020-8686,2483,vuln_status,rejected,expected_exclusion,Retained in master; excluded from ML
CVE-2020-8697,2484,vuln_status,rejected,expected_exclusion,Retained in master; excluded from ML
CVE-2020-8699,2485,vuln_status,rejected,expected_exclusion,Retained in master; excluded from ML
CVE-2020-8724,2486,vuln_status,rejected,expected_exclusion,Retained in master; excluded from ML
CVE-2020-8725,2487,vuln_status,rejected,expected_exclusion,Retained in master; excluded from ML
CVE-2020-8726,2488,vuln_status,rejected,expected_exclusion,Retained in master; excluded from ML
CVE-2020-8727,2489,vuln_status,rejected,expected_exclusion,Retained in master; excluded from ML
CVE-2020-8728,2490,vuln_status,rejected,expected_exclusion,Retained in master; excluded from ML
CVE-2020-8735,2491,vuln_status,rejected,expected_exclusion,Retained in master; excluded from ML
CVE-2020-8748,2492,vuln_status,rejected,expected_exclusion,Retained in master; excluded from ML
CVE-2020-8762,2493,vuln_status,rejected,expected_exclusion,Retained in master; excluded from ML
CVE-2021-0010,2510,vuln_status,rejected,expected_exclusion,Retained in master; excluded from ML
CVE-2021-0011,2511,vuln_status,rejected,expected_exclusion,Retained in master; excluded from ML
CVE-2021-0014,2512,vuln_status,rejected,expected_exclusion,Retained in master; excluded from ML
CVE-2021-0015,2513,vuln_status,rejected,expected_exclusion,Retained in master; excluded from ML
CVE-2021-0016,2514,vuln_status,rejected,expected_exclusion,Retained in master; excluded from ML
CVE-2021-0017,2515,vuln_status,rejected,expected_exclusion,Retained in master; excluded from ML
CVE-2021-0018,2516,vuln_status,rejected,expected_exclusion,Retained in master; excluded from ML
CVE-2021-0019,2517,vuln_status,rejected,expected_exclusion,Retained in master; excluded from ML
CVE-2021-0020,2518,vuln_status,rejected,expected_exclusion,Retained in master; excluded from ML
CVE-2021-0021,2519,vuln_status,rejected,expected_exclusion,Retained in master; excluded from ML
CVE-2021-0022,2520,vuln_status,rejected,expected_exclusion,Retained in master; excluded from ML
CVE-2021-0023,2521,vuln_status,rejected,expected_exclusion,Retained in master; excluded from ML
CVE-2021-0024,2522,vuln_status,rejected,expected_exclusion,Retained in master; excluded from ML
CVE-2021-0025,2523,vuln_status,rejected,expected_exclusion,Retained in master; excluded from ML
CVE-2021-0026,2524,vuln_status,rejected,expected_exclusion,Retained in master; excluded from ML
CVE-2021-0027,2525,vuln_status,rejected,expected_exclusion,Retained in master; excluded from ML
CVE-2021-0028,2526,vuln_status,rejected,expected_exclusion,Retained in master; excluded from ML
CVE-2021-0029,2527,vuln_status,rejected,expected_exclusion,Retained in master; excluded from ML
CVE-2021-0030,2528,vuln_status,rejected,expected_exclusion,Retained in master; excluded from ML
CVE-2021-0031,2529,vuln_status,rejected,expected_exclusion,Retained in master; excluded from ML
CVE-2021-0032,2530,vuln_status,rejected,expected_exclusion,Retained in master; excluded from ML
CVE-2021-0033,2531,vuln_status,rejected,expected_exclusion,Retained in master; excluded from ML
CVE-2021-0034,2532,vuln_status,rejected,expected_exclusion,Retained in master; excluded from ML
CVE-2021-0035,2533,vuln_status,rejected,expected_exclusion,Retained in master; excluded from ML
CVE-2021-0036,2534,vuln_status,rejected,expected_exclusion,Retained in master; excluded from ML
CVE-2021-0037,2535,vuln_status,rejected,expected_exclusion,Retained in master; excluded from ML
CVE-2021-0038,2536,vuln_status,rejected,expected_exclusion,Retained in master; excluded from ML
CVE-2021-0039,2537,vuln_status,rejected,expected_exclusion,Retained in master; excluded from ML
CVE-2021-0040,2538,vuln_status,rejected,expected_exclusion,Retained in master; excluded from ML
CVE-2021-0041,2539,vuln_status,rejected,expected_exclusion,Retained in master; excluded from ML
CVE-2021-0042,2540,vuln_status,rejected,expected_exclusion,Retained in master; excluded from ML
CVE-2021-0043,2541,vuln_status,rejected,expected_exclusion,Retained in master; excluded from ML
CVE-2021-0044,2542,vuln_status,rejected,expected_exclusion,Retained in master; excluded from ML
CVE-2021-0045,2543,vuln_status,rejected,expected_exclusion,Retained in master; excluded from ML
CVE-2021-0046,2544,vuln_status,rejected,expected_exclusion,Retained in master; excluded from ML
CVE-2021-0047,2545,vuln_status,rejected,expected_exclusion,Retained in master; excluded from ML
CVE-2021-0048,2546,vuln_status,rejected,expected_exclusion,Retained in master; excluded from ML
CVE-2021-0049,2547,vuln_status,rejected,expected_exclusion,Retained in master; excluded from ML
CVE-2021-0050,2548,vuln_status,rejected,expected_exclusion,Retained in master; excluded from ML
CVE-2021-0059,2549,vuln_status,rejected,expected_exclusion,Retained in master; excluded from ML
CVE-2021-0068,2550,vuln_status,rejected,expected_exclusion,Retained in master; excluded from ML
CVE-2021-0080,2551,vuln_status,rejected,expected_exclusion,Retained in master; excluded from ML
CVE-2021-0081,2552,vuln_status,rejected,expected_exclusion,Retained in master; excluded from ML
CVE-2021-0085,2553,vuln_status,rejected,expected_exclusion,Retained in master; excluded from ML
CVE-2021-0087,2554,vuln_status,rejected,expected_exclusion,Retained in master; excluded from ML
CVE-2021-0088,2555,vuln_status,rejected,expected_exclusion,Retained in master; excluded from ML
CVE-2021-0122,2556,vuln_status,rejected,expected_exclusion,Retained in master; excluded from ML
CVE-2021-0123,2557,vuln_status,rejected,expected_exclusion,Retained in master; excluded from ML
CVE-2021-0128,2558,vuln_status,rejected,expected_exclusion,Retained in master; excluded from ML
CVE-2021-0130,2559,vuln_status,rejected,expected_exclusion,Retained in master; excluded from ML
CVE-2021-0136,2560,vuln_status,rejected,expected_exclusion,Retained in master; excluded from ML
CVE-2021-0137,2561,vuln_status,rejected,expected_exclusion,Retained in master; excluded from ML
CVE-2021-0138,2562,vuln_status,rejected,expected_exclusion,Retained in master; excluded from ML
CVE-2021-0139,2563,vuln_status,rejected,expected_exclusion,Retained in master; excluded from ML
CVE-2021-0140,2564,vuln_status,rejected,expected_exclusion,Retained in master; excluded from ML
CVE-2021-0141,2565,vuln_status,rejected,expected_exclusion,Retained in master; excluded from ML
CVE-2021-0142,2566,vuln_status,rejected,expected_exclusion,Retained in master; excluded from ML
CVE-2021-0149,2567,vuln_status,rejected,expected_exclusion,Retained in master; excluded from ML
CVE-2021-0150,2568,vuln_status,rejected,expected_exclusion,Retained in master; excluded from ML
CVE-2021-0181,2569,vuln_status,rejected,expected_exclusion,Retained in master; excluded from ML
CVE-2021-0184,2570,vuln_status,rejected,expected_exclusion,Retained in master; excluded from ML
CVE-2021-0191,2572,vuln_status,rejected,expected_exclusion,Retained in master; excluded from ML
CVE-2021-0192,2573,vuln_status,rejected,expected_exclusion,Retained in master; excluded from ML
CVE-2021-0195,2574,vuln_status,rejected,expected_exclusion,Retained in master; excluded from ML
CVE-2021-0937,2590,vuln_status,rejected,expected_exclusion,Retained in master; excluded from ML
CVE-2021-1842,2615,vuln_status,rejected,expected_exclusion,Retained in master; excluded from ML
CVE-2021-23145,2648,vuln_status,rejected,expected_exclusion,Retained in master; excluded from ML
CVE-2021-23185,2652,vuln_status,rejected,expected_exclusion,Retained in master; excluded from ML
CVE-2021-23199,2654,vuln_status,rejected,expected_exclusion,Retained in master; excluded from ML
CVE-2021-23212,2656,vuln_status,rejected,expected_exclusion,Retained in master; excluded from ML
CVE-2021-23220,2657,vuln_status,rejected,expected_exclusion,Retained in master; excluded from ML
CVE-2021-23224,2658,vuln_status,rejected,expected_exclusion,Retained in master; excluded from ML
CVE-2021-23232,2659,vuln_status,rejected,expected_exclusion,Retained in master; excluded from ML
CVE-2021-23938,2661,vuln_status,rejected,expected_exclusion,Retained in master; excluded from ML
CVE-2021-23939,2662,vuln_status,rejected,expected_exclusion,Retained in master; excluded from ML
CVE-2021-23940,2663,vuln_status,rejected,expected_exclusion,Retained in master; excluded from ML
CVE-2021-23941,2664,vuln_status,rejected,expected_exclusion,Retained in master; excluded from ML
CVE-2021-23942,2665,vuln_status,rejected,expected_exclusion,Retained in master; excluded from ML
CVE-2021-23943,2666,vuln_status,rejected,expected_exclusion,Retained in master; excluded from ML
CVE-2021-23944,2667,vuln_status,rejected,expected_exclusion,Retained in master; excluded from ML
CVE-2021-23945,2668,vuln_status,rejected,expected_exclusion,Retained in master; excluded from ML
CVE-2021-23946,2669,vuln_status,rejected,expected_exclusion,Retained in master; excluded from ML
CVE-2021-23947,2670,vuln_status,rejected,expected_exclusion,Retained in master; excluded from ML
CVE-2021-23948,2671,vuln_status,rejected,expected_exclusion,Retained in master; excluded from ML
CVE-2021-23949,2672,vuln_status,rejected,expected_exclusion,Retained in master; excluded from ML
CVE-2021-23950,2673,vuln_status,rejected,expected_exclusion,Retained in master; excluded from ML
CVE-2021-23951,2674,vuln_status,rejected,expected_exclusion,Retained in master; excluded from ML
CVE-2021-23952,2675,vuln_status,rejected,expected_exclusion,Retained in master; excluded from ML
CVE-2021-25221,2689,vuln_status,rejected,expected_exclusion,Retained in master; excluded from ML
CVE-2021-25222,2690,vuln_status,rejected,expected_exclusion,Retained in master; excluded from ML
CVE-2021-25223,2691,vuln_status,rejected,expected_exclusion,Retained in master; excluded from ML
CVE-2021-26246,2703,vuln_status,rejected,expected_exclusion,Retained in master; excluded from ML
CVE-2021-26319,2711,vuln_status,rejected,expected_exclusion,Retained in master; excluded from ML
CVE-2021-26357,2720,vuln_status,rejected,expected_exclusion,Retained in master; excluded from ML
CVE-2021-26358,2721,vuln_status,rejected,expected_exclusion,Retained in master; excluded from ML
CVE-2021-26374,2725,vuln_status,rejected,expected_exclusion,Retained in master; excluded from ML
CVE-2021-26385,2727,vuln_status,rejected,expected_exclusion,Retained in master; excluded from ML
CVE-2021-26399,2732,vuln_status,rejected,expected_exclusion,Retained in master; excluded from ML
CVE-2021-26405,2736,vuln_status,rejected,expected_exclusion,Retained in master; excluded from ML
CVE-2021-26673,2744,vuln_status,rejected,expected_exclusion,Retained in master; excluded from ML
CVE-2021-26674,2745,vuln_status,rejected,expected_exclusion,Retained in master; excluded from ML
CVE-2021-26946,2752,vuln_status,rejected,expected_exclusion,Retained in master; excluded from ML
CVE-2021-29633,2795,vuln_status,rejected,expected_exclusion,Retained in master; excluded from ML
CVE-2021-29634,2796,vuln_status,rejected,expected_exclusion,Retained in master; excluded from ML
CVE-2021-29635,2797,vuln_status,rejected,expected_exclusion,Retained in master; excluded from ML
CVE-2021-29636,2798,vuln_status,rejected,expected_exclusion,Retained in master; excluded from ML
CVE-2021-29637,2799,vuln_status,rejected,expected_exclusion,Retained in master; excluded from ML
CVE-2021-29638,2800,vuln_status,rejected,expected_exclusion,Retained in master; excluded from ML
CVE-2021-29639,2801,vuln_status,rejected,expected_exclusion,Retained in master; excluded from ML
CVE-2021-29640,2802,vuln_status,rejected,expected_exclusion,Retained in master; excluded from ML
CVE-2021-3091,2812,vuln_status,rejected,expected_exclusion,Retained in master; excluded from ML
CVE-2021-3099,2813,vuln_status,rejected,expected_exclusion,Retained in master; excluded from ML
CVE-2021-32861,2877,vuln_status,rejected,expected_exclusion,Retained in master; excluded from ML
CVE-2021-33065,2878,vuln_status,rejected,expected_exclusion,Retained in master; excluded from ML
CVE-2021-33066,2879,vuln_status,rejected,expected_exclusion,Retained in master; excluded from ML
CVE-2021-33067,2880,vuln_status,rejected,expected_exclusion,Retained in master; excluded from ML
CVE-2021-33070,2881,vuln_status,rejected,expected_exclusion,Retained in master; excluded from ML
CVE-2021-33072,2882,vuln_status,rejected,expected_exclusion,Retained in master; excluded from ML
CVE-2021-33084,2883,vuln_status,rejected,expected_exclusion,Retained in master; excluded from ML
CVE-2021-33085,2884,vuln_status,rejected,expected_exclusion,Retained in master; excluded from ML
CVE-2021-33099,2885,vuln_status,rejected,expected_exclusion,Retained in master; excluded from ML
CVE-2021-33100,2886,vuln_status,rejected,expected_exclusion,Retained in master; excluded from ML
CVE-2021-33102,2887,vuln_status,rejected,expected_exclusion,Retained in master; excluded from ML
CVE-2021-33109,2889,vuln_status,rejected,expected_exclusion,Retained in master; excluded from ML
CVE-2021-33111,2890,vuln_status,rejected,expected_exclusion,Retained in master; excluded from ML
CVE-2021-33112,2891,vuln_status,rejected,expected_exclusion,Retained in master; excluded from ML
CVE-2021-33116,2892,vuln_status,rejected,expected_exclusion,Retained in master; excluded from ML
CVE-2021-33121,2893,vuln_status,rejected,expected_exclusion,Retained in master; excluded from ML
CVE-2021-33125,2894,vuln_status,rejected,expected_exclusion,Retained in master; excluded from ML
CVE-2021-33127,2895,vuln_status,rejected,expected_exclusion,Retained in master; excluded from ML
CVE-2021-33131,2896,vuln_status,rejected,expected_exclusion,Retained in master; excluded from ML
CVE-2021-33132,2897,vuln_status,rejected,expected_exclusion,Retained in master; excluded from ML
CVE-2021-33133,2898,vuln_status,rejected,expected_exclusion,Retained in master; excluded from ML
CVE-2021-33134,2899,vuln_status,rejected,expected_exclusion,Retained in master; excluded from ML
CVE-2021-33136,2900,vuln_status,rejected,expected_exclusion,Retained in master; excluded from ML
CVE-2021-33138,2901,vuln_status,rejected,expected_exclusion,Retained in master; excluded from ML
CVE-2021-33140,2902,vuln_status,rejected,expected_exclusion,Retained in master; excluded from ML
CVE-2021-33143,2905,vuln_status,rejected,expected_exclusion,Retained in master; excluded from ML
CVE-2021-33144,2906,vuln_status,rejected,expected_exclusion,Retained in master; excluded from ML
CVE-2021-33148,2909,vuln_status,rejected,expected_exclusion,Retained in master; excluded from ML
CVE-2021-33151,2910,vuln_status,rejected,expected_exclusion,Retained in master; excluded from ML
CVE-2021-33152,2911,vuln_status,rejected,expected_exclusion,Retained in master; excluded from ML
CVE-2021-33153,2912,vuln_status,rejected,expected_exclusion,Retained in master; excluded from ML
CVE-2021-33154,2913,vuln_status,rejected,expected_exclusion,Retained in master; excluded from ML
CVE-2021-33156,2914,vuln_status,rejected,expected_exclusion,Retained in master; excluded from ML
CVE-2021-33160,2917,vuln_status,rejected,expected_exclusion,Retained in master; excluded from ML
CVE-2021-33163,2920,vuln_status,rejected,expected_exclusion,Retained in master; excluded from ML
CVE-2021-33165,2921,vuln_status,rejected,expected_exclusion,Retained in master; excluded from ML
CVE-2021-33167,2922,vuln_status,rejected,expected_exclusion,Retained in master; excluded from ML
CVE-2021-33237,2926,vuln_status,rejected,expected_exclusion,Retained in master; excluded from ML
CVE-2021-34064,2971,vuln_status,rejected,expected_exclusion,Retained in master; excluded from ML
CVE-2021-34248,2982,vuln_status,rejected,expected_exclusion,Retained in master; excluded from ML
CVE-2021-36593,3088,vuln_status,rejected,expected_exclusion,Retained in master; excluded from ML
CVE-2021-36594,3089,vuln_status,rejected,expected_exclusion,Retained in master; excluded from ML
CVE-2021-36759,3099,vuln_status,rejected,expected_exclusion,Retained in master; excluded from ML
CVE-2021-37405,3122,vuln_status,rejected,expected_exclusion,Retained in master; excluded from ML
CVE-2021-3885,3167,vuln_status,rejected,expected_exclusion,Retained in master; excluded from ML
CVE-2021-41006,3217,vuln_status,rejected,expected_exclusion,Retained in master; excluded from ML
CVE-2021-41007,3218,vuln_status,rejected,expected_exclusion,Retained in master; excluded from ML
CVE-2021-41008,3219,vuln_status,rejected,expected_exclusion,Retained in master; excluded from ML
CVE-2021-41009,3220,vuln_status,rejected,expected_exclusion,Retained in master; excluded from ML
CVE-2021-41010,3221,vuln_status,rejected,expected_exclusion,Retained in master; excluded from ML
CVE-2021-41064,3223,vuln_status,rejected,expected_exclusion,Retained in master; excluded from ML
CVE-2021-41851,3234,vuln_status,rejected,expected_exclusion,Retained in master; excluded from ML
CVE-2021-41852,3235,vuln_status,rejected,expected_exclusion,Retained in master; excluded from ML
CVE-2021-41853,3236,vuln_status,rejected,expected_exclusion,Retained in master; excluded from ML
CVE-2021-41854,3237,vuln_status,rejected,expected_exclusion,Retained in master; excluded from ML
CVE-2021-41855,3238,vuln_status,rejected,expected_exclusion,Retained in master; excluded from ML
CVE-2021-41856,3239,vuln_status,rejected,expected_exclusion,Retained in master; excluded from ML
CVE-2021-41857,3240,vuln_status,rejected,expected_exclusion,Retained in master; excluded from ML
CVE-2021-41858,3241,vuln_status,rejected,expected_exclusion,Retained in master; excluded from ML
CVE-2021-41859,3242,vuln_status,rejected,expected_exclusion,Retained in master; excluded from ML
CVE-2021-41860,3243,vuln_status,rejected,expected_exclusion,Retained in master; excluded from ML
CVE-2021-41977,3245,vuln_status,rejected,expected_exclusion,Retained in master; excluded from ML
CVE-2021-41978,3246,vuln_status,rejected,expected_exclusion,Retained in master; excluded from ML
CVE-2021-41979,3247,vuln_status,rejected,expected_exclusion,Retained in master; excluded from ML
CVE-2021-41980,3248,vuln_status,rejected,expected_exclusion,Retained in master; excluded from ML
CVE-2021-41981,3249,vuln_status,rejected,expected_exclusion,Retained in master; excluded from ML
CVE-2021-41982,3250,vuln_status,rejected,expected_exclusion,Retained in master; excluded from ML
CVE-2021-41983,3251,vuln_status,rejected,expected_exclusion,Retained in master; excluded from ML
CVE-2021-41984,3252,vuln_status,rejected,expected_exclusion,Retained in master; excluded from ML
CVE-2021-41985,3253,vuln_status,rejected,expected_exclusion,Retained in master; excluded from ML
CVE-2021-41986,3254,vuln_status,rejected,expected_exclusion,Retained in master; excluded from ML
CVE-2021-4237,3273,vuln_status,rejected,expected_exclusion,Retained in master; excluded from ML
CVE-2021-42792,3277,vuln_status,rejected,expected_exclusion,Retained in master; excluded from ML
CVE-2021-42793,3278,vuln_status,rejected,expected_exclusion,Retained in master; excluded from ML
CVE-2021-43351,3333,vuln_status,rejected,expected_exclusion,Retained in master; excluded from ML
CVE-2021-4342,3341,vuln_status,rejected,expected_exclusion,Retained in master; excluded from ML
CVE-2021-44457,3473,vuln_status,rejected,expected_exclusion,Retained in master; excluded from ML
CVE-2021-45032,3489,vuln_status,rejected,expected_exclusion,Retained in master; excluded from ML
CVE-2021-46761,3520,vuln_status,rejected,expected_exclusion,Retained in master; excluded from ML
CVE-2021-46793,3536,vuln_status,rejected,expected_exclusion,Retained in master; excluded from ML
CVE-2021-46796,3539,vuln_status,rejected,expected_exclusion,Retained in master; excluded from ML
CVE-2021-46799,3540,vuln_status,rejected,expected_exclusion,Retained in master; excluded from ML
CVE-2021-46907,3579,vuln_status,rejected,expected_exclusion,Retained in master; excluded from ML
CVE-2021-46946,3618,vuln_status,rejected,expected_exclusion,Retained in master; excluded from ML
CVE-2021-46975,3647,vuln_status,rejected,expected_exclusion,Retained in master; excluded from ML
CVE-2021-47084,3756,vuln_status,rejected,expected_exclusion,Retained in master; excluded from ML
CVE-2021-47085,3757,vuln_status,rejected,expected_exclusion,Retained in master; excluded from ML
CVE-2021-47115,3787,vuln_status,rejected,expected_exclusion,Retained in master; excluded from ML
CVE-2021-47144,3816,vuln_status,rejected,expected_exclusion,Retained in master; excluded from ML
CVE-2021-47213,3885,vuln_status,rejected,expected_exclusion,Retained in master; excluded from ML
CVE-2021-47220,3892,vuln_status,rejected,expected_exclusion,Retained in master; excluded from ML
CVE-2021-47285,3957,vuln_status,rejected,expected_exclusion,Retained in master; excluded from ML
CVE-2021-47326,3998,vuln_status,rejected,expected_exclusion,Retained in master; excluded from ML
CVE-2021-47377,4049,vuln_status,rejected,expected_exclusion,Retained in master; excluded from ML
CVE-2021-47411,4083,vuln_status,rejected,expected_exclusion,Retained in master; excluded from ML
CVE-2021-47469,4141,vuln_status,rejected,expected_exclusion,Retained in master; excluded from ML
CVE-2021-47472,4144,vuln_status,rejected,expected_exclusion,Retained in master; excluded from ML
CVE-2021-47487,4159,vuln_status,rejected,expected_exclusion,Retained in master; excluded from ML
CVE-2021-47488,4160,vuln_status,rejected,expected_exclusion,Retained in master; excluded from ML
CVE-2021-47504,4176,vuln_status,rejected,expected_exclusion,Retained in master; excluded from ML
CVE-2021-47543,4215,vuln_status,rejected,expected_exclusion,Retained in master; excluded from ML
CVE-2021-47545,4217,vuln_status,rejected,expected_exclusion,Retained in master; excluded from ML
CVE-2021-47573,4245,vuln_status,rejected,expected_exclusion,Retained in master; excluded from ML
CVE-2021-47574,4246,vuln_status,rejected,expected_exclusion,Retained in master; excluded from ML
CVE-2021-47575,4247,vuln_status,rejected,expected_exclusion,Retained in master; excluded from ML
CVE-2021-47581,4253,vuln_status,rejected,expected_exclusion,Retained in master; excluded from ML
CVE-2021-47615,4287,vuln_status,rejected,expected_exclusion,Retained in master; excluded from ML
CVE-2022-0094,4298,vuln_status,rejected,expected_exclusion,Retained in master; excluded from ML
CVE-2022-0095,4299,vuln_status,rejected,expected_exclusion,Retained in master; excluded from ML
CVE-2022-0259,4302,vuln_status,rejected,expected_exclusion,Retained in master; excluded from ML
CVE-2022-0931,4316,vuln_status,rejected,expected_exclusion,Retained in master; excluded from ML
CVE-2022-1443,4328,vuln_status,rejected,expected_exclusion,Retained in master; excluded from ML
CVE-2022-1676,4336,vuln_status,rejected,expected_exclusion,Retained in master; excluded from ML
CVE-2022-21224,4408,vuln_status,rejected,expected_exclusion,Retained in master; excluded from ML
CVE-2022-2176,4413,vuln_status,rejected,expected_exclusion,Retained in master; excluded from ML
CVE-2022-22507,4457,vuln_status,rejected,expected_exclusion,Retained in master; excluded from ML
CVE-2022-22645,4466,vuln_status,rejected,expected_exclusion,Retained in master; excluded from ML
CVE-2022-22649,4468,vuln_status,rejected,expected_exclusion,Retained in master; excluded from ML
CVE-2022-23162,4490,vuln_status,rejected,expected_exclusion,Retained in master; excluded from ML
CVE-2022-23164,4491,vuln_status,rejected,expected_exclusion,Retained in master; excluded from ML
CVE-2022-2331,4498,vuln_status,rejected,expected_exclusion,Retained in master; excluded from ML
CVE-2022-23816,4526,vuln_status,rejected,expected_exclusion,Retained in master; excluded from ML
CVE-2022-23827,4531,vuln_status,rejected,expected_exclusion,Retained in master; excluded from ML
CVE-2022-23832,4534,vuln_status,rejected,expected_exclusion,Retained in master; excluded from ML
CVE-2022-24425,4557,vuln_status,rejected,expected_exclusion,Retained in master; excluded from ML
CVE-2022-24427,4558,vuln_status,rejected,expected_exclusion,Retained in master; excluded from ML
CVE-2022-2445,4559,vuln_status,rejected,expected_exclusion,Retained in master; excluded from ML
CVE-2022-24580,4561,vuln_status,rejected,expected_exclusion,Retained in master; excluded from ML
CVE-2022-24940,4587,vuln_status,rejected,expected_exclusion,Retained in master; excluded from ML
CVE-2022-24941,4588,vuln_status,rejected,expected_exclusion,Retained in master; excluded from ML
CVE-2022-24943,4589,vuln_status,rejected,expected_exclusion,Retained in master; excluded from ML
CVE-2022-24944,4590,vuln_status,rejected,expected_exclusion,Retained in master; excluded from ML
CVE-2022-2570,4629,vuln_status,rejected,expected_exclusion,Retained in master; excluded from ML
CVE-2022-25889,4674,vuln_status,rejected,expected_exclusion,Retained in master; excluded from ML
CVE-2022-25920,4682,vuln_status,rejected,expected_exclusion,Retained in master; excluded from ML
CVE-2022-25957,4688,vuln_status,rejected,expected_exclusion,Retained in master; excluded from ML
CVE-2022-25968,4691,vuln_status,rejected,expected_exclusion,Retained in master; excluded from ML
CVE-2022-25997,4697,vuln_status,rejected,expected_exclusion,Retained in master; excluded from ML
CVE-2022-26027,4699,vuln_status,rejected,expected_exclusion,Retained in master; excluded from ML
CVE-2022-26031,4700,vuln_status,rejected,expected_exclusion,Retained in master; excluded from ML
CVE-2022-26039,4702,vuln_status,rejected,expected_exclusion,Retained in master; excluded from ML
CVE-2022-26053,4704,vuln_status,rejected,expected_exclusion,Retained in master; excluded from ML
CVE-2022-26055,4705,vuln_status,rejected,expected_exclusion,Retained in master; excluded from ML
CVE-2022-26058,4706,vuln_status,rejected,expected_exclusion,Retained in master; excluded from ML
CVE-2022-26087,4710,vuln_status,rejected,expected_exclusion,Retained in master; excluded from ML
CVE-2022-26123,4712,vuln_status,rejected,expected_exclusion,Retained in master; excluded from ML
CVE-2022-26339,4718,vuln_status,rejected,expected_exclusion,Retained in master; excluded from ML
CVE-2022-26347,4721,vuln_status,rejected,expected_exclusion,Retained in master; excluded from ML
CVE-2022-26416,4722,vuln_status,rejected,expected_exclusion,Retained in master; excluded from ML
CVE-2022-26418,4723,vuln_status,rejected,expected_exclusion,Retained in master; excluded from ML
CVE-2022-26689,4732,vuln_status,rejected,expected_exclusion,Retained in master; excluded from ML
CVE-2022-26692,4733,vuln_status,rejected,expected_exclusion,Retained in master; excluded from ML
CVE-2022-26705,4735,vuln_status,rejected,expected_exclusion,Retained in master; excluded from ML
CVE-2022-26729,4736,vuln_status,rejected,expected_exclusion,Retained in master; excluded from ML
CVE-2022-26732,4737,vuln_status,rejected,expected_exclusion,Retained in master; excluded from ML
CVE-2022-26733,4738,vuln_status,rejected,expected_exclusion,Retained in master; excluded from ML
CVE-2022-26734,4739,vuln_status,rejected,expected_exclusion,Retained in master; excluded from ML
CVE-2022-26735,4740,vuln_status,rejected,expected_exclusion,Retained in master; excluded from ML
CVE-2022-26853,4747,vuln_status,rejected,expected_exclusion,Retained in master; excluded from ML
CVE-2022-27675,4794,vuln_status,rejected,expected_exclusion,Retained in master; excluded from ML
CVE-2022-27676,4795,vuln_status,rejected,expected_exclusion,Retained in master; excluded from ML
CVE-2022-27915,4806,vuln_status,rejected,expected_exclusion,Retained in master; excluded from ML
CVE-2022-27916,4807,vuln_status,rejected,expected_exclusion,Retained in master; excluded from ML
CVE-2022-27917,4808,vuln_status,rejected,expected_exclusion,Retained in master; excluded from ML
CVE-2022-27918,4809,vuln_status,rejected,expected_exclusion,Retained in master; excluded from ML
CVE-2022-29086,4897,vuln_status,rejected,expected_exclusion,Retained in master; excluded from ML
CVE-2022-29087,4898,vuln_status,rejected,expected_exclusion,Retained in master; excluded from ML
CVE-2022-29088,4899,vuln_status,rejected,expected_exclusion,Retained in master; excluded from ML
CVE-2022-29099,4900,vuln_status,rejected,expected_exclusion,Retained in master; excluded from ML
CVE-2022-29100,4901,vuln_status,rejected,expected_exclusion,Retained in master; excluded from ML
CVE-2022-29101,4902,vuln_status,rejected,expected_exclusion,Retained in master; excluded from ML
CVE-2022-29409,4909,vuln_status,rejected,expected_exclusion,Retained in master; excluded from ML
CVE-2022-29899,4937,vuln_status,rejected,expected_exclusion,Retained in master; excluded from ML
CVE-2022-30996,4999,vuln_status,rejected,expected_exclusion,Retained in master; excluded from ML
CVE-2022-3117,5004,vuln_status,rejected,expected_exclusion,Retained in master; excluded from ML
CVE-2022-31227,5006,vuln_status,rejected,expected_exclusion,Retained in master; excluded from ML
CVE-2022-31242,5007,vuln_status,rejected,expected_exclusion,Retained in master; excluded from ML
CVE-2022-3168,5050,vuln_status,rejected,expected_exclusion,Retained in master; excluded from ML
CVE-2022-32147,5069,vuln_status,rejected,expected_exclusion,Retained in master; excluded from ML
CVE-2022-32191,5071,vuln_status,rejected,expected_exclusion,Retained in master; excluded from ML
CVE-2022-32472,5082,vuln_status,rejected,expected_exclusion,Retained in master; excluded from ML
CVE-2022-32479,5089,vuln_status,rejected,expected_exclusion,Retained in master; excluded from ML
CVE-2022-32494,5093,vuln_status,rejected,expected_exclusion,Retained in master; excluded from ML
CVE-2022-32495,5094,vuln_status,rejected,expected_exclusion,Retained in master; excluded from ML
CVE-2022-32496,5095,vuln_status,rejected,expected_exclusion,Retained in master; excluded from ML
CVE-2022-32497,5096,vuln_status,rejected,expected_exclusion,Retained in master; excluded from ML
CVE-2022-32667,5163,vuln_status,rejected,expected_exclusion,Retained in master; excluded from ML
CVE-2022-32668,5164,vuln_status,rejected,expected_exclusion,Retained in master; excluded from ML
CVE-2022-32669,5165,vuln_status,rejected,expected_exclusion,Retained in master; excluded from ML
CVE-2022-32670,5166,vuln_status,rejected,expected_exclusion,Retained in master; excluded from ML
CVE-2022-32671,5167,vuln_status,rejected,expected_exclusion,Retained in master; excluded from ML
CVE-2022-32672,5168,vuln_status,rejected,expected_exclusion,Retained in master; excluded from ML
CVE-2022-32673,5169,vuln_status,rejected,expected_exclusion,Retained in master; excluded from ML
CVE-2022-32674,5170,vuln_status,rejected,expected_exclusion,Retained in master; excluded from ML
CVE-2022-32675,5171,vuln_status,rejected,expected_exclusion,Retained in master; excluded from ML
CVE-2022-32676,5172,vuln_status,rejected,expected_exclusion,Retained in master; excluded from ML
CVE-2022-32677,5173,vuln_status,rejected,expected_exclusion,Retained in master; excluded from ML
CVE-2022-32678,5174,vuln_status,rejected,expected_exclusion,Retained in master; excluded from ML
CVE-2022-32679,5175,vuln_status,rejected,expected_exclusion,Retained in master; excluded from ML
CVE-2022-32680,5176,vuln_status,rejected,expected_exclusion,Retained in master; excluded from ML
CVE-2022-32681,5177,vuln_status,rejected,expected_exclusion,Retained in master; excluded from ML
CVE-2022-32682,5178,vuln_status,rejected,expected_exclusion,Retained in master; excluded from ML
CVE-2022-32683,5179,vuln_status,rejected,expected_exclusion,Retained in master; excluded from ML
CVE-2022-32684,5180,vuln_status,rejected,expected_exclusion,Retained in master; excluded from ML
CVE-2022-32685,5181,vuln_status,rejected,expected_exclusion,Retained in master; excluded from ML
CVE-2022-32686,5182,vuln_status,rejected,expected_exclusion,Retained in master; excluded from ML
CVE-2022-32687,5183,vuln_status,rejected,expected_exclusion,Retained in master; excluded from ML
CVE-2022-32688,5184,vuln_status,rejected,expected_exclusion,Retained in master; excluded from ML
CVE-2022-32689,5185,vuln_status,rejected,expected_exclusion,Retained in master; excluded from ML
CVE-2022-32690,5186,vuln_status,rejected,expected_exclusion,Retained in master; excluded from ML
CVE-2022-32691,5187,vuln_status,rejected,expected_exclusion,Retained in master; excluded from ML
CVE-2022-32692,5188,vuln_status,rejected,expected_exclusion,Retained in master; excluded from ML
CVE-2022-32693,5189,vuln_status,rejected,expected_exclusion,Retained in master; excluded from ML
CVE-2022-32694,5190,vuln_status,rejected,expected_exclusion,Retained in master; excluded from ML
CVE-2022-32695,5191,vuln_status,rejected,expected_exclusion,Retained in master; excluded from ML
CVE-2022-32696,5192,vuln_status,rejected,expected_exclusion,Retained in master; excluded from ML
CVE-2022-32697,5193,vuln_status,rejected,expected_exclusion,Retained in master; excluded from ML
CVE-2022-32698,5194,vuln_status,rejected,expected_exclusion,Retained in master; excluded from ML
CVE-2022-32699,5195,vuln_status,rejected,expected_exclusion,Retained in master; excluded from ML
CVE-2022-32700,5196,vuln_status,rejected,expected_exclusion,Retained in master; excluded from ML
CVE-2022-32701,5197,vuln_status,rejected,expected_exclusion,Retained in master; excluded from ML
CVE-2022-32702,5198,vuln_status,rejected,expected_exclusion,Retained in master; excluded from ML
CVE-2022-32703,5199,vuln_status,rejected,expected_exclusion,Retained in master; excluded from ML
CVE-2022-32704,5200,vuln_status,rejected,expected_exclusion,Retained in master; excluded from ML
CVE-2022-32705,5201,vuln_status,rejected,expected_exclusion,Retained in master; excluded from ML
CVE-2022-32706,5202,vuln_status,rejected,expected_exclusion,Retained in master; excluded from ML
CVE-2022-32707,5203,vuln_status,rejected,expected_exclusion,Retained in master; excluded from ML
CVE-2022-32708,5204,vuln_status,rejected,expected_exclusion,Retained in master; excluded from ML
CVE-2022-32709,5205,vuln_status,rejected,expected_exclusion,Retained in master; excluded from ML
CVE-2022-32710,5206,vuln_status,rejected,expected_exclusion,Retained in master; excluded from ML
CVE-2022-32711,5207,vuln_status,rejected,expected_exclusion,Retained in master; excluded from ML
CVE-2022-32712,5208,vuln_status,rejected,expected_exclusion,Retained in master; excluded from ML
CVE-2022-32713,5209,vuln_status,rejected,expected_exclusion,Retained in master; excluded from ML
CVE-2022-32714,5210,vuln_status,rejected,expected_exclusion,Retained in master; excluded from ML
CVE-2022-32715,5211,vuln_status,rejected,expected_exclusion,Retained in master; excluded from ML
CVE-2022-32716,5212,vuln_status,rejected,expected_exclusion,Retained in master; excluded from ML
CVE-2022-32717,5213,vuln_status,rejected,expected_exclusion,Retained in master; excluded from ML
CVE-2022-32718,5214,vuln_status,rejected,expected_exclusion,Retained in master; excluded from ML
CVE-2022-32719,5215,vuln_status,rejected,expected_exclusion,Retained in master; excluded from ML
CVE-2022-32720,5216,vuln_status,rejected,expected_exclusion,Retained in master; excluded from ML
CVE-2022-32721,5217,vuln_status,rejected,expected_exclusion,Retained in master; excluded from ML
CVE-2022-32722,5218,vuln_status,rejected,expected_exclusion,Retained in master; excluded from ML
CVE-2022-32723,5219,vuln_status,rejected,expected_exclusion,Retained in master; excluded from ML
CVE-2022-32724,5220,vuln_status,rejected,expected_exclusion,Retained in master; excluded from ML
CVE-2022-32725,5221,vuln_status,rejected,expected_exclusion,Retained in master; excluded from ML
CVE-2022-32726,5222,vuln_status,rejected,expected_exclusion,Retained in master; excluded from ML
CVE-2022-32727,5223,vuln_status,rejected,expected_exclusion,Retained in master; excluded from ML
CVE-2022-32728,5224,vuln_status,rejected,expected_exclusion,Retained in master; excluded from ML
CVE-2022-32729,5225,vuln_status,rejected,expected_exclusion,Retained in master; excluded from ML
CVE-2022-32730,5226,vuln_status,rejected,expected_exclusion,Retained in master; excluded from ML
CVE-2022-32731,5227,vuln_status,rejected,expected_exclusion,Retained in master; excluded from ML
CVE-2022-32732,5228,vuln_status,rejected,expected_exclusion,Retained in master; excluded from ML
CVE-2022-32733,5229,vuln_status,rejected,expected_exclusion,Retained in master; excluded from ML
CVE-2022-32734,5230,vuln_status,rejected,expected_exclusion,Retained in master; excluded from ML
CVE-2022-32735,5231,vuln_status,rejected,expected_exclusion,Retained in master; excluded from ML
CVE-2022-32736,5232,vuln_status,rejected,expected_exclusion,Retained in master; excluded from ML
CVE-2022-32737,5233,vuln_status,rejected,expected_exclusion,Retained in master; excluded from ML
CVE-2022-32738,5234,vuln_status,rejected,expected_exclusion,Retained in master; excluded from ML
CVE-2022-32779,5248,vuln_status,rejected,expected_exclusion,Retained in master; excluded from ML
CVE-2022-32791,5250,vuln_status,rejected,expected_exclusion,Retained in master; excluded from ML
CVE-2022-32804,5251,vuln_status,rejected,expected_exclusion,Retained in master; excluded from ML
CVE-2022-32806,5252,vuln_status,rejected,expected_exclusion,Retained in master; excluded from ML
CVE-2022-32808,5253,vuln_status,rejected,expected_exclusion,Retained in master; excluded from ML
CVE-2022-32809,5254,vuln_status,rejected,expected_exclusion,Retained in master; excluded from ML
CVE-2022-32822,5255,vuln_status,rejected,expected_exclusion,Retained in master; excluded from ML
CVE-2022-32850,5262,vuln_status,rejected,expected_exclusion,Retained in master; excluded from ML
CVE-2022-32856,5264,vuln_status,rejected,expected_exclusion,Retained in master; excluded from ML
CVE-2022-32873,5266,vuln_status,rejected,expected_exclusion,Retained in master; excluded from ML
CVE-2022-32874,5267,vuln_status,rejected,expected_exclusion,Retained in master; excluded from ML
CVE-2022-32878,5269,vuln_status,rejected,expected_exclusion,Retained in master; excluded from ML
CVE-2022-32884,5270,vuln_status,rejected,expected_exclusion,Retained in master; excluded from ML
CVE-2022-32901,5276,vuln_status,rejected,expected_exclusion,Retained in master; excluded from ML
CVE-2022-32921,5281,vuln_status,rejected,expected_exclusion,Retained in master; excluded from ML
CVE-2022-32930,5282,vuln_status,rejected,expected_exclusion,Retained in master; excluded from ML
CVE-2022-32952,5287,vuln_status,rejected,expected_exclusion,Retained in master; excluded from ML
CVE-2022-33010,5295,vuln_status,rejected,expected_exclusion,Retained in master; excluded from ML
CVE-2022-33860,5400,vuln_status,rejected,expected_exclusion,Retained in master; excluded from ML
CVE-2022-33933,5410,vuln_status,rejected,expected_exclusion,Retained in master; excluded from ML
CVE-2022-3403,5422,vuln_status,rejected,expected_exclusion,Retained in master; excluded from ML
CVE-2022-3404,5424,vuln_status,rejected,expected_exclusion,Retained in master; excluded from ML
CVE-2022-3428,5453,vuln_status,rejected,expected_exclusion,Retained in master; excluded from ML
CVE-2022-34395,5491,vuln_status,rejected,expected_exclusion,Retained in master; excluded from ML
CVE-2022-34461,5541,vuln_status,rejected,expected_exclusion,Retained in master; excluded from ML
CVE-2022-3487,5563,vuln_status,rejected,expected_exclusion,Retained in master; excluded from ML
CVE-2022-3678,5688,vuln_status,rejected,expected_exclusion,Retained in master; excluded from ML
CVE-2022-3680,5693,vuln_status,rejected,expected_exclusion,Retained in master; excluded from ML
CVE-2022-36816,5695,vuln_status,rejected,expected_exclusion,Retained in master; excluded from ML
CVE-2022-36827,5697,vuln_status,rejected,expected_exclusion,Retained in master; excluded from ML
CVE-2022-37249,5745,vuln_status,rejected,expected_exclusion,Retained in master; excluded from ML
CVE-2022-37303,5748,vuln_status,rejected,expected_exclusion,Retained in master; excluded from ML
CVE-2022-37304,5749,vuln_status,rejected,expected_exclusion,Retained in master; excluded from ML
CVE-2022-37460,5816,vuln_status,rejected,expected_exclusion,Retained in master; excluded from ML
CVE-2022-37708,5827,vuln_status,rejected,expected_exclusion,Retained in master; excluded from ML
CVE-2022-37941,5845,vuln_status,rejected,expected_exclusion,Retained in master; excluded from ML
CVE-2022-37942,5846,vuln_status,rejected,expected_exclusion,Retained in master; excluded from ML
CVE-2022-37943,5847,vuln_status,rejected,expected_exclusion,Retained in master; excluded from ML
CVE-2022-37944,5848,vuln_status,rejected,expected_exclusion,Retained in master; excluded from ML
CVE-2022-37945,5849,vuln_status,rejected,expected_exclusion,Retained in master; excluded from ML
CVE-2022-37946,5850,vuln_status,rejected,expected_exclusion,Retained in master; excluded from ML
CVE-2022-37947,5851,vuln_status,rejected,expected_exclusion,Retained in master; excluded from ML
CVE-2022-37948,5852,vuln_status,rejected,expected_exclusion,Retained in master; excluded from ML
CVE-2022-37949,5853,vuln_status,rejected,expected_exclusion,Retained in master; excluded from ML
CVE-2022-37950,5854,vuln_status,rejected,expected_exclusion,Retained in master; excluded from ML
CVE-2022-37951,5855,vuln_status,rejected,expected_exclusion,Retained in master; excluded from ML
CVE-2022-38287,5885,vuln_status,rejected,expected_exclusion,Retained in master; excluded from ML
CVE-2022-38322,5887,vuln_status,rejected,expected_exclusion,Retained in master; excluded from ML
CVE-2022-3857,5922,vuln_status,rejected,expected_exclusion,Retained in master; excluded from ML
CVE-2022-38636,5928,vuln_status,rejected,expected_exclusion,Retained in master; excluded from ML
CVE-2022-38735,5952,vuln_status,rejected,expected_exclusion,Retained in master; excluded from ML
CVE-2022-38736,5953,vuln_status,rejected,expected_exclusion,Retained in master; excluded from ML
CVE-2022-38737,5954,vuln_status,rejected,expected_exclusion,Retained in master; excluded from ML
CVE-2022-38738,5955,vuln_status,rejected,expected_exclusion,Retained in master; excluded from ML
CVE-2022-38739,5956,vuln_status,rejected,expected_exclusion,Retained in master; excluded from ML
CVE-2022-38740,5958,vuln_status,rejected,expected_exclusion,Retained in master; excluded from ML
CVE-2022-38741,5959,vuln_status,rejected,expected_exclusion,Retained in master; excluded from ML
CVE-2022-3938,6047,vuln_status,rejected,expected_exclusion,Retained in master; excluded from ML
CVE-2022-40148,6096,vuln_status,rejected,expected_exclusion,Retained in master; excluded from ML
CVE-2022-40162,6097,vuln_status,rejected,expected_exclusion,Retained in master; excluded from ML
CVE-2022-40163,6098,vuln_status,rejected,expected_exclusion,Retained in master; excluded from ML
CVE-2022-40164,6099,vuln_status,rejected,expected_exclusion,Retained in master; excluded from ML
CVE-2022-40165,6100,vuln_status,rejected,expected_exclusion,Retained in master; excluded from ML
CVE-2022-40166,6101,vuln_status,rejected,expected_exclusion,Retained in master; excluded from ML
CVE-2022-40167,6102,vuln_status,rejected,expected_exclusion,Retained in master; excluded from ML
CVE-2022-40168,6103,vuln_status,rejected,expected_exclusion,Retained in master; excluded from ML
CVE-2022-40169,6104,vuln_status,rejected,expected_exclusion,Retained in master; excluded from ML
CVE-2022-40170,6106,vuln_status,rejected,expected_exclusion,Retained in master; excluded from ML
CVE-2022-40171,6107,vuln_status,rejected,expected_exclusion,Retained in master; excluded from ML
CVE-2022-40172,6108,vuln_status,rejected,expected_exclusion,Retained in master; excluded from ML
CVE-2022-40173,6109,vuln_status,rejected,expected_exclusion,Retained in master; excluded from ML
CVE-2022-40174,6110,vuln_status,rejected,expected_exclusion,Retained in master; excluded from ML
CVE-2022-40175,6111,vuln_status,rejected,expected_exclusion,Retained in master; excluded from ML
CVE-2022-40214,6120,vuln_status,rejected,expected_exclusion,Retained in master; excluded from ML
CVE-2022-40270,6134,vuln_status,rejected,expected_exclusion,Retained in master; excluded from ML
CVE-2022-40271,6135,vuln_status,rejected,expected_exclusion,Retained in master; excluded from ML
CVE-2022-40272,6136,vuln_status,rejected,expected_exclusion,Retained in master; excluded from ML
CVE-2022-40273,6137,vuln_status,rejected,expected_exclusion,Retained in master; excluded from ML
CVE-2022-4038,6146,vuln_status,rejected,expected_exclusion,Retained in master; excluded from ML
CVE-2022-40433,6150,vuln_status,rejected,expected_exclusion,Retained in master; excluded from ML
CVE-2022-40541,6191,vuln_status,rejected,expected_exclusion,Retained in master; excluded from ML
CVE-2022-40542,6192,vuln_status,rejected,expected_exclusion,Retained in master; excluded from ML
CVE-2022-40543,6193,vuln_status,rejected,expected_exclusion,Retained in master; excluded from ML
CVE-2022-40544,6194,vuln_status,rejected,expected_exclusion,Retained in master; excluded from ML
CVE-2022-40545,6195,vuln_status,rejected,expected_exclusion,Retained in master; excluded from ML
CVE-2022-40546,6196,vuln_status,rejected,expected_exclusion,Retained in master; excluded from ML
CVE-2022-40547,6197,vuln_status,rejected,expected_exclusion,Retained in master; excluded from ML
CVE-2022-40548,6198,vuln_status,rejected,expected_exclusion,Retained in master; excluded from ML
CVE-2022-40549,6199,vuln_status,rejected,expected_exclusion,Retained in master; excluded from ML
CVE-2022-40550,6200,vuln_status,rejected,expected_exclusion,Retained in master; excluded from ML
CVE-2022-40551,6201,vuln_status,rejected,expected_exclusion,Retained in master; excluded from ML
CVE-2022-40552,6202,vuln_status,rejected,expected_exclusion,Retained in master; excluded from ML
CVE-2022-40553,6203,vuln_status,rejected,expected_exclusion,Retained in master; excluded from ML
CVE-2022-40554,6204,vuln_status,rejected,expected_exclusion,Retained in master; excluded from ML
CVE-2022-40555,6205,vuln_status,rejected,expected_exclusion,Retained in master; excluded from ML
CVE-2022-40556,6206,vuln_status,rejected,expected_exclusion,Retained in master; excluded from ML
CVE-2022-40557,6207,vuln_status,rejected,expected_exclusion,Retained in master; excluded from ML
CVE-2022-40558,6208,vuln_status,rejected,expected_exclusion,Retained in master; excluded from ML
CVE-2022-40559,6209,vuln_status,rejected,expected_exclusion,Retained in master; excluded from ML
CVE-2022-40560,6210,vuln_status,rejected,expected_exclusion,Retained in master; excluded from ML
CVE-2022-40561,6211,vuln_status,rejected,expected_exclusion,Retained in master; excluded from ML
CVE-2022-40562,6212,vuln_status,rejected,expected_exclusion,Retained in master; excluded from ML
CVE-2022-40563,6213,vuln_status,rejected,expected_exclusion,Retained in master; excluded from ML
CVE-2022-40564,6214,vuln_status,rejected,expected_exclusion,Retained in master; excluded from ML
CVE-2022-40565,6215,vuln_status,rejected,expected_exclusion,Retained in master; excluded from ML
CVE-2022-40566,6216,vuln_status,rejected,expected_exclusion,Retained in master; excluded from ML
CVE-2022-40567,6217,vuln_status,rejected,expected_exclusion,Retained in master; excluded from ML
CVE-2022-40568,6218,vuln_status,rejected,expected_exclusion,Retained in master; excluded from ML
CVE-2022-40569,6219,vuln_status,rejected,expected_exclusion,Retained in master; excluded from ML
CVE-2022-40570,6221,vuln_status,rejected,expected_exclusion,Retained in master; excluded from ML
CVE-2022-40571,6222,vuln_status,rejected,expected_exclusion,Retained in master; excluded from ML
CVE-2022-40572,6223,vuln_status,rejected,expected_exclusion,Retained in master; excluded from ML
CVE-2022-40573,6224,vuln_status,rejected,expected_exclusion,Retained in master; excluded from ML
CVE-2022-40574,6225,vuln_status,rejected,expected_exclusion,Retained in master; excluded from ML
CVE-2022-40575,6226,vuln_status,rejected,expected_exclusion,Retained in master; excluded from ML
CVE-2022-40576,6227,vuln_status,rejected,expected_exclusion,Retained in master; excluded from ML
CVE-2022-40577,6228,vuln_status,rejected,expected_exclusion,Retained in master; excluded from ML
CVE-2022-40578,6229,vuln_status,rejected,expected_exclusion,Retained in master; excluded from ML
CVE-2022-40579,6230,vuln_status,rejected,expected_exclusion,Retained in master; excluded from ML
CVE-2022-40580,6231,vuln_status,rejected,expected_exclusion,Retained in master; excluded from ML
CVE-2022-40581,6232,vuln_status,rejected,expected_exclusion,Retained in master; excluded from ML
CVE-2022-40582,6233,vuln_status,rejected,expected_exclusion,Retained in master; excluded from ML
CVE-2022-40583,6234,vuln_status,rejected,expected_exclusion,Retained in master; excluded from ML
CVE-2022-40584,6235,vuln_status,rejected,expected_exclusion,Retained in master; excluded from ML
CVE-2022-40585,6236,vuln_status,rejected,expected_exclusion,Retained in master; excluded from ML
CVE-2022-40586,6237,vuln_status,rejected,expected_exclusion,Retained in master; excluded from ML
CVE-2022-40587,6238,vuln_status,rejected,expected_exclusion,Retained in master; excluded from ML
CVE-2022-40588,6239,vuln_status,rejected,expected_exclusion,Retained in master; excluded from ML
CVE-2022-40589,6240,vuln_status,rejected,expected_exclusion,Retained in master; excluded from ML
CVE-2022-40590,6242,vuln_status,rejected,expected_exclusion,Retained in master; excluded from ML
CVE-2022-40591,6243,vuln_status,rejected,expected_exclusion,Retained in master; excluded from ML
CVE-2022-40592,6244,vuln_status,rejected,expected_exclusion,Retained in master; excluded from ML
CVE-2022-40593,6245,vuln_status,rejected,expected_exclusion,Retained in master; excluded from ML
CVE-2022-40594,6246,vuln_status,rejected,expected_exclusion,Retained in master; excluded from ML
CVE-2022-40595,6247,vuln_status,rejected,expected_exclusion,Retained in master; excluded from ML
CVE-2022-40596,6248,vuln_status,rejected,expected_exclusion,Retained in master; excluded from ML
CVE-2022-40597,6249,vuln_status,rejected,expected_exclusion,Retained in master; excluded from ML
CVE-2022-40598,6250,vuln_status,rejected,expected_exclusion,Retained in master; excluded from ML
CVE-2022-40599,6251,vuln_status,rejected,expected_exclusion,Retained in master; excluded from ML
CVE-2022-40600,6253,vuln_status,rejected,expected_exclusion,Retained in master; excluded from ML
CVE-2022-40601,6254,vuln_status,rejected,expected_exclusion,Retained in master; excluded from ML
CVE-2022-4133,6392,vuln_status,rejected,expected_exclusion,Retained in master; excluded from ML
CVE-2022-41718,6457,vuln_status,rejected,expected_exclusion,Retained in master; excluded from ML
CVE-2022-41726,6463,vuln_status,rejected,expected_exclusion,Retained in master; excluded from ML
CVE-2022-41728,6465,vuln_status,rejected,expected_exclusion,Retained in master; excluded from ML
CVE-2022-41729,6466,vuln_status,rejected,expected_exclusion,Retained in master; excluded from ML
CVE-2022-41730,6467,vuln_status,rejected,expected_exclusion,Retained in master; excluded from ML
CVE-2022-41809,6492,vuln_status,rejected,expected_exclusion,Retained in master; excluded from ML
CVE-2022-41810,6493,vuln_status,rejected,expected_exclusion,Retained in master; excluded from ML
CVE-2022-41811,6494,vuln_status,rejected,expected_exclusion,Retained in master; excluded from ML
CVE-2022-41812,6495,vuln_status,rejected,expected_exclusion,Retained in master; excluded from ML
CVE-2022-42293,6559,vuln_status,rejected,expected_exclusion,Retained in master; excluded from ML
CVE-2022-42294,6560,vuln_status,rejected,expected_exclusion,Retained in master; excluded from ML
CVE-2022-42295,6561,vuln_status,rejected,expected_exclusion,Retained in master; excluded from ML
CVE-2022-42296,6562,vuln_status,rejected,expected_exclusion,Retained in master; excluded from ML
CVE-2022-42297,6563,vuln_status,rejected,expected_exclusion,Retained in master; excluded from ML
CVE-2022-42298,6564,vuln_status,rejected,expected_exclusion,Retained in master; excluded from ML
CVE-2022-42337,6573,vuln_status,rejected,expected_exclusion,Retained in master; excluded from ML
CVE-2022-42338,6574,vuln_status,rejected,expected_exclusion,Retained in master; excluded from ML
CVE-2022-42794,6695,vuln_status,rejected,expected_exclusion,Retained in master; excluded from ML
CVE-2022-42802,6697,vuln_status,rejected,expected_exclusion,Retained in master; excluded from ML
CVE-2022-42804,6698,vuln_status,rejected,expected_exclusion,Retained in master; excluded from ML
CVE-2022-42822,6701,vuln_status,rejected,expected_exclusion,Retained in master; excluded from ML
CVE-2022-42835,6706,vuln_status,rejected,expected_exclusion,Retained in master; excluded from ML
CVE-2022-4284,6709,vuln_status,rejected,expected_exclusion,Retained in master; excluded from ML
CVE-2022-42857,6711,vuln_status,rejected,expected_exclusion,Retained in master; excluded from ML
CVE-2022-42986,6739,vuln_status,rejected,expected_exclusion,Retained in master; excluded from ML
CVE-2022-43128,6751,vuln_status,rejected,expected_exclusion,Retained in master; excluded from ML
CVE-2022-4327,6762,vuln_status,rejected,expected_exclusion,Retained in master; excluded from ML
CVE-2022-43375,6775,vuln_status,rejected,expected_exclusion,Retained in master; excluded from ML
CVE-2022-43399,6786,vuln_status,rejected,expected_exclusion,Retained in master; excluded from ML
CVE-2022-43583,6863,vuln_status,rejected,expected_exclusion,Retained in master; excluded from ML
CVE-2022-43584,6864,vuln_status,rejected,expected_exclusion,Retained in master; excluded from ML
CVE-2022-43585,6865,vuln_status,rejected,expected_exclusion,Retained in master; excluded from ML
CVE-2022-43586,6866,vuln_status,rejected,expected_exclusion,Retained in master; excluded from ML
CVE-2022-43587,6867,vuln_status,rejected,expected_exclusion,Retained in master; excluded from ML
CVE-2022-4367,6932,vuln_status,rejected,expected_exclusion,Retained in master; excluded from ML
CVE-2022-43783,6985,vuln_status,rejected,expected_exclusion,Retained in master; excluded from ML
CVE-2022-43784,6986,vuln_status,rejected,expected_exclusion,Retained in master; excluded from ML
CVE-2022-43785,6987,vuln_status,rejected,expected_exclusion,Retained in master; excluded from ML
CVE-2022-43786,6988,vuln_status,rejected,expected_exclusion,Retained in master; excluded from ML
CVE-2022-43787,6989,vuln_status,rejected,expected_exclusion,Retained in master; excluded from ML
CVE-2022-43788,6990,vuln_status,rejected,expected_exclusion,Retained in master; excluded from ML
CVE-2022-43789,6991,vuln_status,rejected,expected_exclusion,Retained in master; excluded from ML
CVE-2022-43790,6993,vuln_status,rejected,expected_exclusion,Retained in master; excluded from ML
CVE-2022-43791,6994,vuln_status,rejected,expected_exclusion,Retained in master; excluded from ML
CVE-2022-43792,6995,vuln_status,rejected,expected_exclusion,Retained in master; excluded from ML
CVE-2022-43793,6996,vuln_status,rejected,expected_exclusion,Retained in master; excluded from ML
CVE-2022-43794,6997,vuln_status,rejected,expected_exclusion,Retained in master; excluded from ML
CVE-2022-43795,6998,vuln_status,rejected,expected_exclusion,Retained in master; excluded from ML
CVE-2022-43796,6999,vuln_status,rejected,expected_exclusion,Retained in master; excluded from ML
CVE-2022-43797,7000,vuln_status,rejected,expected_exclusion,Retained in master; excluded from ML
CVE-2022-43798,7001,vuln_status,rejected,expected_exclusion,Retained in master; excluded from ML
CVE-2022-43799,7002,vuln_status,rejected,expected_exclusion,Retained in master; excluded from ML
CVE-2022-43800,7003,vuln_status,rejected,expected_exclusion,Retained in master; excluded from ML
CVE-2022-43801,7004,vuln_status,rejected,expected_exclusion,Retained in master; excluded from ML
CVE-2022-43802,7005,vuln_status,rejected,expected_exclusion,Retained in master; excluded from ML
CVE-2022-43803,7006,vuln_status,rejected,expected_exclusion,Retained in master; excluded from ML
CVE-2022-43804,7007,vuln_status,rejected,expected_exclusion,Retained in master; excluded from ML
CVE-2022-43805,7008,vuln_status,rejected,expected_exclusion,Retained in master; excluded from ML
CVE-2022-43806,7009,vuln_status,rejected,expected_exclusion,Retained in master; excluded from ML
CVE-2022-43807,7010,vuln_status,rejected,expected_exclusion,Retained in master; excluded from ML
CVE-2022-43808,7011,vuln_status,rejected,expected_exclusion,Retained in master; excluded from ML
CVE-2022-43809,7012,vuln_status,rejected,expected_exclusion,Retained in master; excluded from ML
CVE-2022-43810,7014,vuln_status,rejected,expected_exclusion,Retained in master; excluded from ML
CVE-2022-43811,7015,vuln_status,rejected,expected_exclusion,Retained in master; excluded from ML
CVE-2022-43812,7016,vuln_status,rejected,expected_exclusion,Retained in master; excluded from ML
CVE-2022-43813,7017,vuln_status,rejected,expected_exclusion,Retained in master; excluded from ML
CVE-2022-43814,7018,vuln_status,rejected,expected_exclusion,Retained in master; excluded from ML
CVE-2022-43815,7019,vuln_status,rejected,expected_exclusion,Retained in master; excluded from ML
CVE-2022-43816,7020,vuln_status,rejected,expected_exclusion,Retained in master; excluded from ML
CVE-2022-43817,7021,vuln_status,rejected,expected_exclusion,Retained in master; excluded from ML
CVE-2022-43818,7022,vuln_status,rejected,expected_exclusion,Retained in master; excluded from ML
CVE-2022-43819,7023,vuln_status,rejected,expected_exclusion,Retained in master; excluded from ML
CVE-2022-43820,7025,vuln_status,rejected,expected_exclusion,Retained in master; excluded from ML
CVE-2022-43821,7026,vuln_status,rejected,expected_exclusion,Retained in master; excluded from ML
CVE-2022-43822,7027,vuln_status,rejected,expected_exclusion,Retained in master; excluded from ML
CVE-2022-43823,7028,vuln_status,rejected,expected_exclusion,Retained in master; excluded from ML
CVE-2022-43824,7029,vuln_status,rejected,expected_exclusion,Retained in master; excluded from ML
CVE-2022-43825,7030,vuln_status,rejected,expected_exclusion,Retained in master; excluded from ML
CVE-2022-43826,7031,vuln_status,rejected,expected_exclusion,Retained in master; excluded from ML
CVE-2022-43827,7032,vuln_status,rejected,expected_exclusion,Retained in master; excluded from ML
CVE-2022-43828,7033,vuln_status,rejected,expected_exclusion,Retained in master; excluded from ML
CVE-2022-43829,7034,vuln_status,rejected,expected_exclusion,Retained in master; excluded from ML
CVE-2022-43830,7036,vuln_status,rejected,expected_exclusion,Retained in master; excluded from ML
CVE-2022-4404,7132,vuln_status,rejected,expected_exclusion,Retained in master; excluded from ML
CVE-2022-4405,7133,vuln_status,rejected,expected_exclusion,Retained in master; excluded from ML
CVE-2022-4411,7134,vuln_status,rejected,expected_exclusion,Retained in master; excluded from ML
CVE-2022-4412,7135,vuln_status,rejected,expected_exclusion,Retained in master; excluded from ML
CVE-2022-4424,7144,vuln_status,rejected,expected_exclusion,Retained in master; excluded from ML
CVE-2022-4425,7145,vuln_status,rejected,expected_exclusion,Retained in master; excluded from ML
CVE-2022-44536,7222,vuln_status,rejected,expected_exclusion,Retained in master; excluded from ML
CVE-2022-44537,7223,vuln_status,rejected,expected_exclusion,Retained in master; excluded from ML
CVE-2022-44538,7224,vuln_status,rejected,expected_exclusion,Retained in master; excluded from ML
CVE-2022-44539,7225,vuln_status,rejected,expected_exclusion,Retained in master; excluded from ML
CVE-2022-44540,7226,vuln_status,rejected,expected_exclusion,Retained in master; excluded from ML
CVE-2022-44541,7227,vuln_status,rejected,expected_exclusion,Retained in master; excluded from ML
CVE-2022-4463,7258,vuln_status,rejected,expected_exclusion,Retained in master; excluded from ML
CVE-2022-45148,7382,vuln_status,rejected,expected_exclusion,Retained in master; excluded from ML
CVE-2022-4528,7408,vuln_status,rejected,expected_exclusion,Retained in master; excluded from ML
CVE-2022-4530,7415,vuln_status,rejected,expected_exclusion,Retained in master; excluded from ML
CVE-2022-4531,7416,vuln_status,rejected,expected_exclusion,Retained in master; excluded from ML
CVE-2022-4538,7449,vuln_status,rejected,expected_exclusion,Retained in master; excluded from ML
CVE-2022-4540,7451,vuln_status,rejected,expected_exclusion,Retained in master; excluded from ML
CVE-2022-45614,7525,vuln_status,rejected,expected_exclusion,Retained in master; excluded from ML
CVE-2022-45791,7566,vuln_status,rejected,expected_exclusion,Retained in master; excluded from ML
CVE-2022-45795,7570,vuln_status,rejected,expected_exclusion,Retained in master; excluded from ML
CVE-2022-45883,7625,vuln_status,rejected,expected_exclusion,Retained in master; excluded from ML
CVE-2022-46182,7664,vuln_status,rejected,expected_exclusion,Retained in master; excluded from ML
CVE-2022-46183,7665,vuln_status,rejected,expected_exclusion,Retained in master; excluded from ML
CVE-2022-46184,7666,vuln_status,rejected,expected_exclusion,Retained in master; excluded from ML
CVE-2022-46185,7667,vuln_status,rejected,expected_exclusion,Retained in master; excluded from ML
CVE-2022-46186,7668,vuln_status,rejected,expected_exclusion,Retained in master; excluded from ML
CVE-2022-46187,7669,vuln_status,rejected,expected_exclusion,Retained in master; excluded from ML
CVE-2022-46188,7670,vuln_status,rejected,expected_exclusion,Retained in master; excluded from ML
CVE-2022-46189,7671,vuln_status,rejected,expected_exclusion,Retained in master; excluded from ML
CVE-2022-46190,7672,vuln_status,rejected,expected_exclusion,Retained in master; excluded from ML
CVE-2022-46191,7673,vuln_status,rejected,expected_exclusion,Retained in master; excluded from ML
CVE-2022-46192,7674,vuln_status,rejected,expected_exclusion,Retained in master; excluded from ML
CVE-2022-46193,7675,vuln_status,rejected,expected_exclusion,Retained in master; excluded from ML
CVE-2022-46194,7676,vuln_status,rejected,expected_exclusion,Retained in master; excluded from ML
CVE-2022-46195,7677,vuln_status,rejected,expected_exclusion,Retained in master; excluded from ML
CVE-2022-46196,7678,vuln_status,rejected,expected_exclusion,Retained in master; excluded from ML
CVE-2022-46197,7679,vuln_status,rejected,expected_exclusion,Retained in master; excluded from ML
CVE-2022-46198,7680,vuln_status,rejected,expected_exclusion,Retained in master; excluded from ML
CVE-2022-46199,7681,vuln_status,rejected,expected_exclusion,Retained in master; excluded from ML
CVE-2022-46200,7682,vuln_status,rejected,expected_exclusion,Retained in master; excluded from ML
CVE-2022-46201,7683,vuln_status,rejected,expected_exclusion,Retained in master; excluded from ML
CVE-2022-46202,7684,vuln_status,rejected,expected_exclusion,Retained in master; excluded from ML
CVE-2022-46203,7685,vuln_status,rejected,expected_exclusion,Retained in master; excluded from ML
CVE-2022-46204,7686,vuln_status,rejected,expected_exclusion,Retained in master; excluded from ML
CVE-2022-46205,7687,vuln_status,rejected,expected_exclusion,Retained in master; excluded from ML
CVE-2022-46206,7688,vuln_status,rejected,expected_exclusion,Retained in master; excluded from ML
CVE-2022-46207,7689,vuln_status,rejected,expected_exclusion,Retained in master; excluded from ML
CVE-2022-46208,7690,vuln_status,rejected,expected_exclusion,Retained in master; excluded from ML
CVE-2022-46209,7691,vuln_status,rejected,expected_exclusion,Retained in master; excluded from ML
CVE-2022-46210,7693,vuln_status,rejected,expected_exclusion,Retained in master; excluded from ML
CVE-2022-46211,7694,vuln_status,rejected,expected_exclusion,Retained in master; excluded from ML
CVE-2022-46212,7695,vuln_status,rejected,expected_exclusion,Retained in master; excluded from ML
CVE-2022-46213,7696,vuln_status,rejected,expected_exclusion,Retained in master; excluded from ML
CVE-2022-46214,7697,vuln_status,rejected,expected_exclusion,Retained in master; excluded from ML
CVE-2022-46215,7698,vuln_status,rejected,expected_exclusion,Retained in master; excluded from ML
CVE-2022-46216,7699,vuln_status,rejected,expected_exclusion,Retained in master; excluded from ML
CVE-2022-46217,7700,vuln_status,rejected,expected_exclusion,Retained in master; excluded from ML
CVE-2022-46218,7701,vuln_status,rejected,expected_exclusion,Retained in master; excluded from ML
CVE-2022-46219,7702,vuln_status,rejected,expected_exclusion,Retained in master; excluded from ML
CVE-2022-46220,7704,vuln_status,rejected,expected_exclusion,Retained in master; excluded from ML
CVE-2022-46221,7705,vuln_status,rejected,expected_exclusion,Retained in master; excluded from ML
CVE-2022-46222,7706,vuln_status,rejected,expected_exclusion,Retained in master; excluded from ML
CVE-2022-46223,7707,vuln_status,rejected,expected_exclusion,Retained in master; excluded from ML
CVE-2022-46224,7708,vuln_status,rejected,expected_exclusion,Retained in master; excluded from ML
CVE-2022-46225,7709,vuln_status,rejected,expected_exclusion,Retained in master; excluded from ML
CVE-2022-46226,7710,vuln_status,rejected,expected_exclusion,Retained in master; excluded from ML
CVE-2022-46227,7711,vuln_status,rejected,expected_exclusion,Retained in master; excluded from ML
CVE-2022-46228,7712,vuln_status,rejected,expected_exclusion,Retained in master; excluded from ML
CVE-2022-46229,7713,vuln_status,rejected,expected_exclusion,Retained in master; excluded from ML
CVE-2022-46230,7715,vuln_status,rejected,expected_exclusion,Retained in master; excluded from ML
CVE-2022-46231,7716,vuln_status,rejected,expected_exclusion,Retained in master; excluded from ML
CVE-2022-46232,7717,vuln_status,rejected,expected_exclusion,Retained in master; excluded from ML
CVE-2022-46233,7718,vuln_status,rejected,expected_exclusion,Retained in master; excluded from ML
CVE-2022-46234,7719,vuln_status,rejected,expected_exclusion,Retained in master; excluded from ML
CVE-2022-46235,7720,vuln_status,rejected,expected_exclusion,Retained in master; excluded from ML
CVE-2022-46236,7721,vuln_status,rejected,expected_exclusion,Retained in master; excluded from ML
CVE-2022-46237,7722,vuln_status,rejected,expected_exclusion,Retained in master; excluded from ML
CVE-2022-46238,7723,vuln_status,rejected,expected_exclusion,Retained in master; excluded from ML
CVE-2022-46239,7724,vuln_status,rejected,expected_exclusion,Retained in master; excluded from ML
CVE-2022-46240,7726,vuln_status,rejected,expected_exclusion,Retained in master; excluded from ML
CVE-2022-46241,7727,vuln_status,rejected,expected_exclusion,Retained in master; excluded from ML
CVE-2022-46242,7728,vuln_status,rejected,expected_exclusion,Retained in master; excluded from ML
CVE-2022-46243,7729,vuln_status,rejected,expected_exclusion,Retained in master; excluded from ML
CVE-2022-46244,7730,vuln_status,rejected,expected_exclusion,Retained in master; excluded from ML
CVE-2022-46335,7763,vuln_status,rejected,expected_exclusion,Retained in master; excluded from ML
CVE-2022-46336,7764,vuln_status,rejected,expected_exclusion,Retained in master; excluded from ML
CVE-2022-46620,7837,vuln_status,rejected,expected_exclusion,Retained in master; excluded from ML
CVE-2022-46621,7838,vuln_status,rejected,expected_exclusion,Retained in master; excluded from ML
CVE-2022-46681,7867,vuln_status,rejected,expected_exclusion,Retained in master; excluded from ML
CVE-2022-46707,7874,vuln_status,rejected,expected_exclusion,Retained in master; excluded from ML
CVE-2022-46708,7875,vuln_status,rejected,expected_exclusion,Retained in master; excluded from ML
CVE-2022-46719,7885,vuln_status,rejected,expected_exclusion,Retained in master; excluded from ML
CVE-2022-46727,7893,vuln_status,rejected,expected_exclusion,Retained in master; excluded from ML
CVE-2022-46728,7894,vuln_status,rejected,expected_exclusion,Retained in master; excluded from ML
CVE-2022-46743,7900,vuln_status,rejected,expected_exclusion,Retained in master; excluded from ML
CVE-2022-46744,7901,vuln_status,rejected,expected_exclusion,Retained in master; excluded from ML
CVE-2022-46745,7902,vuln_status,rejected,expected_exclusion,Retained in master; excluded from ML
CVE-2022-46746,7903,vuln_status,rejected,expected_exclusion,Retained in master; excluded from ML
CVE-2022-46747,7904,vuln_status,rejected,expected_exclusion,Retained in master; excluded from ML
CVE-2022-46748,7905,vuln_status,rejected,expected_exclusion,Retained in master; excluded from ML
CVE-2022-46749,7906,vuln_status,rejected,expected_exclusion,Retained in master; excluded from ML
CVE-2022-46750,7908,vuln_status,rejected,expected_exclusion,Retained in master; excluded from ML
CVE-2022-46753,7911,vuln_status,rejected,expected_exclusion,Retained in master; excluded from ML
CVE-2022-46787,7929,vuln_status,rejected,expected_exclusion,Retained in master; excluded from ML
CVE-2022-46788,7930,vuln_status,rejected,expected_exclusion,Retained in master; excluded from ML
CVE-2022-46789,7931,vuln_status,rejected,expected_exclusion,Retained in master; excluded from ML
CVE-2022-46790,7933,vuln_status,rejected,expected_exclusion,Retained in master; excluded from ML
CVE-2022-46791,7934,vuln_status,rejected,expected_exclusion,Retained in master; excluded from ML
CVE-2022-47016,8050,vuln_status,rejected,expected_exclusion,Retained in master; excluded from ML
CVE-2022-48137,8582,vuln_status,rejected,expected_exclusion,Retained in master; excluded from ML
CVE-2022-48138,8583,vuln_status,rejected,expected_exclusion,Retained in master; excluded from ML
CVE-2022-48185,8602,vuln_status,rejected,expected_exclusion,Retained in master; excluded from ML
CVE-2022-48187,8604,vuln_status,rejected,expected_exclusion,Retained in master; excluded from ML
CVE-2022-48190,8607,vuln_status,rejected,expected_exclusion,Retained in master; excluded from ML
CVE-2022-4852,8875,vuln_status,rejected,expected_exclusion,Retained in master; excluded from ML
CVE-2022-4853,8879,vuln_status,rejected,expected_exclusion,Retained in master; excluded from ML
CVE-2022-4854,8881,vuln_status,rejected,expected_exclusion,Retained in master; excluded from ML
CVE-2022-48700,9008,vuln_status,rejected,expected_exclusion,Retained in master; excluded from ML
CVE-2022-48736,9047,vuln_status,rejected,expected_exclusion,Retained in master; excluded from ML
CVE-2022-48737,9048,vuln_status,rejected,expected_exclusion,Retained in master; excluded from ML
CVE-2022-48843,9165,vuln_status,rejected,expected_exclusion,Retained in master; excluded from ML
CVE-2022-48877,9201,vuln_status,rejected,expected_exclusion,Retained in master; excluded from ML
CVE-2022-48900,9227,vuln_status,rejected,expected_exclusion,Retained in master; excluded from ML
CVE-2022-48917,9245,vuln_status,rejected,expected_exclusion,Retained in master; excluded from ML
CVE-2022-4893,9259,vuln_status,rejected,expected_exclusion,Retained in master; excluded from ML
CVE-2022-48936,9266,vuln_status,rejected,expected_exclusion,Retained in master; excluded from ML
CVE-2022-48993,9329,vuln_status,rejected,expected_exclusion,Retained in master; excluded from ML
CVE-2023-0039,9484,vuln_status,rejected,expected_exclusion,Retained in master; excluded from ML
CVE-2023-0047,9492,vuln_status,rejected,expected_exclusion,Retained in master; excluded from ML
CVE-2023-0115,9559,vuln_status,rejected,expected_exclusion,Retained in master; excluded from ML
CVE-2023-0161,9605,vuln_status,rejected,expected_exclusion,Retained in master; excluded from ML
CVE-2023-0235,9675,vuln_status,rejected,expected_exclusion,Retained in master; excluded from ML
CVE-2023-0237,9677,vuln_status,rejected,expected_exclusion,Retained in master; excluded from ML
CVE-2023-0253,9692,vuln_status,rejected,expected_exclusion,Retained in master; excluded from ML
CVE-2023-0269,9708,vuln_status,rejected,expected_exclusion,Retained in master; excluded from ML
CVE-2023-0387,9825,vuln_status,rejected,expected_exclusion,Retained in master; excluded from ML
CVE-2023-0449,9880,vuln_status,rejected,expected_exclusion,Retained in master; excluded from ML
CVE-2023-0576,10002,vuln_status,rejected,expected_exclusion,Retained in master; excluded from ML
CVE-2023-0634,10058,vuln_status,rejected,expected_exclusion,Retained in master; excluded from ML
CVE-2023-0680,10102,vuln_status,rejected,expected_exclusion,Retained in master; excluded from ML
CVE-2023-0884,10297,vuln_status,rejected,expected_exclusion,Retained in master; excluded from ML
CVE-2023-0885,10298,vuln_status,rejected,expected_exclusion,Retained in master; excluded from ML
CVE-2023-0886,10299,vuln_status,rejected,expected_exclusion,Retained in master; excluded from ML
CVE-2023-1015,10422,vuln_status,rejected,expected_exclusion,Retained in master; excluded from ML
CVE-2023-1103,10506,vuln_status,rejected,expected_exclusion,Retained in master; excluded from ML
CVE-2023-1173,10573,vuln_status,rejected,expected_exclusion,Retained in master; excluded from ML
CVE-2023-1247,10645,vuln_status,rejected,expected_exclusion,Retained in master; excluded from ML
CVE-2023-1271,10667,vuln_status,rejected,expected_exclusion,Retained in master; excluded from ML
CVE-2023-1576,10954,vuln_status,rejected,expected_exclusion,Retained in master; excluded from ML
CVE-2023-1588,10965,vuln_status,rejected,expected_exclusion,Retained in master; excluded from ML
CVE-2023-1598,10975,vuln_status,rejected,expected_exclusion,Retained in master; excluded from ML
CVE-2023-1601,10976,vuln_status,rejected,expected_exclusion,Retained in master; excluded from ML
CVE-2023-1622,10997,vuln_status,rejected,expected_exclusion,Retained in master; excluded from ML
CVE-2023-1632,11007,vuln_status,rejected,expected_exclusion,Retained in master; excluded from ML
CVE-2023-1648,11023,vuln_status,rejected,expected_exclusion,Retained in master; excluded from ML
CVE-2023-1659,11031,vuln_status,rejected,expected_exclusion,Retained in master; excluded from ML
CVE-2023-1673,11044,vuln_status,rejected,expected_exclusion,Retained in master; excluded from ML
CVE-2023-1706,11076,vuln_status,rejected,expected_exclusion,Retained in master; excluded from ML
CVE-2023-1842,11206,vuln_status,rejected,expected_exclusion,Retained in master; excluded from ML
CVE-2023-1876,11240,vuln_status,rejected,expected_exclusion,Retained in master; excluded from ML
CVE-2023-2004,11401,vuln_status,rejected,expected_exclusion,Retained in master; excluded from ML
CVE-2023-20239,11612,vuln_status,rejected,expected_exclusion,Retained in master; excluded from ML
CVE-2023-21261,12415,vuln_status,rejected,expected_exclusion,Retained in master; excluded from ML
CVE-2023-2185,13012,vuln_status,rejected,expected_exclusion,Retained in master; excluded from ML
CVE-2023-2222,13318,vuln_status,rejected,expected_exclusion,Retained in master; excluded from ML
CVE-2023-22284,13379,vuln_status,rejected,expected_exclusion,Retained in master; excluded from ML
CVE-2023-22287,13382,vuln_status,rejected,expected_exclusion,Retained in master; excluded from ML
CVE-2023-2230,13395,vuln_status,rejected,expected_exclusion,Retained in master; excluded from ML
CVE-2023-22369,13467,vuln_status,rejected,expected_exclusion,Retained in master; excluded from ML
CVE-2023-2248,13577,vuln_status,rejected,expected_exclusion,Retained in master; excluded from ML
CVE-2023-22494,13593,vuln_status,rejected,expected_exclusion,Retained in master; excluded from ML
CVE-2023-22498,13597,vuln_status,rejected,expected_exclusion,Retained in master; excluded from ML
CVE-2023-22502,13602,vuln_status,rejected,expected_exclusion,Retained in master; excluded from ML
CVE-2023-22507,13607,vuln_status,rejected,expected_exclusion,Retained in master; excluded from ML
CVE-2023-22510,13610,vuln_status,rejected,expected_exclusion,Retained in master; excluded from ML
CVE-2023-22520,13618,vuln_status,rejected,expected_exclusion,Retained in master; excluded from ML
CVE-2023-22525,13623,vuln_status,rejected,expected_exclusion,Retained in master; excluded from ML
CVE-2023-22603,13661,vuln_status,rejected,expected_exclusion,Retained in master; excluded from ML
CVE-2023-22604,13662,vuln_status,rejected,expected_exclusion,Retained in master; excluded from ML
CVE-2023-22605,13663,vuln_status,rejected,expected_exclusion,Retained in master; excluded from ML
CVE-2023-22606,13664,vuln_status,rejected,expected_exclusion,Retained in master; excluded from ML
CVE-2023-22607,13665,vuln_status,rejected,expected_exclusion,Retained in master; excluded from ML
CVE-2023-22608,13666,vuln_status,rejected,expected_exclusion,Retained in master; excluded from ML
CVE-2023-22609,13667,vuln_status,rejected,expected_exclusion,Retained in master; excluded from ML
CVE-2023-22885,13928,vuln_status,rejected,expected_exclusion,Retained in master; excluded from ML
CVE-2023-23767,14552,vuln_status,rejected,expected_exclusion,Retained in master; excluded from ML
CVE-2023-24054,14838,vuln_status,rejected,expected_exclusion,Retained in master; excluded from ML
CVE-2023-24367,15021,vuln_status,rejected,expected_exclusion,Retained in master; excluded from ML
CVE-2023-24368,15022,vuln_status,rejected,expected_exclusion,Retained in master; excluded from ML
CVE-2023-24593,15262,vuln_status,rejected,expected_exclusion,Retained in master; excluded from ML
CVE-2023-2469,15319,vuln_status,rejected,expected_exclusion,Retained in master; excluded from ML
CVE-2023-24787,15367,vuln_status,rejected,expected_exclusion,Retained in master; excluded from ML
CVE-2023-24806,15380,vuln_status,rejected,expected_exclusion,Retained in master; excluded from ML
CVE-2023-2483,15406,vuln_status,rejected,expected_exclusion,Retained in master; excluded from ML
CVE-2023-2501,15576,vuln_status,rejected,expected_exclusion,Retained in master; excluded from ML
CVE-2023-2502,15587,vuln_status,rejected,expected_exclusion,Retained in master; excluded from ML
CVE-2023-2510,15671,vuln_status,rejected,expected_exclusion,Retained in master; excluded from ML
CVE-2023-2511,15682,vuln_status,rejected,expected_exclusion,Retained in master; excluded from ML
CVE-2023-25125,15699,vuln_status,rejected,expected_exclusion,Retained in master; excluded from ML
CVE-2023-25126,15700,vuln_status,rejected,expected_exclusion,Retained in master; excluded from ML
CVE-2023-25127,15701,vuln_status,rejected,expected_exclusion,Retained in master; excluded from ML
CVE-2023-25128,15702,vuln_status,rejected,expected_exclusion,Retained in master; excluded from ML
CVE-2023-25129,15703,vuln_status,rejected,expected_exclusion,Retained in master; excluded from ML
CVE-2023-25130,15705,vuln_status,rejected,expected_exclusion,Retained in master; excluded from ML
CVE-2023-25180,15757,vuln_status,rejected,expected_exclusion,Retained in master; excluded from ML
CVE-2023-2535,15845,vuln_status,rejected,expected_exclusion,Retained in master; excluded from ML
CVE-2023-2536,15850,vuln_status,rejected,expected_exclusion,Retained in master; excluded from ML
CVE-2023-2537,15861,vuln_status,rejected,expected_exclusion,Retained in master; excluded from ML
CVE-2023-2539,15863,vuln_status,rejected,expected_exclusion,Retained in master; excluded from ML
CVE-2023-2540,15869,vuln_status,rejected,expected_exclusion,Retained in master; excluded from ML
CVE-2023-25587,16038,vuln_status,rejected,expected_exclusion,Retained in master; excluded from ML
CVE-2023-25694,16130,vuln_status,rejected,expected_exclusion,Retained in master; excluded from ML
CVE-2023-25723,16161,vuln_status,rejected,expected_exclusion,Retained in master; excluded from ML
CVE-2023-25724,16162,vuln_status,rejected,expected_exclusion,Retained in master; excluded from ML
CVE-2023-26812,17043,vuln_status,rejected,expected_exclusion,Retained in master; excluded from ML
CVE-2023-26823,17050,vuln_status,rejected,expected_exclusion,Retained in master; excluded from ML
CVE-2023-26862,17074,vuln_status,rejected,expected_exclusion,Retained in master; excluded from ML
CVE-2023-26863,17075,vuln_status,rejected,expected_exclusion,Retained in master; excluded from ML
CVE-2023-26931,17103,vuln_status,rejected,expected_exclusion,Retained in master; excluded from ML
CVE-2023-26934,17104,vuln_status,rejected,expected_exclusion,Retained in master; excluded from ML
CVE-2023-26935,17105,vuln_status,rejected,expected_exclusion,Retained in master; excluded from ML
CVE-2023-26936,17106,vuln_status,rejected,expected_exclusion,Retained in master; excluded from ML
CVE-2023-26937,17107,vuln_status,rejected,expected_exclusion,Retained in master; excluded from ML
CVE-2023-26938,17108,vuln_status,rejected,expected_exclusion,Retained in master; excluded from ML
CVE-2023-27171,17259,vuln_status,rejected,expected_exclusion,Retained in master; excluded from ML
CVE-2023-27655,17704,vuln_status,rejected,expected_exclusion,Retained in master; excluded from ML
CVE-2023-27751,17743,vuln_status,rejected,expected_exclusion,Retained in master; excluded from ML
CVE-2023-27752,17744,vuln_status,rejected,expected_exclusion,Retained in master; excluded from ML
CVE-2023-28426,18384,vuln_status,rejected,expected_exclusion,Retained in master; excluded from ML
CVE-2023-29033,18950,vuln_status,rejected,expected_exclusion,Retained in master; excluded from ML
CVE-2023-29034,18951,vuln_status,rejected,expected_exclusion,Retained in master; excluded from ML
CVE-2023-29035,18952,vuln_status,rejected,expected_exclusion,Retained in master; excluded from ML
CVE-2023-29036,18953,vuln_status,rejected,expected_exclusion,Retained in master; excluded from ML
CVE-2023-29037,18954,vuln_status,rejected,expected_exclusion,Retained in master; excluded from ML
CVE-2023-29038,18955,vuln_status,rejected,expected_exclusion,Retained in master; excluded from ML
CVE-2023-29039,18956,vuln_status,rejected,expected_exclusion,Retained in master; excluded from ML
CVE-2023-29040,18958,vuln_status,rejected,expected_exclusion,Retained in master; excluded from ML
CVE-2023-29041,18959,vuln_status,rejected,expected_exclusion,Retained in master; excluded from ML
CVE-2023-29042,18960,vuln_status,rejected,expected_exclusion,Retained in master; excluded from ML
CVE-2023-29078,18995,vuln_status,rejected,expected_exclusion,Retained in master; excluded from ML
CVE-2023-29079,18996,vuln_status,rejected,expected_exclusion,Retained in master; excluded from ML
CVE-2023-2918,19088,vuln_status,rejected,expected_exclusion,Retained in master; excluded from ML
CVE-2023-2920,19107,vuln_status,rejected,expected_exclusion,Retained in master; excluded from ML
CVE-2023-29845,19580,vuln_status,rejected,expected_exclusion,Retained in master; excluded from ML
CVE-2023-2994,19634,vuln_status,rejected,expected_exclusion,Retained in master; excluded from ML
CVE-2023-30078,19681,vuln_status,rejected,expected_exclusion,Retained in master; excluded from ML
CVE-2023-30079,19682,vuln_status,rejected,expected_exclusion,Retained in master; excluded from ML
CVE-2023-30183,19730,vuln_status,rejected,expected_exclusion,Retained in master; excluded from ML
CVE-2023-30842,20257,vuln_status,rejected,expected_exclusion,Retained in master; excluded from ML
CVE-2023-3117,20545,vuln_status,rejected,expected_exclusion,Retained in master; excluded from ML
CVE-2023-3123,20607,vuln_status,rejected,expected_exclusion,Retained in master; excluded from ML
CVE-2023-31508,20777,vuln_status,rejected,expected_exclusion,Retained in master; excluded from ML
CVE-2023-31554,20795,vuln_status,rejected,expected_exclusion,Retained in master; excluded from ML
CVE-2023-31557,20798,vuln_status,rejected,expected_exclusion,Retained in master; excluded from ML
CVE-2023-31813,20925,vuln_status,rejected,expected_exclusion,Retained in master; excluded from ML
CVE-2023-32001,21030,vuln_status,rejected,expected_exclusion,Retained in master; excluded from ML
CVE-2023-3207,21102,vuln_status,rejected,expected_exclusion,Retained in master; excluded from ML
CVE-2023-32086,21120,vuln_status,rejected,expected_exclusion,Retained in master; excluded from ML
CVE-2023-32302,21339,vuln_status,rejected,expected_exclusion,Retained in master; excluded from ML
CVE-2023-32785,21822,vuln_status,rejected,expected_exclusion,Retained in master; excluded from ML
CVE-2023-3327,22259,vuln_status,rejected,expected_exclusion,Retained in master; excluded from ML
CVE-2023-3351,22406,vuln_status,rejected,expected_exclusion,Retained in master; excluded from ML
CVE-2023-3353,22414,vuln_status,rejected,expected_exclusion,Retained in master; excluded from ML
CVE-2023-33565,22440,vuln_status,rejected,expected_exclusion,Retained in master; excluded from ML
CVE-2023-33566,22441,vuln_status,rejected,expected_exclusion,Retained in master; excluded from ML
CVE-2023-33567,22442,vuln_status,rejected,expected_exclusion,Retained in master; excluded from ML
CVE-2023-33622,22463,vuln_status,rejected,expected_exclusion,Retained in master; excluded from ML
CVE-2023-33623,22464,vuln_status,rejected,expected_exclusion,Retained in master; excluded from ML
CVE-2023-33624,22465,vuln_status,rejected,expected_exclusion,Retained in master; excluded from ML
CVE-2023-3370,22517,vuln_status,rejected,expected_exclusion,Retained in master; excluded from ML
CVE-2023-33715,22520,vuln_status,rejected,expected_exclusion,Retained in master; excluded from ML
CVE-2023-3378,22564,vuln_status,rejected,expected_exclusion,Retained in master; excluded from ML
CVE-2023-34113,22864,vuln_status,rejected,expected_exclusion,Retained in master; excluded from ML
CVE-2023-34122,22874,vuln_status,rejected,expected_exclusion,Retained in master; excluded from ML
CVE-2023-3418,22936,vuln_status,rejected,expected_exclusion,Retained in master; excluded from ML
CVE-2023-34211,22964,vuln_status,rejected,expected_exclusion,Retained in master; excluded from ML
CVE-2023-34255,23011,vuln_status,rejected,expected_exclusion,Retained in master; excluded from ML
CVE-2023-3451,23242,vuln_status,rejected,expected_exclusion,Retained in master; excluded from ML
CVE-2023-34585,23271,vuln_status,rejected,expected_exclusion,Retained in master; excluded from ML
CVE-2023-34682,23325,vuln_status,rejected,expected_exclusion,Retained in master; excluded from ML
CVE-2023-3496,23426,vuln_status,rejected,expected_exclusion,Retained in master; excluded from ML
CVE-2023-35073,23530,vuln_status,rejected,expected_exclusion,Retained in master; excluded from ML
CVE-2023-35170,23610,vuln_status,rejected,expected_exclusion,Retained in master; excluded from ML
CVE-2023-35700,23844,vuln_status,rejected,expected_exclusion,Retained in master; excluded from ML
CVE-2023-35825,23957,vuln_status,rejected,expected_exclusion,Retained in master; excluded from ML
CVE-2023-35935,24058,vuln_status,rejected,expected_exclusion,Retained in master; excluded from ML
CVE-2023-35999,24125,vuln_status,rejected,expected_exclusion,Retained in master; excluded from ML
CVE-2023-36001,24128,vuln_status,rejected,expected_exclusion,Retained in master; excluded from ML
CVE-2023-36119,24202,vuln_status,rejected,expected_exclusion,Retained in master; excluded from ML
CVE-2023-36120,24204,vuln_status,rejected,expected_exclusion,Retained in master; excluded from ML
CVE-2023-36164,24233,vuln_status,rejected,expected_exclusion,Retained in master; excluded from ML
CVE-2023-36165,24234,vuln_status,rejected,expected_exclusion,Retained in master; excluded from ML
CVE-2023-36166,24235,vuln_status,rejected,expected_exclusion,Retained in master; excluded from ML
CVE-2023-36167,24236,vuln_status,rejected,expected_exclusion,Retained in master; excluded from ML
CVE-2023-36168,24237,vuln_status,rejected,expected_exclusion,Retained in master; excluded from ML
CVE-2023-36169,24238,vuln_status,rejected,expected_exclusion,Retained in master; excluded from ML
CVE-2023-36191,24248,vuln_status,rejected,expected_exclusion,Retained in master; excluded from ML
CVE-2023-36262,24283,vuln_status,rejected,expected_exclusion,Retained in master; excluded from ML
CVE-2023-36268,24286,vuln_status,rejected,expected_exclusion,Retained in master; excluded from ML
CVE-2023-36360,24340,vuln_status,rejected,expected_exclusion,Retained in master; excluded from ML
CVE-2023-36546,24510,vuln_status,rejected,expected_exclusion,Retained in master; excluded from ML
CVE-2023-36935,24881,vuln_status,rejected,expected_exclusion,Retained in master; excluded from ML
CVE-2023-37151,24957,vuln_status,rejected,expected_exclusion,Retained in master; excluded from ML
CVE-2023-37228,25017,vuln_status,rejected,expected_exclusion,Retained in master; excluded from ML
CVE-2023-37621,25372,vuln_status,rejected,expected_exclusion,Retained in master; excluded from ML
CVE-2023-37637,25383,vuln_status,rejected,expected_exclusion,Retained in master; excluded from ML
CVE-2023-37800,25474,vuln_status,rejected,expected_exclusion,Retained in master; excluded from ML
CVE-2023-37801,25475,vuln_status,rejected,expected_exclusion,Retained in master; excluded from ML
CVE-2023-37802,25476,vuln_status,rejected,expected_exclusion,Retained in master; excluded from ML
CVE-2023-37803,25477,vuln_status,rejected,expected_exclusion,Retained in master; excluded from ML
CVE-2023-37804,25478,vuln_status,rejected,expected_exclusion,Retained in master; excluded from ML
CVE-2023-37805,25479,vuln_status,rejected,expected_exclusion,Retained in master; excluded from ML
CVE-2023-37806,25480,vuln_status,rejected,expected_exclusion,Retained in master; excluded from ML
CVE-2023-37807,25481,vuln_status,rejected,expected_exclusion,Retained in master; excluded from ML
CVE-2023-37808,25482,vuln_status,rejected,expected_exclusion,Retained in master; excluded from ML
CVE-2023-37809,25483,vuln_status,rejected,expected_exclusion,Retained in master; excluded from ML
CVE-2023-37810,25485,vuln_status,rejected,expected_exclusion,Retained in master; excluded from ML
CVE-2023-37811,25486,vuln_status,rejected,expected_exclusion,Retained in master; excluded from ML
CVE-2023-37835,25499,vuln_status,rejected,expected_exclusion,Retained in master; excluded from ML
CVE-2023-37850,25507,vuln_status,rejected,expected_exclusion,Retained in master; excluded from ML
CVE-2023-38137,25787,vuln_status,rejected,expected_exclusion,Retained in master; excluded from ML
CVE-2023-38262,25913,vuln_status,rejected,expected_exclusion,Retained in master; excluded from ML
CVE-2023-38288,25927,vuln_status,rejected,expected_exclusion,Retained in master; excluded from ML
CVE-2023-38289,25928,vuln_status,rejected,expected_exclusion,Retained in master; excluded from ML
CVE-2023-38326,25969,vuln_status,rejected,expected_exclusion,Retained in master; excluded from ML
CVE-2023-38696,26319,vuln_status,rejected,expected_exclusion,Retained in master; excluded from ML
CVE-2023-3870,26323,vuln_status,rejected,expected_exclusion,Retained in master; excluded from ML
CVE-2023-38707,26330,vuln_status,rejected,expected_exclusion,Retained in master; excluded from ML
CVE-2023-38812,26392,vuln_status,rejected,expected_exclusion,Retained in master; excluded from ML
CVE-2023-38814,26393,vuln_status,rejected,expected_exclusion,Retained in master; excluded from ML
CVE-2023-38815,26394,vuln_status,rejected,expected_exclusion,Retained in master; excluded from ML
CVE-2023-38914,26476,vuln_status,rejected,expected_exclusion,Retained in master; excluded from ML
CVE-2023-39168,26645,vuln_status,rejected,expected_exclusion,Retained in master; excluded from ML
CVE-2023-39170,26648,vuln_status,rejected,expected_exclusion,Retained in master; excluded from ML
CVE-2023-39190,26666,vuln_status,rejected,expected_exclusion,Retained in master; excluded from ML
CVE-2023-39195,26671,vuln_status,rejected,expected_exclusion,Retained in master; excluded from ML
CVE-2023-39324,26785,vuln_status,rejected,expected_exclusion,Retained in master; excluded from ML
CVE-2023-3934,26798,vuln_status,rejected,expected_exclusion,Retained in master; excluded from ML
CVE-2023-39450,26915,vuln_status,rejected,expected_exclusion,Retained in master; excluded from ML
CVE-2023-39552,27023,vuln_status,rejected,expected_exclusion,Retained in master; excluded from ML
CVE-2023-39583,27035,vuln_status,rejected,expected_exclusion,Retained in master; excluded from ML
CVE-2023-39814,27156,vuln_status,rejected,expected_exclusion,Retained in master; excluded from ML
CVE-2023-39815,27157,vuln_status,rejected,expected_exclusion,Retained in master; excluded from ML
CVE-2023-39816,27158,vuln_status,rejected,expected_exclusion,Retained in master; excluded from ML
CVE-2023-39817,27159,vuln_status,rejected,expected_exclusion,Retained in master; excluded from ML
CVE-2023-39848,27171,vuln_status,rejected,expected_exclusion,Retained in master; excluded from ML
CVE-2023-39849,27172,vuln_status,rejected,expected_exclusion,Retained in master; excluded from ML
CVE-2023-3995,27224,vuln_status,rejected,expected_exclusion,Retained in master; excluded from ML
CVE-2023-39977,27254,vuln_status,rejected,expected_exclusion,Retained in master; excluded from ML
CVE-2023-4010,27379,vuln_status,rejected,expected_exclusion,Retained in master; excluded from ML
CVE-2023-40159,27434,vuln_status,rejected,expected_exclusion,Retained in master; excluded from ML
CVE-2023-40223,27498,vuln_status,rejected,expected_exclusion,Retained in master; excluded from ML
CVE-2023-4026,27514,vuln_status,rejected,expected_exclusion,Retained in master; excluded from ML
CVE-2023-40270,27524,vuln_status,rejected,expected_exclusion,Retained in master; excluded from ML
CVE-2023-40533,27775,vuln_status,rejected,expected_exclusion,Retained in master; excluded from ML
CVE-2023-40539,27780,vuln_status,rejected,expected_exclusion,Retained in master; excluded from ML
CVE-2023-40568,27806,vuln_status,rejected,expected_exclusion,Retained in master; excluded from ML
CVE-2023-40744,27968,vuln_status,rejected,expected_exclusion,Retained in master; excluded from ML
CVE-2023-40790,28002,vuln_status,rejected,expected_exclusion,Retained in master; excluded from ML
CVE-2023-40936,28083,vuln_status,rejected,expected_exclusion,Retained in master; excluded from ML
CVE-2023-40937,28084,vuln_status,rejected,expected_exclusion,Retained in master; excluded from ML
CVE-2023-40943,28087,vuln_status,rejected,expected_exclusion,Retained in master; excluded from ML
CVE-2023-41122,28224,vuln_status,rejected,expected_exclusion,Retained in master; excluded from ML
CVE-2023-41123,28225,vuln_status,rejected,expected_exclusion,Retained in master; excluded from ML
CVE-2023-41124,28226,vuln_status,rejected,expected_exclusion,Retained in master; excluded from ML
CVE-2023-41125,28227,vuln_status,rejected,expected_exclusion,Retained in master; excluded from ML
CVE-2023-41126,28228,vuln_status,rejected,expected_exclusion,Retained in master; excluded from ML
CVE-2023-41269,28373,vuln_status,rejected,expected_exclusion,Retained in master; excluded from ML
CVE-2023-4128,28383,vuln_status,rejected,expected_exclusion,Retained in master; excluded from ML
CVE-2023-41377,28480,vuln_status,rejected,expected_exclusion,Retained in master; excluded from ML
CVE-2023-41605,28559,vuln_status,rejected,expected_exclusion,Retained in master; excluded from ML
CVE-2023-41696,28641,vuln_status,rejected,expected_exclusion,Retained in master; excluded from ML
CVE-2023-41901,28836,vuln_status,rejected,expected_exclusion,Retained in master; excluded from ML
CVE-2023-4205,28975,vuln_status,rejected,expected_exclusion,Retained in master; excluded from ML
CVE-2023-42437,29166,vuln_status,rejected,expected_exclusion,Retained in master; excluded from ML
CVE-2023-4262,29312,vuln_status,rejected,expected_exclusion,Retained in master; excluded from ML
CVE-2023-42665,29353,vuln_status,rejected,expected_exclusion,Retained in master; excluded from ML
CVE-2023-4275,29444,vuln_status,rejected,expected_exclusion,Retained in master; excluded from ML
CVE-2023-42775,29464,vuln_status,rejected,expected_exclusion,Retained in master; excluded from ML
CVE-2023-42915,29596,vuln_status,rejected,expected_exclusion,Retained in master; excluded from ML
CVE-2023-42927,29608,vuln_status,rejected,expected_exclusion,Retained in master; excluded from ML
CVE-2023-4330,29800,vuln_status,rejected,expected_exclusion,Retained in master; excluded from ML
CVE-2023-4348,29878,vuln_status,rejected,expected_exclusion,Retained in master; excluded from ML
CVE-2023-43737,30098,vuln_status,rejected,expected_exclusion,Retained in master; excluded from ML
CVE-2023-43738,30099,vuln_status,rejected,expected_exclusion,Retained in master; excluded from ML
CVE-2023-43749,30111,vuln_status,rejected,expected_exclusion,Retained in master; excluded from ML
CVE-2023-43764,30124,vuln_status,rejected,expected_exclusion,Retained in master; excluded from ML
CVE-2023-43851,30197,vuln_status,rejected,expected_exclusion,Retained in master; excluded from ML
CVE-2023-43956,30252,vuln_status,rejected,expected_exclusion,Retained in master; excluded from ML
CVE-2023-44002,30285,vuln_status,rejected,expected_exclusion,Retained in master; excluded from ML
CVE-2023-44078,30321,vuln_status,rejected,expected_exclusion,Retained in master; excluded from ML
CVE-2023-4413,30377,vuln_status,rejected,expected_exclusion,Retained in master; excluded from ML
CVE-2023-44162,30401,vuln_status,rejected,expected_exclusion,Retained in master; excluded from ML
CVE-2023-44165,30404,vuln_status,rejected,expected_exclusion,Retained in master; excluded from ML
CVE-2023-44167,30406,vuln_status,rejected,expected_exclusion,Retained in master; excluded from ML
CVE-2023-44168,30407,vuln_status,rejected,expected_exclusion,Retained in master; excluded from ML
CVE-2023-4426,30496,vuln_status,rejected,expected_exclusion,Retained in master; excluded from ML
CVE-2023-44268,30505,vuln_status,rejected,expected_exclusion,Retained in master; excluded from ML
CVE-2023-44375,30608,vuln_status,rejected,expected_exclusion,Retained in master; excluded from ML
CVE-2023-44376,30609,vuln_status,rejected,expected_exclusion,Retained in master; excluded from ML
CVE-2023-44377,30610,vuln_status,rejected,expected_exclusion,Retained in master; excluded from ML
CVE-2023-44485,30716,vuln_status,rejected,expected_exclusion,Retained in master; excluded from ML
CVE-2023-44486,30717,vuln_status,rejected,expected_exclusion,Retained in master; excluded from ML
CVE-2023-44793,30765,vuln_status,rejected,expected_exclusion,Retained in master; excluded from ML
CVE-2023-45013,30855,vuln_status,rejected,expected_exclusion,Retained in master; excluded from ML
CVE-2023-45014,30856,vuln_status,rejected,expected_exclusion,Retained in master; excluded from ML
CVE-2023-45016,30858,vuln_status,rejected,expected_exclusion,Retained in master; excluded from ML
CVE-2023-45017,30859,vuln_status,rejected,expected_exclusion,Retained in master; excluded from ML
CVE-2023-45112,30930,vuln_status,rejected,expected_exclusion,Retained in master; excluded from ML
CVE-2023-45113,30931,vuln_status,rejected,expected_exclusion,Retained in master; excluded from ML
CVE-2023-45114,30932,vuln_status,rejected,expected_exclusion,Retained in master; excluded from ML
CVE-2023-45122,30941,vuln_status,rejected,expected_exclusion,Retained in master; excluded from ML
CVE-2023-45123,30942,vuln_status,rejected,expected_exclusion,Retained in master; excluded from ML
CVE-2023-45124,30943,vuln_status,rejected,expected_exclusion,Retained in master; excluded from ML
CVE-2023-45125,30944,vuln_status,rejected,expected_exclusion,Retained in master; excluded from ML
CVE-2023-45126,30945,vuln_status,rejected,expected_exclusion,Retained in master; excluded from ML
CVE-2023-45127,30946,vuln_status,rejected,expected_exclusion,Retained in master; excluded from ML
CVE-2023-45224,31036,vuln_status,rejected,expected_exclusion,Retained in master; excluded from ML
CVE-2023-4524,31052,vuln_status,rejected,expected_exclusion,Retained in master; excluded from ML
CVE-2023-4525,31063,vuln_status,rejected,expected_exclusion,Retained in master; excluded from ML
CVE-2023-45251,31064,vuln_status,rejected,expected_exclusion,Retained in master; excluded from ML
CVE-2023-4526,31067,vuln_status,rejected,expected_exclusion,Retained in master; excluded from ML
CVE-2023-45324,31107,vuln_status,rejected,expected_exclusion,Retained in master; excluded from ML
CVE-2023-45326,31109,vuln_status,rejected,expected_exclusion,Retained in master; excluded from ML
CVE-2023-45327,31110,vuln_status,rejected,expected_exclusion,Retained in master; excluded from ML
CVE-2023-45328,31111,vuln_status,rejected,expected_exclusion,Retained in master; excluded from ML
CVE-2023-45329,31112,vuln_status,rejected,expected_exclusion,Retained in master; excluded from ML
CVE-2023-45330,31113,vuln_status,rejected,expected_exclusion,Retained in master; excluded from ML
CVE-2023-45331,31114,vuln_status,rejected,expected_exclusion,Retained in master; excluded from ML
CVE-2023-45332,31115,vuln_status,rejected,expected_exclusion,Retained in master; excluded from ML
CVE-2023-45333,31116,vuln_status,rejected,expected_exclusion,Retained in master; excluded from ML
CVE-2023-45335,31118,vuln_status,rejected,expected_exclusion,Retained in master; excluded from ML
CVE-2023-45337,31120,vuln_status,rejected,expected_exclusion,Retained in master; excluded from ML
CVE-2023-45339,31122,vuln_status,rejected,expected_exclusion,Retained in master; excluded from ML
CVE-2023-45485,31200,vuln_status,rejected,expected_exclusion,Retained in master; excluded from ML
CVE-2023-4563,31284,vuln_status,rejected,expected_exclusion,Retained in master; excluded from ML
CVE-2023-45665,31319,vuln_status,rejected,expected_exclusion,Retained in master; excluded from ML
CVE-2023-4567,31323,vuln_status,rejected,expected_exclusion,Retained in master; excluded from ML
CVE-2023-45738,31373,vuln_status,rejected,expected_exclusion,Retained in master; excluded from ML
CVE-2023-45804,31428,vuln_status,rejected,expected_exclusion,Retained in master; excluded from ML
CVE-2023-45817,31442,vuln_status,rejected,expected_exclusion,Retained in master; excluded from ML
CVE-2023-45850,31476,vuln_status,rejected,expected_exclusion,Retained in master; excluded from ML
CVE-2023-45916,31532,vuln_status,rejected,expected_exclusion,Retained in master; excluded from ML
CVE-2023-45918,31533,vuln_status,rejected,expected_exclusion,Retained in master; excluded from ML
CVE-2023-45921,31537,vuln_status,rejected,expected_exclusion,Retained in master; excluded from ML
CVE-2023-45923,31539,vuln_status,rejected,expected_exclusion,Retained in master; excluded from ML
CVE-2023-45926,31542,vuln_status,rejected,expected_exclusion,Retained in master; excluded from ML
CVE-2023-45928,31544,vuln_status,rejected,expected_exclusion,Retained in master; excluded from ML
CVE-2023-45930,31547,vuln_status,rejected,expected_exclusion,Retained in master; excluded from ML
CVE-2023-45932,31549,vuln_status,rejected,expected_exclusion,Retained in master; excluded from ML
CVE-2023-45960,31560,vuln_status,rejected,expected_exclusion,Retained in master; excluded from ML
CVE-2023-46050,31607,vuln_status,rejected,expected_exclusion,Retained in master; excluded from ML
CVE-2023-4609,31637,vuln_status,rejected,expected_exclusion,Retained in master; excluded from ML
CVE-2023-4610,31648,vuln_status,rejected,expected_exclusion,Retained in master; excluded from ML
CVE-2023-4621,31735,vuln_status,rejected,expected_exclusion,Retained in master; excluded from ML
CVE-2023-46267,31798,vuln_status,rejected,expected_exclusion,Retained in master; excluded from ML
CVE-2023-46377,31878,vuln_status,rejected,expected_exclusion,Retained in master; excluded from ML
CVE-2023-46517,31969,vuln_status,rejected,expected_exclusion,Retained in master; excluded from ML
CVE-2023-46676,32094,vuln_status,rejected,expected_exclusion,Retained in master; excluded from ML
CVE-2023-46678,32096,vuln_status,rejected,expected_exclusion,Retained in master; excluded from ML
CVE-2023-46680,32099,vuln_status,rejected,expected_exclusion,Retained in master; excluded from ML
CVE-2023-46786,32198,vuln_status,rejected,expected_exclusion,Retained in master; excluded from ML
CVE-2023-46790,32203,vuln_status,rejected,expected_exclusion,Retained in master; excluded from ML
CVE-2023-46791,32204,vuln_status,rejected,expected_exclusion,Retained in master; excluded from ML
CVE-2023-46792,32205,vuln_status,rejected,expected_exclusion,Retained in master; excluded from ML
CVE-2023-46794,32207,vuln_status,rejected,expected_exclusion,Retained in master; excluded from ML
CVE-2023-46795,32208,vuln_status,rejected,expected_exclusion,Retained in master; excluded from ML
CVE-2023-46796,32209,vuln_status,rejected,expected_exclusion,Retained in master; excluded from ML
CVE-2023-46797,32210,vuln_status,rejected,expected_exclusion,Retained in master; excluded from ML
CVE-2023-46798,32211,vuln_status,rejected,expected_exclusion,Retained in master; excluded from ML
CVE-2023-46799,32212,vuln_status,rejected,expected_exclusion,Retained in master; excluded from ML
CVE-2023-47005,32334,vuln_status,rejected,expected_exclusion,Retained in master; excluded from ML
CVE-2023-47006,32335,vuln_status,rejected,expected_exclusion,Retained in master; excluded from ML
CVE-2023-47007,32336,vuln_status,rejected,expected_exclusion,Retained in master; excluded from ML
CVE-2023-47008,32337,vuln_status,rejected,expected_exclusion,Retained in master; excluded from ML
CVE-2023-4701,32338,vuln_status,rejected,expected_exclusion,Retained in master; excluded from ML
CVE-2023-4705,32363,vuln_status,rejected,expected_exclusion,Retained in master; excluded from ML
CVE-2023-47092,32402,vuln_status,rejected,expected_exclusion,Retained in master; excluded from ML
CVE-2023-47100,32411,vuln_status,rejected,expected_exclusion,Retained in master; excluded from ML
CVE-2023-4717,32469,vuln_status,rejected,expected_exclusion,Retained in master; excluded from ML
CVE-2023-47170,32470,vuln_status,rejected,expected_exclusion,Retained in master; excluded from ML
CVE-2023-47357,32600,vuln_status,rejected,expected_exclusion,Retained in master; excluded from ML
CVE-2023-47638,32780,vuln_status,rejected,expected_exclusion,Retained in master; excluded from ML
CVE-2023-47663,32803,vuln_status,rejected,expected_exclusion,Retained in master; excluded from ML
CVE-2023-47691,32832,vuln_status,rejected,expected_exclusion,Retained in master; excluded from ML
CVE-2023-4780,32918,vuln_status,rejected,expected_exclusion,Retained in master; excluded from ML
CVE-2023-4859,33514,vuln_status,rejected,expected_exclusion,Retained in master; excluded from ML
CVE-2023-48686,33613,vuln_status,rejected,expected_exclusion,Retained in master; excluded from ML
CVE-2023-48688,33615,vuln_status,rejected,expected_exclusion,Retained in master; excluded from ML
CVE-2023-48690,33618,vuln_status,rejected,expected_exclusion,Retained in master; excluded from ML
CVE-2023-48717,33647,vuln_status,rejected,expected_exclusion,Retained in master; excluded from ML
CVE-2023-48719,33649,vuln_status,rejected,expected_exclusion,Retained in master; excluded from ML
CVE-2023-48721,33652,vuln_status,rejected,expected_exclusion,Retained in master; excluded from ML
CVE-2023-48723,33654,vuln_status,rejected,expected_exclusion,Retained in master; excluded from ML
CVE-2023-48729,33659,vuln_status,rejected,expected_exclusion,Retained in master; excluded from ML
CVE-2023-48734,33664,vuln_status,rejected,expected_exclusion,Retained in master; excluded from ML
CVE-2023-4881,33735,vuln_status,rejected,expected_exclusion,Retained in master; excluded from ML
CVE-2023-48938,33802,vuln_status,rejected,expected_exclusion,Retained in master; excluded from ML
CVE-2023-48939,33803,vuln_status,rejected,expected_exclusion,Retained in master; excluded from ML
CVE-2023-49588,34250,vuln_status,rejected,expected_exclusion,Retained in master; excluded from ML
CVE-2023-49590,34253,vuln_status,rejected,expected_exclusion,Retained in master; excluded from ML
CVE-2023-49609,34264,vuln_status,rejected,expected_exclusion,Retained in master; excluded from ML
CVE-2023-49611,34267,vuln_status,rejected,expected_exclusion,Retained in master; excluded from ML
CVE-2023-49678,34300,vuln_status,rejected,expected_exclusion,Retained in master; excluded from ML
CVE-2023-49679,34301,vuln_status,rejected,expected_exclusion,Retained in master; excluded from ML
CVE-2023-49680,34303,vuln_status,rejected,expected_exclusion,Retained in master; excluded from ML
CVE-2023-49682,34305,vuln_status,rejected,expected_exclusion,Retained in master; excluded from ML
CVE-2023-49683,34306,vuln_status,rejected,expected_exclusion,Retained in master; excluded from ML
CVE-2023-49684,34307,vuln_status,rejected,expected_exclusion,Retained in master; excluded from ML
CVE-2023-49685,34308,vuln_status,rejected,expected_exclusion,Retained in master; excluded from ML
CVE-2023-49686,34309,vuln_status,rejected,expected_exclusion,Retained in master; excluded from ML
CVE-2023-49687,34310,vuln_status,rejected,expected_exclusion,Retained in master; excluded from ML
CVE-2023-49690,34314,vuln_status,rejected,expected_exclusion,Retained in master; excluded from ML
CVE-2023-49710,34328,vuln_status,rejected,expected_exclusion,Retained in master; excluded from ML
CVE-2023-49712,34329,vuln_status,rejected,expected_exclusion,Retained in master; excluded from ML
CVE-2023-49787,34393,vuln_status,rejected,expected_exclusion,Retained in master; excluded from ML
CVE-2023-49811,34417,vuln_status,rejected,expected_exclusion,Retained in master; excluded from ML
CVE-2023-49870,34478,vuln_status,rejected,expected_exclusion,Retained in master; excluded from ML
CVE-2023-49872,34479,vuln_status,rejected,expected_exclusion,Retained in master; excluded from ML
CVE-2023-50119,34618,vuln_status,rejected,expected_exclusion,Retained in master; excluded from ML
CVE-2023-50170,34644,vuln_status,rejected,expected_exclusion,Retained in master; excluded from ML
CVE-2023-50174,34646,vuln_status,rejected,expected_exclusion,Retained in master; excluded from ML
CVE-2023-50241,34713,vuln_status,rejected,expected_exclusion,Retained in master; excluded from ML
CVE-2023-50293,34753,vuln_status,rejected,expected_exclusion,Retained in master; excluded from ML
CVE-2023-50329,34776,vuln_status,rejected,expected_exclusion,Retained in master; excluded from ML
CVE-2023-50335,34781,vuln_status,rejected,expected_exclusion,Retained in master; excluded from ML
CVE-2023-50336,34782,vuln_status,rejected,expected_exclusion,Retained in master; excluded from ML
CVE-2023-50337,34783,vuln_status,rejected,expected_exclusion,Retained in master; excluded from ML
CVE-2023-50569,34894,vuln_status,rejected,expected_exclusion,Retained in master; excluded from ML
CVE-2023-50977,35157,vuln_status,rejected,expected_exclusion,Retained in master; excluded from ML
CVE-2023-51195,35271,vuln_status,rejected,expected_exclusion,Retained in master; excluded from ML
CVE-2023-51197,35272,vuln_status,rejected,expected_exclusion,Retained in master; excluded from ML
CVE-2023-51198,35273,vuln_status,rejected,expected_exclusion,Retained in master; excluded from ML
CVE-2023-51199,35274,vuln_status,rejected,expected_exclusion,Retained in master; excluded from ML
CVE-2023-51200,35276,vuln_status,rejected,expected_exclusion,Retained in master; excluded from ML
CVE-2023-51201,35277,vuln_status,rejected,expected_exclusion,Retained in master; excluded from ML
CVE-2023-51202,35278,vuln_status,rejected,expected_exclusion,Retained in master; excluded from ML
CVE-2023-51204,35279,vuln_status,rejected,expected_exclusion,Retained in master; excluded from ML
CVE-2023-51208,35280,vuln_status,rejected,expected_exclusion,Retained in master; excluded from ML
CVE-2023-5129,35300,vuln_status,rejected,expected_exclusion,Retained in master; excluded from ML
CVE-2023-51381,35339,vuln_status,rejected,expected_exclusion,Retained in master; excluded from ML
CVE-2023-51754,35728,vuln_status,rejected,expected_exclusion,Retained in master; excluded from ML
CVE-2023-51755,35729,vuln_status,rejected,expected_exclusion,Retained in master; excluded from ML
CVE-2023-51989,35851,vuln_status,rejected,expected_exclusion,Retained in master; excluded from ML
CVE-2023-52071,35884,vuln_status,rejected,expected_exclusion,Retained in master; excluded from ML
CVE-2023-52140,35953,vuln_status,rejected,expected_exclusion,Retained in master; excluded from ML
CVE-2023-52141,35954,vuln_status,rejected,expected_exclusion,Retained in master; excluded from ML
CVE-2023-52382,36154,vuln_status,rejected,expected_exclusion,Retained in master; excluded from ML
CVE-2023-52392,36163,vuln_status,rejected,expected_exclusion,Retained in master; excluded from ML
CVE-2023-52395,36164,vuln_status,rejected,expected_exclusion,Retained in master; excluded from ML
CVE-2023-52396,36165,vuln_status,rejected,expected_exclusion,Retained in master; excluded from ML
CVE-2023-52398,36166,vuln_status,rejected,expected_exclusion,Retained in master; excluded from ML
CVE-2023-52399,36167,vuln_status,rejected,expected_exclusion,Retained in master; excluded from ML
CVE-2023-52437,36184,vuln_status,rejected,expected_exclusion,Retained in master; excluded from ML
CVE-2023-52466,36216,vuln_status,rejected,expected_exclusion,Retained in master; excluded from ML
CVE-2023-52496,36248,vuln_status,rejected,expected_exclusion,Retained in master; excluded from ML
CVE-2023-52514,36268,vuln_status,rejected,expected_exclusion,Retained in master; excluded from ML
CVE-2023-52521,36276,vuln_status,rejected,expected_exclusion,Retained in master; excluded from ML
CVE-2023-52575,36335,vuln_status,rejected,expected_exclusion,Retained in master; excluded from ML
CVE-2023-52579,36339,vuln_status,rejected,expected_exclusion,Retained in master; excluded from ML
CVE-2023-52592,36354,vuln_status,rejected,expected_exclusion,Retained in master; excluded from ML
CVE-2023-52605,36368,vuln_status,rejected,expected_exclusion,Retained in master; excluded from ML
CVE-2023-52630,36396,vuln_status,rejected,expected_exclusion,Retained in master; excluded from ML
CVE-2023-52651,36419,vuln_status,rejected,expected_exclusion,Retained in master; excluded from ML
CVE-2023-52665,36434,vuln_status,rejected,expected_exclusion,Retained in master; excluded from ML
CVE-2023-52666,36435,vuln_status,rejected,expected_exclusion,Retained in master; excluded from ML
CVE-2023-52685,36456,vuln_status,rejected,expected_exclusion,Retained in master; excluded from ML
CVE-2023-52733,36508,vuln_status,rejected,expected_exclusion,Retained in master; excluded from ML
CVE-2023-52734,36509,vuln_status,rejected,expected_exclusion,Retained in master; excluded from ML
CVE-2023-52756,36533,vuln_status,rejected,expected_exclusion,Retained in master; excluded from ML
CVE-2023-52758,36535,vuln_status,rejected,expected_exclusion,Retained in master; excluded from ML
CVE-2023-52759,36536,vuln_status,rejected,expected_exclusion,Retained in master; excluded from ML
CVE-2023-52793,36574,vuln_status,rejected,expected_exclusion,Retained in master; excluded from ML
CVE-2023-52802,36584,vuln_status,rejected,expected_exclusion,Retained in master; excluded from ML
CVE-2023-52820,36604,vuln_status,rejected,expected_exclusion,Retained in master; excluded from ML
CVE-2023-52822,36606,vuln_status,rejected,expected_exclusion,Retained in master; excluded from ML
CVE-2023-52823,36607,vuln_status,rejected,expected_exclusion,Retained in master; excluded from ML
CVE-2023-52824,36608,vuln_status,rejected,expected_exclusion,Retained in master; excluded from ML
CVE-2023-52830,36615,vuln_status,rejected,expected_exclusion,Retained in master; excluded from ML
CVE-2023-5290,36691,vuln_status,rejected,expected_exclusion,Retained in master; excluded from ML
CVE-2023-52917,36710,vuln_status,rejected,expected_exclusion,Retained in master; excluded from ML
CVE-2023-5306,36738,vuln_status,rejected,expected_exclusion,Retained in master; excluded from ML
CVE-2023-5312,36744,vuln_status,rejected,expected_exclusion,Retained in master; excluded from ML
CVE-2023-5442,36868,vuln_status,rejected,expected_exclusion,Retained in master; excluded from ML
CVE-2023-5584,36998,vuln_status,rejected,expected_exclusion,Retained in master; excluded from ML
CVE-2023-5619,37028,vuln_status,rejected,expected_exclusion,Retained in master; excluded from ML
CVE-2023-5646,37054,vuln_status,rejected,expected_exclusion,Retained in master; excluded from ML
CVE-2023-5647,37055,vuln_status,rejected,expected_exclusion,Retained in master; excluded from ML
CVE-2023-5655,37061,vuln_status,rejected,expected_exclusion,Retained in master; excluded from ML
CVE-2023-5656,37062,vuln_status,rejected,expected_exclusion,Retained in master; excluded from ML
CVE-2023-5755,37155,vuln_status,rejected,expected_exclusion,Retained in master; excluded from ML
CVE-2023-5773,37173,vuln_status,rejected,expected_exclusion,Retained in master; excluded from ML
CVE-2023-5888,37281,vuln_status,rejected,expected_exclusion,Retained in master; excluded from ML
CVE-2023-5947,37338,vuln_status,rejected,expected_exclusion,Retained in master; excluded from ML
CVE-2023-5977,37368,vuln_status,rejected,expected_exclusion,Retained in master; excluded from ML
CVE-2023-5999,37389,vuln_status,rejected,expected_exclusion,Retained in master; excluded from ML
CVE-2023-6010,37399,vuln_status,rejected,expected_exclusion,Retained in master; excluded from ML
CVE-2023-6034,37419,vuln_status,rejected,expected_exclusion,Retained in master; excluded from ML
CVE-2023-6061,37443,vuln_status,rejected,expected_exclusion,Retained in master; excluded from ML
CVE-2023-6079,37461,vuln_status,rejected,expected_exclusion,Retained in master; excluded from ML
CVE-2023-6083,37465,vuln_status,rejected,expected_exclusion,Retained in master; excluded from ML
CVE-2023-6085,37467,vuln_status,rejected,expected_exclusion,Retained in master; excluded from ML
CVE-2023-6086,37468,vuln_status,rejected,expected_exclusion,Retained in master; excluded from ML
CVE-2023-6087,37469,vuln_status,rejected,expected_exclusion,Retained in master; excluded from ML
CVE-2023-6088,37470,vuln_status,rejected,expected_exclusion,Retained in master; excluded from ML
CVE-2023-6089,37471,vuln_status,rejected,expected_exclusion,Retained in master; excluded from ML
CVE-2023-6092,37474,vuln_status,rejected,expected_exclusion,Retained in master; excluded from ML
CVE-2023-6104,37486,vuln_status,rejected,expected_exclusion,Retained in master; excluded from ML
CVE-2023-6106,37488,vuln_status,rejected,expected_exclusion,Retained in master; excluded from ML
CVE-2023-6107,37489,vuln_status,rejected,expected_exclusion,Retained in master; excluded from ML
CVE-2023-6115,37496,vuln_status,rejected,expected_exclusion,Retained in master; excluded from ML
CVE-2023-6470,37806,vuln_status,rejected,expected_exclusion,Retained in master; excluded from ML
CVE-2023-6716,38009,vuln_status,rejected,expected_exclusion,Retained in master; excluded from ML
CVE-2023-6734,38026,vuln_status,rejected,expected_exclusion,Retained in master; excluded from ML
CVE-2023-6752,38043,vuln_status,rejected,expected_exclusion,Retained in master; excluded from ML
CVE-2023-6920,38195,vuln_status,rejected,expected_exclusion,Retained in master; excluded from ML
CVE-2023-6997,38269,vuln_status,rejected,expected_exclusion,Retained in master; excluded from ML
CVE-2023-7255,38499,vuln_status,rejected,expected_exclusion,Retained in master; excluded from ML
CVE-2024-0069,38590,vuln_status,rejected,expected_exclusion,Retained in master; excluded from ML
CVE-2024-0070,38591,vuln_status,rejected,expected_exclusion,Retained in master; excluded from ML
CVE-2024-0227,38719,vuln_status,rejected,expected_exclusion,Retained in master; excluded from ML
CVE-2024-0228,38720,vuln_status,rejected,expected_exclusion,Retained in master; excluded from ML
CVE-2024-0393,38870,vuln_status,rejected,expected_exclusion,Retained in master; excluded from ML
CVE-2024-0395,38872,vuln_status,rejected,expected_exclusion,Retained in master; excluded from ML
CVE-2024-0584,39055,vuln_status,rejected,expected_exclusion,Retained in master; excluded from ML
CVE-2024-0663,39126,vuln_status,rejected,expected_exclusion,Retained in master; excluded from ML
CVE-2024-0686,39148,vuln_status,rejected,expected_exclusion,Retained in master; excluded from ML
CVE-2024-0694,39156,vuln_status,rejected,expected_exclusion,Retained in master; excluded from ML
CVE-2024-0704,39166,vuln_status,rejected,expected_exclusion,Retained in master; excluded from ML
CVE-2024-0706,39168,vuln_status,rejected,expected_exclusion,Retained in master; excluded from ML
CVE-2024-0707,39169,vuln_status,rejected,expected_exclusion,Retained in master; excluded from ML
CVE-2024-0713,39175,vuln_status,rejected,expected_exclusion,Retained in master; excluded from ML
CVE-2024-0968,39413,vuln_status,rejected,expected_exclusion,Retained in master; excluded from ML
CVE-2024-10115,39526,vuln_status,rejected,expected_exclusion,Retained in master; excluded from ML
CVE-2024-10686,40006,vuln_status,rejected,expected_exclusion,Retained in master; excluded from ML
CVE-2024-10691,40012,vuln_status,rejected,expected_exclusion,Retained in master; excluded from ML
CVE-2024-10694,40015,vuln_status,rejected,expected_exclusion,Retained in master; excluded from ML
CVE-2024-1087,40160,vuln_status,rejected,expected_exclusion,Retained in master; excluded from ML
CVE-2024-10922,40205,vuln_status,rejected,expected_exclusion,Retained in master; excluded from ML
CVE-2024-11081,40331,vuln_status,rejected,expected_exclusion,Retained in master; excluded from ML
CVE-2024-11086,40335,vuln_status,rejected,expected_exclusion,Retained in master; excluded from ML
CVE-2024-11160,40396,vuln_status,rejected,expected_exclusion,Retained in master; excluded from ML
CVE-2024-11177,40402,vuln_status,rejected,expected_exclusion,Retained in master; excluded from ML
CVE-2024-11296,40499,vuln_status,rejected,expected_exclusion,Retained in master; excluded from ML
CVE-2024-11298,40501,vuln_status,rejected,expected_exclusion,Retained in master; excluded from ML
CVE-2024-11879,40984,vuln_status,rejected,expected_exclusion,Retained in master; excluded from ML
CVE-2024-12064,41110,vuln_status,rejected,expected_exclusion,Retained in master; excluded from ML
CVE-2024-12101,41126,vuln_status,rejected,expected_exclusion,Retained in master; excluded from ML
CVE-2024-1216,41151,vuln_status,rejected,expected_exclusion,Retained in master; excluded from ML
CVE-2024-12632,41394,vuln_status,rejected,expected_exclusion,Retained in master; excluded from ML
CVE-2024-1271,41441,vuln_status,rejected,expected_exclusion,Retained in master; excluded from ML
CVE-2024-12840,41493,vuln_status,rejected,expected_exclusion,Retained in master; excluded from ML
CVE-2024-1342,41706,vuln_status,rejected,expected_exclusion,Retained in master; excluded from ML
CVE-2024-1373,41737,vuln_status,rejected,expected_exclusion,Retained in master; excluded from ML
CVE-2024-1420,41784,vuln_status,rejected,expected_exclusion,Retained in master; excluded from ML
CVE-2024-1423,41787,vuln_status,rejected,expected_exclusion,Retained in master; excluded from ML
CVE-2024-1444,41807,vuln_status,rejected,expected_exclusion,Retained in master; excluded from ML
CVE-2024-1469,41831,vuln_status,rejected,expected_exclusion,Retained in master; excluded from ML
CVE-2024-1515,41873,vuln_status,rejected,expected_exclusion,Retained in master; excluded from ML
CVE-2024-1599,41950,vuln_status,rejected,expected_exclusion,Retained in master; excluded from ML
CVE-2024-1665,42005,vuln_status,rejected,expected_exclusion,Retained in master; excluded from ML
CVE-2024-1715,42053,vuln_status,rejected,expected_exclusion,Retained in master; excluded from ML
CVE-2024-1788,42124,vuln_status,rejected,expected_exclusion,Retained in master; excluded from ML
CVE-2024-1864,42196,vuln_status,rejected,expected_exclusion,Retained in master; excluded from ML
CVE-2024-1865,42197,vuln_status,rejected,expected_exclusion,Retained in master; excluded from ML
CVE-2024-1866,42198,vuln_status,rejected,expected_exclusion,Retained in master; excluded from ML
CVE-2024-1980,42306,vuln_status,rejected,expected_exclusion,Retained in master; excluded from ML
CVE-2024-1992,42318,vuln_status,rejected,expected_exclusion,Retained in master; excluded from ML
CVE-2024-1998,42324,vuln_status,rejected,expected_exclusion,Retained in master; excluded from ML
CVE-2024-2041,42653,vuln_status,rejected,expected_exclusion,Retained in master; excluded from ML
CVE-2024-21506,43672,vuln_status,rejected,expected_exclusion,Retained in master; excluded from ML
CVE-2024-21540,43710,vuln_status,rejected,expected_exclusion,Retained in master; excluded from ML
CVE-2024-2167,43813,vuln_status,rejected,expected_exclusion,Retained in master; excluded from ML
CVE-2024-21676,43819,vuln_status,rejected,expected_exclusion,Retained in master; excluded from ML
CVE-2024-2230,44345,vuln_status,rejected,expected_exclusion,Retained in master; excluded from ML
CVE-2024-22413,44446,vuln_status,rejected,expected_exclusion,Retained in master; excluded from ML
CVE-2024-22682,44584,vuln_status,rejected,expected_exclusion,Retained in master; excluded from ML
CVE-2024-22984,44706,vuln_status,rejected,expected_exclusion,Retained in master; excluded from ML
CVE-2024-23252,44888,vuln_status,rejected,expected_exclusion,Retained in master; excluded from ML
CVE-2024-23595,45165,vuln_status,rejected,expected_exclusion,Retained in master; excluded from ML
CVE-2024-2370,45267,vuln_status,rejected,expected_exclusion,Retained in master; excluded from ML
CVE-2024-23854,45406,vuln_status,rejected,expected_exclusion,Retained in master; excluded from ML
CVE-2024-2437,45692,vuln_status,rejected,expected_exclusion,Retained in master; excluded from ML
CVE-2024-2438,45695,vuln_status,rejected,expected_exclusion,Retained in master; excluded from ML
CVE-2024-24403,45708,vuln_status,rejected,expected_exclusion,Retained in master; excluded from ML
CVE-2024-24475,45736,vuln_status,rejected,expected_exclusion,Retained in master; excluded from ML
CVE-2024-24497,45750,vuln_status,rejected,expected_exclusion,Retained in master; excluded from ML
CVE-2024-24498,45751,vuln_status,rejected,expected_exclusion,Retained in master; excluded from ML
CVE-2024-24499,45752,vuln_status,rejected,expected_exclusion,Retained in master; excluded from ML
CVE-2024-24528,45764,vuln_status,rejected,expected_exclusion,Retained in master; excluded from ML
CVE-2024-24862,46001,vuln_status,rejected,expected_exclusion,Retained in master; excluded from ML
CVE-2024-24863,46002,vuln_status,rejected,expected_exclusion,Retained in master; excluded from ML
CVE-2024-25001,46126,vuln_status,rejected,expected_exclusion,Retained in master; excluded from ML
CVE-2024-25113,46206,vuln_status,rejected,expected_exclusion,Retained in master; excluded from ML
CVE-2024-25282,46319,vuln_status,rejected,expected_exclusion,Retained in master; excluded from ML
CVE-2024-25283,46320,vuln_status,rejected,expected_exclusion,Retained in master; excluded from ML
CVE-2024-25284,46321,vuln_status,rejected,expected_exclusion,Retained in master; excluded from ML
CVE-2024-25285,46322,vuln_status,rejected,expected_exclusion,Retained in master; excluded from ML
CVE-2024-25286,46323,vuln_status,rejected,expected_exclusion,Retained in master; excluded from ML
CVE-2024-2545,46419,vuln_status,rejected,expected_exclusion,Retained in master; excluded from ML
CVE-2024-25553,46472,vuln_status,rejected,expected_exclusion,Retained in master; excluded from ML
CVE-2024-25554,46473,vuln_status,rejected,expected_exclusion,Retained in master; excluded from ML
CVE-2024-25703,46602,vuln_status,rejected,expected_exclusion,Retained in master; excluded from ML
CVE-2024-25704,46603,vuln_status,rejected,expected_exclusion,Retained in master; excluded from ML
CVE-2024-25760,46645,vuln_status,rejected,expected_exclusion,Retained in master; excluded from ML
CVE-2024-26287,47104,vuln_status,rejected,expected_exclusion,Retained in master; excluded from ML
CVE-2024-26464,47170,vuln_status,rejected,expected_exclusion,Retained in master; excluded from ML
CVE-2024-26609,47250,vuln_status,rejected,expected_exclusion,Retained in master; excluded from ML
CVE-2024-26613,47255,vuln_status,rejected,expected_exclusion,Retained in master; excluded from ML
CVE-2024-26624,47267,vuln_status,rejected,expected_exclusion,Retained in master; excluded from ML
CVE-2024-26628,47271,vuln_status,rejected,expected_exclusion,Retained in master; excluded from ML
CVE-2024-26639,47283,vuln_status,rejected,expected_exclusion,Retained in master; excluded from ML
CVE-2024-26650,47296,vuln_status,rejected,expected_exclusion,Retained in master; excluded from ML
CVE-2024-26701,47352,vuln_status,rejected,expected_exclusion,Retained in master; excluded from ML
CVE-2024-26713,47365,vuln_status,rejected,expected_exclusion,Retained in master; excluded from ML
CVE-2024-26720,47373,vuln_status,rejected,expected_exclusion,Retained in master; excluded from ML
CVE-2024-26794,47454,vuln_status,rejected,expected_exclusion,Retained in master; excluded from ML
CVE-2024-26819,47481,vuln_status,rejected,expected_exclusion,Retained in master; excluded from ML
CVE-2024-26821,47484,vuln_status,rejected,expected_exclusion,Retained in master; excluded from ML
CVE-2024-26827,47490,vuln_status,rejected,expected_exclusion,Retained in master; excluded from ML
CVE-2024-26848,47513,vuln_status,rejected,expected_exclusion,Retained in master; excluded from ML
CVE-2024-26904,47575,vuln_status,rejected,expected_exclusion,Retained in master; excluded from ML
CVE-2024-26905,47576,vuln_status,rejected,expected_exclusion,Retained in master; excluded from ML
CVE-2024-26908,47579,vuln_status,rejected,expected_exclusion,Retained in master; excluded from ML
CVE-2024-26929,47602,vuln_status,rejected,expected_exclusion,Retained in master; excluded from ML
CVE-2024-26972,47650,vuln_status,rejected,expected_exclusion,Retained in master; excluded from ML
CVE-2024-26979,47657,vuln_status,rejected,expected_exclusion,Retained in master; excluded from ML
CVE-2024-27042,47725,vuln_status,rejected,expected_exclusion,Retained in master; excluded from ML
CVE-2024-27055,47739,vuln_status,rejected,expected_exclusion,Retained in master; excluded from ML
CVE-2024-27084,47771,vuln_status,rejected,expected_exclusion,Retained in master; excluded from ML
CVE-2024-27089,47776,vuln_status,rejected,expected_exclusion,Retained in master; excluded from ML
CVE-2024-27215,47905,vuln_status,rejected,expected_exclusion,Retained in master; excluded from ML
CVE-2024-27420,48107,vuln_status,rejected,expected_exclusion,Retained in master; excluded from ML
CVE-2024-27421,48108,vuln_status,rejected,expected_exclusion,Retained in master; excluded from ML
CVE-2024-27422,48109,vuln_status,rejected,expected_exclusion,Retained in master; excluded from ML
CVE-2024-27423,48110,vuln_status,rejected,expected_exclusion,Retained in master; excluded from ML
CVE-2024-27424,48111,vuln_status,rejected,expected_exclusion,Retained in master; excluded from ML
CVE-2024-27425,48112,vuln_status,rejected,expected_exclusion,Retained in master; excluded from ML
CVE-2024-27426,48113,vuln_status,rejected,expected_exclusion,Retained in master; excluded from ML
CVE-2024-27427,48114,vuln_status,rejected,expected_exclusion,Retained in master; excluded from ML
CVE-2024-27428,48115,vuln_status,rejected,expected_exclusion,Retained in master; excluded from ML
CVE-2024-27429,48116,vuln_status,rejected,expected_exclusion,Retained in master; excluded from ML
CVE-2024-27430,48118,vuln_status,rejected,expected_exclusion,Retained in master; excluded from ML
CVE-2024-27441,48130,vuln_status,rejected,expected_exclusion,Retained in master; excluded from ML
CVE-2024-27462,48147,vuln_status,rejected,expected_exclusion,Retained in master; excluded from ML
CVE-2024-27536,48176,vuln_status,rejected,expected_exclusion,Retained in master; excluded from ML
CVE-2024-27537,48177,vuln_status,rejected,expected_exclusion,Retained in master; excluded from ML
CVE-2024-27673,48235,vuln_status,rejected,expected_exclusion,Retained in master; excluded from ML
CVE-2024-27692,48243,vuln_status,rejected,expected_exclusion,Retained in master; excluded from ML
CVE-2024-27698,48245,vuln_status,rejected,expected_exclusion,Retained in master; excluded from ML
CVE-2024-2802,48530,vuln_status,rejected,expected_exclusion,Retained in master; excluded from ML
CVE-2024-2866,48906,vuln_status,rejected,expected_exclusion,Retained in master; excluded from ML
CVE-2024-2875,48964,vuln_status,rejected,expected_exclusion,Retained in master; excluded from ML
CVE-2024-29439,49484,vuln_status,rejected,expected_exclusion,Retained in master; excluded from ML
CVE-2024-29440,49486,vuln_status,rejected,expected_exclusion,Retained in master; excluded from ML
CVE-2024-29441,49487,vuln_status,rejected,expected_exclusion,Retained in master; excluded from ML
CVE-2024-29442,49488,vuln_status,rejected,expected_exclusion,Retained in master; excluded from ML
CVE-2024-29443,49489,vuln_status,rejected,expected_exclusion,Retained in master; excluded from ML
CVE-2024-29444,49490,vuln_status,rejected,expected_exclusion,Retained in master; excluded from ML
CVE-2024-29445,49491,vuln_status,rejected,expected_exclusion,Retained in master; excluded from ML
CVE-2024-29447,49492,vuln_status,rejected,expected_exclusion,Retained in master; excluded from ML
CVE-2024-29448,49493,vuln_status,rejected,expected_exclusion,Retained in master; excluded from ML
CVE-2024-29449,49494,vuln_status,rejected,expected_exclusion,Retained in master; excluded from ML
CVE-2024-29450,49496,vuln_status,rejected,expected_exclusion,Retained in master; excluded from ML
CVE-2024-29452,49497,vuln_status,rejected,expected_exclusion,Retained in master; excluded from ML
CVE-2024-29454,49498,vuln_status,rejected,expected_exclusion,Retained in master; excluded from ML
CVE-2024-29455,49499,vuln_status,rejected,expected_exclusion,Retained in master; excluded from ML
CVE-2024-2957,49535,vuln_status,rejected,expected_exclusion,Retained in master; excluded from ML
CVE-2024-30657,50479,vuln_status,rejected,expected_exclusion,Retained in master; excluded from ML
CVE-2024-30658,50480,vuln_status,rejected,expected_exclusion,Retained in master; excluded from ML
CVE-2024-30659,50481,vuln_status,rejected,expected_exclusion,Retained in master; excluded from ML
CVE-2024-30661,50483,vuln_status,rejected,expected_exclusion,Retained in master; excluded from ML
CVE-2024-30662,50484,vuln_status,rejected,expected_exclusion,Retained in master; excluded from ML
CVE-2024-30663,50485,vuln_status,rejected,expected_exclusion,Retained in master; excluded from ML
CVE-2024-30665,50486,vuln_status,rejected,expected_exclusion,Retained in master; excluded from ML
CVE-2024-30666,50487,vuln_status,rejected,expected_exclusion,Retained in master; excluded from ML
CVE-2024-30667,50488,vuln_status,rejected,expected_exclusion,Retained in master; excluded from ML
CVE-2024-30672,50490,vuln_status,rejected,expected_exclusion,Retained in master; excluded from ML
CVE-2024-30674,50491,vuln_status,rejected,expected_exclusion,Retained in master; excluded from ML
CVE-2024-30675,50492,vuln_status,rejected,expected_exclusion,Retained in master; excluded from ML
CVE-2024-30676,50493,vuln_status,rejected,expected_exclusion,Retained in master; excluded from ML
CVE-2024-30678,50494,vuln_status,rejected,expected_exclusion,Retained in master; excluded from ML
CVE-2024-30679,50495,vuln_status,rejected,expected_exclusion,Retained in master; excluded from ML
CVE-2024-30680,50497,vuln_status,rejected,expected_exclusion,Retained in master; excluded from ML
CVE-2024-30681,50498,vuln_status,rejected,expected_exclusion,Retained in master; excluded from ML
CVE-2024-30683,50499,vuln_status,rejected,expected_exclusion,Retained in master; excluded from ML
CVE-2024-30684,50500,vuln_status,rejected,expected_exclusion,Retained in master; excluded from ML
CVE-2024-30686,50501,vuln_status,rejected,expected_exclusion,Retained in master; excluded from ML
CVE-2024-30687,50502,vuln_status,rejected,expected_exclusion,Retained in master; excluded from ML
CVE-2024-30688,50503,vuln_status,rejected,expected_exclusion,Retained in master; excluded from ML
CVE-2024-30690,50504,vuln_status,rejected,expected_exclusion,Retained in master; excluded from ML
CVE-2024-30691,50505,vuln_status,rejected,expected_exclusion,Retained in master; excluded from ML
CVE-2024-30692,50506,vuln_status,rejected,expected_exclusion,Retained in master; excluded from ML
CVE-2024-30694,50507,vuln_status,rejected,expected_exclusion,Retained in master; excluded from ML
CVE-2024-30695,50508,vuln_status,rejected,expected_exclusion,Retained in master; excluded from ML
CVE-2024-30696,50509,vuln_status,rejected,expected_exclusion,Retained in master; excluded from ML
CVE-2024-30697,50510,vuln_status,rejected,expected_exclusion,Retained in master; excluded from ML
CVE-2024-30699,50511,vuln_status,rejected,expected_exclusion,Retained in master; excluded from ML
CVE-2024-30701,50513,vuln_status,rejected,expected_exclusion,Retained in master; excluded from ML
CVE-2024-30702,50514,vuln_status,rejected,expected_exclusion,Retained in master; excluded from ML
CVE-2024-30703,50515,vuln_status,rejected,expected_exclusion,Retained in master; excluded from ML
CVE-2024-30704,50516,vuln_status,rejected,expected_exclusion,Retained in master; excluded from ML
CVE-2024-30706,50517,vuln_status,rejected,expected_exclusion,Retained in master; excluded from ML
CVE-2024-30707,50518,vuln_status,rejected,expected_exclusion,Retained in master; excluded from ML
CVE-2024-30708,50519,vuln_status,rejected,expected_exclusion,Retained in master; excluded from ML
CVE-2024-30710,50521,vuln_status,rejected,expected_exclusion,Retained in master; excluded from ML
CVE-2024-30711,50522,vuln_status,rejected,expected_exclusion,Retained in master; excluded from ML
CVE-2024-30712,50523,vuln_status,rejected,expected_exclusion,Retained in master; excluded from ML
CVE-2024-30713,50524,vuln_status,rejected,expected_exclusion,Retained in master; excluded from ML
CVE-2024-30715,50525,vuln_status,rejected,expected_exclusion,Retained in master; excluded from ML
CVE-2024-30716,50526,vuln_status,rejected,expected_exclusion,Retained in master; excluded from ML
CVE-2024-30718,50527,vuln_status,rejected,expected_exclusion,Retained in master; excluded from ML
CVE-2024-30719,50528,vuln_status,rejected,expected_exclusion,Retained in master; excluded from ML
CVE-2024-30721,50530,vuln_status,rejected,expected_exclusion,Retained in master; excluded from ML
CVE-2024-30722,50531,vuln_status,rejected,expected_exclusion,Retained in master; excluded from ML
CVE-2024-30723,50532,vuln_status,rejected,expected_exclusion,Retained in master; excluded from ML
CVE-2024-30724,50533,vuln_status,rejected,expected_exclusion,Retained in master; excluded from ML
CVE-2024-30726,50534,vuln_status,rejected,expected_exclusion,Retained in master; excluded from ML
CVE-2024-30727,50535,vuln_status,rejected,expected_exclusion,Retained in master; excluded from ML
CVE-2024-30728,50536,vuln_status,rejected,expected_exclusion,Retained in master; excluded from ML
CVE-2024-30729,50537,vuln_status,rejected,expected_exclusion,Retained in master; excluded from ML
CVE-2024-30730,50539,vuln_status,rejected,expected_exclusion,Retained in master; excluded from ML
CVE-2024-30733,50540,vuln_status,rejected,expected_exclusion,Retained in master; excluded from ML
CVE-2024-30735,50541,vuln_status,rejected,expected_exclusion,Retained in master; excluded from ML
CVE-2024-30736,50542,vuln_status,rejected,expected_exclusion,Retained in master; excluded from ML
CVE-2024-30737,50543,vuln_status,rejected,expected_exclusion,Retained in master; excluded from ML
CVE-2024-30850,50569,vuln_status,rejected,expected_exclusion,Retained in master; excluded from ML
CVE-2024-3093,50617,vuln_status,rejected,expected_exclusion,Retained in master; excluded from ML
CVE-2024-3133,50943,vuln_status,rejected,expected_exclusion,Retained in master; excluded from ML
CVE-2024-31576,51140,vuln_status,rejected,expected_exclusion,Retained in master; excluded from ML
CVE-2024-31622,51165,vuln_status,rejected,expected_exclusion,Retained in master; excluded from ML
CVE-2024-31623,51166,vuln_status,rejected,expected_exclusion,Retained in master; excluded from ML
CVE-2024-31624,51167,vuln_status,rejected,expected_exclusion,Retained in master; excluded from ML
CVE-2024-31625,51168,vuln_status,rejected,expected_exclusion,Retained in master; excluded from ML
CVE-2024-31626,51169,vuln_status,rejected,expected_exclusion,Retained in master; excluded from ML
CVE-2024-31627,51170,vuln_status,rejected,expected_exclusion,Retained in master; excluded from ML
CVE-2024-31628,51171,vuln_status,rejected,expected_exclusion,Retained in master; excluded from ML
CVE-2024-31629,51172,vuln_status,rejected,expected_exclusion,Retained in master; excluded from ML
CVE-2024-31630,51174,vuln_status,rejected,expected_exclusion,Retained in master; excluded from ML
CVE-2024-31631,51175,vuln_status,rejected,expected_exclusion,Retained in master; excluded from ML
CVE-2024-31745,51208,vuln_status,rejected,expected_exclusion,Retained in master; excluded from ML
CVE-2024-31861,51279,vuln_status,rejected,expected_exclusion,Retained in master; excluded from ML
CVE-2024-32029,51430,vuln_status,rejected,expected_exclusion,Retained in master; excluded from ML
CVE-2024-3205,51448,vuln_status,rejected,expected_exclusion,Retained in master; excluded from ML
CVE-2024-32205,51548,vuln_status,rejected,expected_exclusion,Retained in master; excluded from ML
CVE-2024-33331,52407,vuln_status,rejected,expected_exclusion,Retained in master; excluded from ML
CVE-2024-33339,52411,vuln_status,rejected,expected_exclusion,Retained in master; excluded from ML
CVE-2024-33386,52430,vuln_status,rejected,expected_exclusion,Retained in master; excluded from ML
CVE-2024-33427,52451,vuln_status,rejected,expected_exclusion,Retained in master; excluded from ML
CVE-2024-3380,52729,vuln_status,rejected,expected_exclusion,Retained in master; excluded from ML
CVE-2024-3381,52740,vuln_status,rejected,expected_exclusion,Retained in master; excluded from ML
CVE-2024-33878,52786,vuln_status,rejected,expected_exclusion,Retained in master; excluded from ML
CVE-2024-34466,53260,vuln_status,rejected,expected_exclusion,Retained in master; excluded from ML
CVE-2024-34511,53292,vuln_status,rejected,expected_exclusion,Retained in master; excluded from ML
CVE-2024-34584,53352,vuln_status,rejected,expected_exclusion,Retained in master; excluded from ML
CVE-2024-34764,53536,vuln_status,rejected,expected_exclusion,Retained in master; excluded from ML
CVE-2024-3512,53718,vuln_status,rejected,expected_exclusion,Retained in master; excluded from ML
CVE-2024-3514,53725,vuln_status,rejected,expected_exclusion,Retained in master; excluded from ML
CVE-2024-35173,53751,vuln_status,rejected,expected_exclusion,Retained in master; excluded from ML
CVE-2024-35325,53881,vuln_status,rejected,expected_exclusion,Retained in master; excluded from ML
CVE-2024-35326,53882,vuln_status,rejected,expected_exclusion,Retained in master; excluded from ML
CVE-2024-35328,53883,vuln_status,rejected,expected_exclusion,Retained in master; excluded from ML
CVE-2024-35329,53884,vuln_status,rejected,expected_exclusion,Retained in master; excluded from ML
CVE-2024-3556,54005,vuln_status,rejected,expected_exclusion,Retained in master; excluded from ML
CVE-2024-35788,54203,vuln_status,rejected,expected_exclusion,Retained in master; excluded from ML
CVE-2024-35802,54219,vuln_status,rejected,expected_exclusion,Retained in master; excluded from ML
CVE-2024-35812,54230,vuln_status,rejected,expected_exclusion,Retained in master; excluded from ML
CVE-2024-35820,54239,vuln_status,rejected,expected_exclusion,Retained in master; excluded from ML
CVE-2024-35876,54299,vuln_status,rejected,expected_exclusion,Retained in master; excluded from ML
CVE-2024-35881,54305,vuln_status,rejected,expected_exclusion,Retained in master; excluded from ML
CVE-2024-35906,54331,vuln_status,rejected,expected_exclusion,Retained in master; excluded from ML
CVE-2024-35918,54344,vuln_status,rejected,expected_exclusion,Retained in master; excluded from ML
CVE-2024-35923,54350,vuln_status,rejected,expected_exclusion,Retained in master; excluded from ML
CVE-2024-35928,54355,vuln_status,rejected,expected_exclusion,Retained in master; excluded from ML
CVE-2024-35941,54370,vuln_status,rejected,expected_exclusion,Retained in master; excluded from ML
CVE-2024-36022,54459,vuln_status,rejected,expected_exclusion,Retained in master; excluded from ML
CVE-2024-36051,54486,vuln_status,rejected,expected_exclusion,Retained in master; excluded from ML
CVE-2024-3658,54899,vuln_status,rejected,expected_exclusion,Retained in master; excluded from ML
CVE-2024-36610,54916,vuln_status,rejected,expected_exclusion,Retained in master; excluded from ML
CVE-2024-36699,54961,vuln_status,rejected,expected_exclusion,Retained in master; excluded from ML
CVE-2024-36802,55003,vuln_status,rejected,expected_exclusion,Retained in master; excluded from ML
CVE-2024-36811,55005,vuln_status,rejected,expected_exclusion,Retained in master; excluded from ML
CVE-2024-36885,55034,vuln_status,rejected,expected_exclusion,Retained in master; excluded from ML
CVE-2024-36907,55058,vuln_status,rejected,expected_exclusion,Retained in master; excluded from ML
CVE-2024-36923,55076,vuln_status,rejected,expected_exclusion,Retained in master; excluded from ML
CVE-2024-36942,55095,vuln_status,rejected,expected_exclusion,Retained in master; excluded from ML
CVE-2024-3708,55228,vuln_status,rejected,expected_exclusion,Retained in master; excluded from ML
CVE-2024-37353,55488,vuln_status,rejected,expected_exclusion,Retained in master; excluded from ML
CVE-2024-37694,55732,vuln_status,rejected,expected_exclusion,Retained in master; excluded from ML
CVE-2024-37790,55766,vuln_status,rejected,expected_exclusion,Retained in master; excluded from ML
CVE-2024-3802,55945,vuln_status,rejected,expected_exclusion,Retained in master; excluded from ML
CVE-2024-38352,56259,vuln_status,rejected,expected_exclusion,Retained in master; excluded from ML
CVE-2024-38391,56297,vuln_status,rejected,expected_exclusion,Retained in master; excluded from ML
CVE-2024-38515,56403,vuln_status,rejected,expected_exclusion,Retained in master; excluded from ML
CVE-2024-38688,56587,vuln_status,rejected,expected_exclusion,Retained in master; excluded from ML
CVE-2024-38998,56807,vuln_status,rejected,expected_exclusion,Retained in master; excluded from ML
CVE-2024-39152,56869,vuln_status,rejected,expected_exclusion,Retained in master; excluded from ML
CVE-2024-39306,56946,vuln_status,rejected,expected_exclusion,Retained in master; excluded from ML
CVE-2024-39362,56995,vuln_status,rejected,expected_exclusion,Retained in master; excluded from ML
CVE-2024-39501,57122,vuln_status,rejected,expected_exclusion,Retained in master; excluded from ML
CVE-2024-40391,57590,vuln_status,rejected,expected_exclusion,Retained in master; excluded from ML
CVE-2024-40420,57610,vuln_status,rejected,expected_exclusion,Retained in master; excluded from ML
CVE-2024-40430,57614,vuln_status,rejected,expected_exclusion,Retained in master; excluded from ML
CVE-2024-40616,57718,vuln_status,rejected,expected_exclusion,Retained in master; excluded from ML
CVE-2024-40639,57738,vuln_status,rejected,expected_exclusion,Retained in master; excluded from ML
CVE-2024-40946,57990,vuln_status,rejected,expected_exclusion,Retained in master; excluded from ML
CVE-2024-40982,58030,vuln_status,rejected,expected_exclusion,Retained in master; excluded from ML
CVE-2024-41024,58075,vuln_status,rejected,expected_exclusion,Retained in master; excluded from ML
CVE-2024-41071,58127,vuln_status,rejected,expected_exclusion,Retained in master; excluded from ML
CVE-2024-4109,58146,vuln_status,rejected,expected_exclusion,Retained in master; excluded from ML
CVE-2024-4152,58371,vuln_status,rejected,expected_exclusion,Retained in master; excluded from ML
CVE-2024-4153,58372,vuln_status,rejected,expected_exclusion,Retained in master; excluded from ML
CVE-2024-4155,58374,vuln_status,rejected,expected_exclusion,Retained in master; excluded from ML
CVE-2024-41661,58445,vuln_status,rejected,expected_exclusion,Retained in master; excluded from ML
CVE-2024-41718,58505,vuln_status,rejected,expected_exclusion,Retained in master; excluded from ML
CVE-2024-41807,58556,vuln_status,rejected,expected_exclusion,Retained in master; excluded from ML
CVE-2024-4206,58778,vuln_status,rejected,expected_exclusion,Retained in master; excluded from ML
CVE-2024-42116,58840,vuln_status,rejected,expected_exclusion,Retained in master; excluded from ML
CVE-2024-42130,58856,vuln_status,rejected,expected_exclusion,Retained in master; excluded from ML
CVE-2024-42143,58870,vuln_status,rejected,expected_exclusion,Retained in master; excluded from ML
CVE-2024-42226,58913,vuln_status,rejected,expected_exclusion,Retained in master; excluded from ML
CVE-2024-42308,59002,vuln_status,rejected,expected_exclusion,Retained in master; excluded from ML
CVE-2024-42334,59029,vuln_status,rejected,expected_exclusion,Retained in master; excluded from ML
CVE-2024-42379,59077,vuln_status,rejected,expected_exclusion,Retained in master; excluded from ML
CVE-2024-42675,59299,vuln_status,rejected,expected_exclusion,Retained in master; excluded from ML
CVE-2024-42992,59459,vuln_status,rejected,expected_exclusion,Retained in master; excluded from ML
CVE-2024-43275,59661,vuln_status,rejected,expected_exclusion,Retained in master; excluded from ML
CVE-2024-43372,59765,vuln_status,rejected,expected_exclusion,Retained in master; excluded from ML
CVE-2024-4387,60216,vuln_status,rejected,expected_exclusion,Retained in master; excluded from ML
CVE-2024-43885,60233,vuln_status,rejected,expected_exclusion,Retained in master; excluded from ML
CVE-2024-43895,60244,vuln_status,rejected,expected_exclusion,Retained in master; excluded from ML
CVE-2024-43898,60247,vuln_status,rejected,expected_exclusion,Retained in master; excluded from ML
CVE-2024-43903,60253,vuln_status,rejected,expected_exclusion,Retained in master; excluded from ML
CVE-2024-44445,60676,vuln_status,rejected,expected_exclusion,Retained in master; excluded from ML
CVE-2024-4460,60718,vuln_status,rejected,expected_exclusion,Retained in master; excluded from ML
CVE-2024-44711,60742,vuln_status,rejected,expected_exclusion,Retained in master; excluded from ML
CVE-2024-44952,60863,vuln_status,rejected,expected_exclusion,Retained in master; excluded from ML
CVE-2024-44955,60866,vuln_status,rejected,expected_exclusion,Retained in master; excluded from ML
CVE-2024-44972,60885,vuln_status,rejected,expected_exclusion,Retained in master; excluded from ML
CVE-2024-45295,61178,vuln_status,rejected,expected_exclusion,Retained in master; excluded from ML
CVE-2024-4542,61265,vuln_status,rejected,expected_exclusion,Retained in master; excluded from ML
CVE-2024-4571,61425,vuln_status,rejected,expected_exclusion,Retained in master; excluded from ML
CVE-2024-4572,61433,vuln_status,rejected,expected_exclusion,Retained in master; excluded from ML
CVE-2024-4579,61484,vuln_status,rejected,expected_exclusion,Retained in master; excluded from ML
CVE-2024-45804,61500,vuln_status,rejected,expected_exclusion,Retained in master; excluded from ML
CVE-2024-45845,61534,vuln_status,rejected,expected_exclusion,Retained in master; excluded from ML
CVE-2024-4614,61650,vuln_status,rejected,expected_exclusion,Retained in master; excluded from ML
CVE-2024-4631,61691,vuln_status,rejected,expected_exclusion,Retained in master; excluded from ML
CVE-2024-4642,61729,vuln_status,rejected,expected_exclusion,Retained in master; excluded from ML
CVE-2024-46503,61763,vuln_status,rejected,expected_exclusion,Retained in master; excluded from ML
CVE-2024-46700,61888,vuln_status,rejected,expected_exclusion,Retained in master; excluded from ML
CVE-2024-46756,61949,vuln_status,rejected,expected_exclusion,Retained in master; excluded from ML
CVE-2024-46757,61950,vuln_status,rejected,expected_exclusion,Retained in master; excluded from ML
CVE-2024-46758,61951,vuln_status,rejected,expected_exclusion,Retained in master; excluded from ML
CVE-2024-46839,62040,vuln_status,rejected,expected_exclusion,Retained in master; excluded from ML
CVE-2024-46914,62102,vuln_status,rejected,expected_exclusion,Retained in master; excluded from ML
CVE-2024-47177,62311,vuln_status,rejected,expected_exclusion,Retained in master; excluded from ML
CVE-2024-47220,62340,vuln_status,rejected,expected_exclusion,Retained in master; excluded from ML
CVE-2024-47672,62725,vuln_status,rejected,expected_exclusion,Retained in master; excluded from ML
CVE-2024-47722,62780,vuln_status,rejected,expected_exclusion,Retained in master; excluded from ML
CVE-2024-47725,62783,vuln_status,rejected,expected_exclusion,Retained in master; excluded from ML
CVE-2024-47755,62816,vuln_status,rejected,expected_exclusion,Retained in master; excluded from ML
CVE-2024-4810,63058,vuln_status,rejected,expected_exclusion,Retained in master; excluded from ML
CVE-2024-48261,63132,vuln_status,rejected,expected_exclusion,Retained in master; excluded from ML
CVE-2024-48342,63156,vuln_status,rejected,expected_exclusion,Retained in master; excluded from ML
CVE-2024-4842,63177,vuln_status,rejected,expected_exclusion,Retained in master; excluded from ML
CVE-2024-4848,63200,vuln_status,rejected,expected_exclusion,Retained in master; excluded from ML
CVE-2024-49215,63608,vuln_status,rejected,expected_exclusion,Retained in master; excluded from ML
CVE-2024-49967,64160,vuln_status,rejected,expected_exclusion,Retained in master; excluded from ML
CVE-2024-4998,64174,vuln_status,rejected,expected_exclusion,Retained in master; excluded from ML
CVE-2024-49993,64189,vuln_status,rejected,expected_exclusion,Retained in master; excluded from ML
CVE-2024-49995,64191,vuln_status,rejected,expected_exclusion,Retained in master; excluded from ML
CVE-2024-50016,64214,vuln_status,rejected,expected_exclusion,Retained in master; excluded from ML
CVE-2024-50018,64216,vuln_status,rejected,expected_exclusion,Retained in master; excluded from ML
CVE-2024-50032,64232,vuln_status,rejected,expected_exclusion,Retained in master; excluded from ML
CVE-2024-50089,64291,vuln_status,rejected,expected_exclusion,Retained in master; excluded from ML
CVE-2024-50181,64393,vuln_status,rejected,expected_exclusion,Retained in master; excluded from ML
CVE-2024-50219,64434,vuln_status,rejected,expected_exclusion,Retained in master; excluded from ML
CVE-2024-50228,64444,vuln_status,rejected,expected_exclusion,Retained in master; excluded from ML
CVE-2024-50315,64535,vuln_status,rejected,expected_exclusion,Retained in master; excluded from ML
CVE-2024-5089,64915,vuln_status,rejected,expected_exclusion,Retained in master; excluded from ML
CVE-2024-5132,65096,vuln_status,rejected,expected_exclusion,Retained in master; excluded from ML
CVE-2024-51365,65111,vuln_status,rejected,expected_exclusion,Retained in master; excluded from ML
CVE-2024-5144,65141,vuln_status,rejected,expected_exclusion,Retained in master; excluded from ML
CVE-2024-5190,65568,vuln_status,rejected,expected_exclusion,Retained in master; excluded from ML
CVE-2024-5203,65654,vuln_status,rejected,expected_exclusion,Retained in master; excluded from ML
CVE-2024-5214,65692,vuln_status,rejected,expected_exclusion,Retained in master; excluded from ML
CVE-2024-52278,65716,vuln_status,rejected,expected_exclusion,Retained in master; excluded from ML
CVE-2024-53054,66237,vuln_status,rejected,expected_exclusion,Retained in master; excluded from ML
CVE-2024-53102,66289,vuln_status,rejected,expected_exclusion,Retained in master; excluded from ML
CVE-2024-53159,66351,vuln_status,rejected,expected_exclusion,Retained in master; excluded from ML
CVE-2024-53254,66447,vuln_status,rejected,expected_exclusion,Retained in master; excluded from ML
CVE-2024-5387,66743,vuln_status,rejected,expected_exclusion,Retained in master; excluded from ML
CVE-2024-5388,66744,vuln_status,rejected,expected_exclusion,Retained in master; excluded from ML
CVE-2024-5398,66793,vuln_status,rejected,expected_exclusion,Retained in master; excluded from ML
CVE-2024-54118,66875,vuln_status,rejected,expected_exclusion,Retained in master; excluded from ML
CVE-2024-54664,67243,vuln_status,rejected,expected_exclusion,Retained in master; excluded from ML
CVE-2024-5480,67268,vuln_status,rejected,expected_exclusion,Retained in master; excluded from ML
CVE-2024-5484,67274,vuln_status,rejected,expected_exclusion,Retained in master; excluded from ML
CVE-2024-5537,67373,vuln_status,rejected,expected_exclusion,Retained in master; excluded from ML
CVE-2024-5538,67374,vuln_status,rejected,expected_exclusion,Retained in master; excluded from ML
CVE-2024-5609,67598,vuln_status,rejected,expected_exclusion,Retained in master; excluded from ML
CVE-2024-5656,67770,vuln_status,rejected,expected_exclusion,Retained in master; excluded from ML
CVE-2024-56571,67783,vuln_status,rejected,expected_exclusion,Retained in master; excluded from ML
CVE-2024-56686,67908,vuln_status,rejected,expected_exclusion,Retained in master; excluded from ML
CVE-2024-56741,67966,vuln_status,rejected,expected_exclusion,Retained in master; excluded from ML
CVE-2024-5750,68054,vuln_status,rejected,expected_exclusion,Retained in master; excluded from ML
CVE-2024-5758,68061,vuln_status,rejected,expected_exclusion,Retained in master; excluded from ML
CVE-2024-5761,68064,vuln_status,rejected,expected_exclusion,Retained in master; excluded from ML
CVE-2024-5776,68078,vuln_status,rejected,expected_exclusion,Retained in master; excluded from ML
CVE-2024-5777,68079,vuln_status,rejected,expected_exclusion,Retained in master; excluded from ML
CVE-2024-5778,68080,vuln_status,rejected,expected_exclusion,Retained in master; excluded from ML
CVE-2024-5779,68081,vuln_status,rejected,expected_exclusion,Retained in master; excluded from ML
CVE-2024-5780,68082,vuln_status,rejected,expected_exclusion,Retained in master; excluded from ML
CVE-2024-5781,68083,vuln_status,rejected,expected_exclusion,Retained in master; excluded from ML
CVE-2024-5782,68084,vuln_status,rejected,expected_exclusion,Retained in master; excluded from ML
CVE-2024-5783,68085,vuln_status,rejected,expected_exclusion,Retained in master; excluded from ML
CVE-2024-5825,68125,vuln_status,rejected,expected_exclusion,Retained in master; excluded from ML
CVE-2024-5873,68169,vuln_status,rejected,expected_exclusion,Retained in master; excluded from ML
CVE-2024-5886,68181,vuln_status,rejected,expected_exclusion,Retained in master; excluded from ML
CVE-2024-5887,68182,vuln_status,rejected,expected_exclusion,Retained in master; excluded from ML
CVE-2024-5927,68217,vuln_status,rejected,expected_exclusion,Retained in master; excluded from ML
CVE-2024-5934,68224,vuln_status,rejected,expected_exclusion,Retained in master; excluded from ML
CVE-2024-5972,68259,vuln_status,rejected,expected_exclusion,Retained in master; excluded from ML
CVE-2024-5996,68281,vuln_status,rejected,expected_exclusion,Retained in master; excluded from ML
CVE-2024-6002,68286,vuln_status,rejected,expected_exclusion,Retained in master; excluded from ML
CVE-2024-6046,68325,vuln_status,rejected,expected_exclusion,Retained in master; excluded from ML
CVE-2024-6305,68565,vuln_status,rejected,expected_exclusion,Retained in master; excluded from ML
CVE-2024-6306,68566,vuln_status,rejected,expected_exclusion,Retained in master; excluded from ML
CVE-2024-6341,68599,vuln_status,rejected,expected_exclusion,Retained in master; excluded from ML
CVE-2024-6349,68607,vuln_status,rejected,expected_exclusion,Retained in master; excluded from ML
CVE-2024-6413,68664,vuln_status,rejected,expected_exclusion,Retained in master; excluded from ML
CVE-2024-6461,68706,vuln_status,rejected,expected_exclusion,Retained in master; excluded from ML
CVE-2024-6463,68707,vuln_status,rejected,expected_exclusion,Retained in master; excluded from ML
CVE-2024-6464,68708,vuln_status,rejected,expected_exclusion,Retained in master; excluded from ML
CVE-2024-6484,68723,vuln_status,rejected,expected_exclusion,Retained in master; excluded from ML
CVE-2024-6488,68726,vuln_status,rejected,expected_exclusion,Retained in master; excluded from ML
CVE-2024-6513,68750,vuln_status,rejected,expected_exclusion,Retained in master; excluded from ML
CVE-2024-6531,68767,vuln_status,rejected,expected_exclusion,Retained in master; excluded from ML
CVE-2024-6630,68855,vuln_status,rejected,expected_exclusion,Retained in master; excluded from ML
CVE-2024-6642,68867,vuln_status,rejected,expected_exclusion,Retained in master; excluded from ML
CVE-2024-6643,68868,vuln_status,rejected,expected_exclusion,Retained in master; excluded from ML
CVE-2024-6663,68885,vuln_status,rejected,expected_exclusion,Retained in master; excluded from ML
CVE-2024-6664,68886,vuln_status,rejected,expected_exclusion,Retained in master; excluded from ML
CVE-2024-6716,68924,vuln_status,rejected,expected_exclusion,Retained in master; excluded from ML
CVE-2024-6721,68927,vuln_status,rejected,expected_exclusion,Retained in master; excluded from ML
CVE-2024-6761,68967,vuln_status,rejected,expected_exclusion,Retained in master; excluded from ML
CVE-2024-6765,68970,vuln_status,rejected,expected_exclusion,Retained in master; excluded from ML
CVE-2024-6865,69048,vuln_status,rejected,expected_exclusion,Retained in master; excluded from ML
CVE-2024-7037,69201,vuln_status,rejected,expected_exclusion,Retained in master; excluded from ML
CVE-2024-7038,69202,vuln_status,rejected,expected_exclusion,Retained in master; excluded from ML
CVE-2024-7049,69207,vuln_status,rejected,expected_exclusion,Retained in master; excluded from ML
CVE-2024-7051,69209,vuln_status,rejected,expected_exclusion,Retained in master; excluded from ML
CVE-2024-7121,69258,vuln_status,rejected,expected_exclusion,Retained in master; excluded from ML
CVE-2024-7123,69260,vuln_status,rejected,expected_exclusion,Retained in master; excluded from ML
CVE-2024-7207,69338,vuln_status,rejected,expected_exclusion,Retained in master; excluded from ML
CVE-2024-7619,69711,vuln_status,rejected,expected_exclusion,Retained in master; excluded from ML
CVE-2024-7633,69722,vuln_status,rejected,expected_exclusion,Retained in master; excluded from ML
CVE-2024-7712,69795,vuln_status,rejected,expected_exclusion,Retained in master; excluded from ML
CVE-2024-7757,69838,vuln_status,rejected,expected_exclusion,Retained in master; excluded from ML
CVE-2024-7805,69867,vuln_status,rejected,expected_exclusion,Retained in master; excluded from ML
CVE-2024-7821,69881,vuln_status,rejected,expected_exclusion,Retained in master; excluded from ML
CVE-2024-7865,69924,vuln_status,rejected,expected_exclusion,Retained in master; excluded from ML
CVE-2024-7958,70008,vuln_status,rejected,expected_exclusion,Retained in master; excluded from ML
CVE-2024-7989,70036,vuln_status,rejected,expected_exclusion,Retained in master; excluded from ML
CVE-2024-8064,70082,vuln_status,rejected,expected_exclusion,Retained in master; excluded from ML
CVE-2024-8188,70186,vuln_status,rejected,expected_exclusion,Retained in master; excluded from ML
CVE-2024-8197,70193,vuln_status,rejected,expected_exclusion,Retained in master; excluded from ML
CVE-2024-8333,70301,vuln_status,rejected,expected_exclusion,Retained in master; excluded from ML
CVE-2024-8371,70337,vuln_status,rejected,expected_exclusion,Retained in master; excluded from ML
CVE-2024-8421,70375,vuln_status,rejected,expected_exclusion,Retained in master; excluded from ML
CVE-2024-8439,70388,vuln_status,rejected,expected_exclusion,Retained in master; excluded from ML
CVE-2024-9063,70903,vuln_status,rejected,expected_exclusion,Retained in master; excluded from ML
CVE-2024-9171,70984,vuln_status,rejected,expected_exclusion,Retained in master; excluded from ML
CVE-2024-9268,71059,vuln_status,rejected,expected_exclusion,Retained in master; excluded from ML
CVE-2024-9273,71064,vuln_status,rejected,expected_exclusion,Retained in master; excluded from ML
CVE-2024-9869,71540,vuln_status,rejected,expected_exclusion,Retained in master; excluded from ML
CVE-2024-9899,71563,vuln_status,rejected,expected_exclusion,Retained in master; excluded from ML
CVE-2024-9998,71651,vuln_status,rejected,expected_exclusion,Retained in master; excluded from ML
CVE-2017-20190,817,AV|AC|PR|UI|S|C|I|A,missing_labels,expected_exclusion,At least one Base label absent; no relabelling
CVE-2019-17082,1658,AV|AC|PR|UI|S|C|I|A,missing_labels,expected_exclusion,At least one Base label absent; no relabelling
CVE-2019-2483,1677,AV|AC|PR|UI|S|C|I|A,missing_labels,expected_exclusion,At least one Base label absent; no relabelling
CVE-2020-12491,1850,AV|AC|PR|UI|S|C|I|A,missing_labels,expected_exclusion,At least one Base label absent; no relabelling
CVE-2020-12492,1851,AV|AC|PR|UI|S|C|I|A,missing_labels,expected_exclusion,At least one Base label absent; no relabelling
CVE-2020-26066,2183,AV|AC|PR|UI|S|C|I|A,missing_labels,expected_exclusion,At least one Base label absent; no relabelling
CVE-2020-26306,2192,AV|AC|PR|UI|S|C|I|A,missing_labels,expected_exclusion,At least one Base label absent; no relabelling
CVE-2020-26307,2193,AV|AC|PR|UI|S|C|I|A,missing_labels,expected_exclusion,At least one Base label absent; no relabelling
CVE-2020-26309,2195,AV|AC|PR|UI|S|C|I|A,missing_labels,expected_exclusion,At least one Base label absent; no relabelling
CVE-2020-26310,2196,AV|AC|PR|UI|S|C|I|A,missing_labels,expected_exclusion,At least one Base label absent; no relabelling
CVE-2020-3420,2260,AV|AC|PR|UI|S|C|I|A,missing_labels,expected_exclusion,At least one Base label absent; no relabelling
CVE-2020-3532,2276,AV|AC|PR|UI|S|C|I|A,missing_labels,expected_exclusion,At least one Base label absent; no relabelling
CVE-2021-1285,2596,AV|AC|PR|UI|S|C|I|A,missing_labels,expected_exclusion,At least one Base label absent; no relabelling
CVE-2021-1491,2613,AV|AC|PR|UI|S|C|I|A,missing_labels,expected_exclusion,At least one Base label absent; no relabelling
CVE-2021-22501,2636,AV|AC|PR|UI|S|C|I|A,missing_labels,expected_exclusion,At least one Base label absent; no relabelling
CVE-2021-34947,2993,AV|AC|PR|UI|S|C|I|A,missing_labels,expected_exclusion,At least one Base label absent; no relabelling
CVE-2021-34948,2994,AV|AC|PR|UI|S|C|I|A,missing_labels,expected_exclusion,At least one Base label absent; no relabelling
CVE-2021-34950,2996,AV|AC|PR|UI|S|C|I|A,missing_labels,expected_exclusion,At least one Base label absent; no relabelling
CVE-2021-34951,2997,AV|AC|PR|UI|S|C|I|A,missing_labels,expected_exclusion,At least one Base label absent; no relabelling
CVE-2021-34952,2998,AV|AC|PR|UI|S|C|I|A,missing_labels,expected_exclusion,At least one Base label absent; no relabelling
CVE-2021-34953,2999,AV|AC|PR|UI|S|C|I|A,missing_labels,expected_exclusion,At least one Base label absent; no relabelling
CVE-2021-34954,3000,AV|AC|PR|UI|S|C|I|A,missing_labels,expected_exclusion,At least one Base label absent; no relabelling
CVE-2021-34955,3001,AV|AC|PR|UI|S|C|I|A,missing_labels,expected_exclusion,At least one Base label absent; no relabelling
CVE-2021-34956,3002,AV|AC|PR|UI|S|C|I|A,missing_labels,expected_exclusion,At least one Base label absent; no relabelling
CVE-2021-34957,3003,AV|AC|PR|UI|S|C|I|A,missing_labels,expected_exclusion,At least one Base label absent; no relabelling
CVE-2021-34958,3004,AV|AC|PR|UI|S|C|I|A,missing_labels,expected_exclusion,At least one Base label absent; no relabelling
CVE-2021-34959,3005,AV|AC|PR|UI|S|C|I|A,missing_labels,expected_exclusion,At least one Base label absent; no relabelling
CVE-2021-34960,3006,AV|AC|PR|UI|S|C|I|A,missing_labels,expected_exclusion,At least one Base label absent; no relabelling
CVE-2021-34961,3007,AV|AC|PR|UI|S|C|I|A,missing_labels,expected_exclusion,At least one Base label absent; no relabelling
CVE-2021-34962,3008,AV|AC|PR|UI|S|C|I|A,missing_labels,expected_exclusion,At least one Base label absent; no relabelling
CVE-2021-34963,3009,AV|AC|PR|UI|S|C|I|A,missing_labels,expected_exclusion,At least one Base label absent; no relabelling
CVE-2021-34964,3010,AV|AC|PR|UI|S|C|I|A,missing_labels,expected_exclusion,At least one Base label absent; no relabelling
CVE-2021-34965,3011,AV|AC|PR|UI|S|C|I|A,missing_labels,expected_exclusion,At least one Base label absent; no relabelling
CVE-2021-34966,3012,AV|AC|PR|UI|S|C|I|A,missing_labels,expected_exclusion,At least one Base label absent; no relabelling
CVE-2021-34967,3013,AV|AC|PR|UI|S|C|I|A,missing_labels,expected_exclusion,At least one Base label absent; no relabelling
CVE-2021-34968,3014,AV|AC|PR|UI|S|C|I|A,missing_labels,expected_exclusion,At least one Base label absent; no relabelling
CVE-2021-34971,3017,AV|AC|PR|UI|S|C|I|A,missing_labels,expected_exclusion,At least one Base label absent; no relabelling
CVE-2021-34974,3020,AV|AC|PR|UI|S|C|I|A,missing_labels,expected_exclusion,At least one Base label absent; no relabelling
CVE-2021-34975,3021,AV|AC|PR|UI|S|C|I|A,missing_labels,expected_exclusion,At least one Base label absent; no relabelling
CVE-2021-34982,3024,AV|AC|PR|UI|S|C|I|A,missing_labels,expected_exclusion,At least one Base label absent; no relabelling
CVE-2021-34983,3025,AV|AC|PR|UI|S|C|I|A,missing_labels,expected_exclusion,At least one Base label absent; no relabelling
CVE-2021-35000,3027,AV|AC|PR|UI|S|C|I|A,missing_labels,expected_exclusion,At least one Base label absent; no relabelling
CVE-2022-23817,4527,AV|AC|PR|UI|S|C|I|A,missing_labels,expected_exclusion,At least one Base label absent; no relabelling
CVE-2022-26327,4715,AV|AC|PR|UI|S|C|I|A,missing_labels,expected_exclusion,At least one Base label absent; no relabelling
CVE-2022-26328,4716,AV|AC|PR|UI|S|C|I|A,missing_labels,expected_exclusion,At least one Base label absent; no relabelling
CVE-2022-43651,6921,AV|AC|PR|UI|S|C|I|A,missing_labels,expected_exclusion,At least one Base label absent; no relabelling
CVE-2022-43653,6923,AV|AC|PR|UI|S|C|I|A,missing_labels,expected_exclusion,At least one Base label absent; no relabelling
CVE-2022-43654,6924,AV|AC|PR|UI|S|C|I|A,missing_labels,expected_exclusion,At least one Base label absent; no relabelling
CVE-2022-43655,6925,AV|AC|PR|UI|S|C|I|A,missing_labels,expected_exclusion,At least one Base label absent; no relabelling
CVE-2023-25581,16032,AV|AC|PR|UI|S|C|I|A,missing_labels,expected_exclusion,At least one Base label absent; no relabelling
CVE-2023-27321,17371,AV|AC|PR|UI|S|C|I|A,missing_labels,expected_exclusion,At least one Base label absent; no relabelling
CVE-2023-27322,17372,AV|AC|PR|UI|S|C|I|A,missing_labels,expected_exclusion,At least one Base label absent; no relabelling
CVE-2023-27323,17373,AV|AC|PR|UI|S|C|I|A,missing_labels,expected_exclusion,At least one Base label absent; no relabelling
CVE-2023-27324,17374,AV|AC|PR|UI|S|C|I|A,missing_labels,expected_exclusion,At least one Base label absent; no relabelling
CVE-2023-27326,17376,AV|AC|PR|UI|S|C|I|A,missing_labels,expected_exclusion,At least one Base label absent; no relabelling
CVE-2023-27327,17377,AV|AC|PR|UI|S|C|I|A,missing_labels,expected_exclusion,At least one Base label absent; no relabelling
CVE-2023-27328,17378,AV|AC|PR|UI|S|C|I|A,missing_labels,expected_exclusion,At least one Base label absent; no relabelling
CVE-2023-27329,17379,AV|AC|PR|UI|S|C|I|A,missing_labels,expected_exclusion,At least one Base label absent; no relabelling
CVE-2023-27330,17381,AV|AC|PR|UI|S|C|I|A,missing_labels,expected_exclusion,At least one Base label absent; no relabelling
CVE-2023-27331,17382,AV|AC|PR|UI|S|C|I|A,missing_labels,expected_exclusion,At least one Base label absent; no relabelling
CVE-2023-27332,17383,AV|AC|PR|UI|S|C|I|A,missing_labels,expected_exclusion,At least one Base label absent; no relabelling
CVE-2023-27333,17384,AV|AC|PR|UI|S|C|I|A,missing_labels,expected_exclusion,At least one Base label absent; no relabelling
CVE-2023-27334,17385,AV|AC|PR|UI|S|C|I|A,missing_labels,expected_exclusion,At least one Base label absent; no relabelling
CVE-2023-27336,17387,AV|AC|PR|UI|S|C|I|A,missing_labels,expected_exclusion,At least one Base label absent; no relabelling
CVE-2023-27346,17398,AV|AC|PR|UI|S|C|I|A,missing_labels,expected_exclusion,At least one Base label absent; no relabelling
CVE-2023-27347,17399,AV|AC|PR|UI|S|C|I|A,missing_labels,expected_exclusion,At least one Base label absent; no relabelling
CVE-2023-27363,17417,AV|AC|PR|UI|S|C|I|A,missing_labels,expected_exclusion,At least one Base label absent; no relabelling
CVE-2023-27364,17418,AV|AC|PR|UI|S|C|I|A,missing_labels,expected_exclusion,At least one Base label absent; no relabelling
CVE-2023-27365,17419,AV|AC|PR|UI|S|C|I|A,missing_labels,expected_exclusion,At least one Base label absent; no relabelling
CVE-2023-27366,17420,AV|AC|PR|UI|S|C|I|A,missing_labels,expected_exclusion,At least one Base label absent; no relabelling
CVE-2023-31854,20949,AV|AC|PR|UI|S|C|I|A,missing_labels,expected_exclusion,At least one Base label absent; no relabelling
CVE-2023-32147,21186,AV|AC|PR|UI|S|C|I|A,missing_labels,expected_exclusion,At least one Base label absent; no relabelling
CVE-2023-32148,21187,AV|AC|PR|UI|S|C|I|A,missing_labels,expected_exclusion,At least one Base label absent; no relabelling
CVE-2023-32149,21188,AV|AC|PR|UI|S|C|I|A,missing_labels,expected_exclusion,At least one Base label absent; no relabelling
CVE-2023-32150,21190,AV|AC|PR|UI|S|C|I|A,missing_labels,expected_exclusion,At least one Base label absent; no relabelling
CVE-2023-32151,21191,AV|AC|PR|UI|S|C|I|A,missing_labels,expected_exclusion,At least one Base label absent; no relabelling
CVE-2023-32152,21192,AV|AC|PR|UI|S|C|I|A,missing_labels,expected_exclusion,At least one Base label absent; no relabelling
CVE-2023-32153,21193,AV|AC|PR|UI|S|C|I|A,missing_labels,expected_exclusion,At least one Base label absent; no relabelling
CVE-2023-32154,21194,AV|AC|PR|UI|S|C|I|A,missing_labels,expected_exclusion,At least one Base label absent; no relabelling
CVE-2023-32164,21205,AV|AC|PR|UI|S|C|I|A,missing_labels,expected_exclusion,At least one Base label absent; no relabelling
CVE-2023-32165,21206,AV|AC|PR|UI|S|C|I|A,missing_labels,expected_exclusion,At least one Base label absent; no relabelling
CVE-2023-32166,21207,AV|AC|PR|UI|S|C|I|A,missing_labels,expected_exclusion,At least one Base label absent; no relabelling
CVE-2023-32168,21209,AV|AC|PR|UI|S|C|I|A,missing_labels,expected_exclusion,At least one Base label absent; no relabelling
CVE-2023-32169,21210,AV|AC|PR|UI|S|C|I|A,missing_labels,expected_exclusion,At least one Base label absent; no relabelling
CVE-2023-32170,21212,AV|AC|PR|UI|S|C|I|A,missing_labels,expected_exclusion,At least one Base label absent; no relabelling
CVE-2023-32171,21213,AV|AC|PR|UI|S|C|I|A,missing_labels,expected_exclusion,At least one Base label absent; no relabelling
CVE-2023-32172,21214,AV|AC|PR|UI|S|C|I|A,missing_labels,expected_exclusion,At least one Base label absent; no relabelling
CVE-2023-32173,21215,AV|AC|PR|UI|S|C|I|A,missing_labels,expected_exclusion,At least one Base label absent; no relabelling
CVE-2023-32174,21216,AV|AC|PR|UI|S|C|I|A,missing_labels,expected_exclusion,At least one Base label absent; no relabelling
CVE-2023-32175,21217,AV|AC|PR|UI|S|C|I|A,missing_labels,expected_exclusion,At least one Base label absent; no relabelling
CVE-2023-32176,21218,AV|AC|PR|UI|S|C|I|A,missing_labels,expected_exclusion,At least one Base label absent; no relabelling
CVE-2023-32177,21219,AV|AC|PR|UI|S|C|I|A,missing_labels,expected_exclusion,At least one Base label absent; no relabelling
CVE-2023-32178,21220,AV|AC|PR|UI|S|C|I|A,missing_labels,expected_exclusion,At least one Base label absent; no relabelling
CVE-2023-32179,21221,AV|AC|PR|UI|S|C|I|A,missing_labels,expected_exclusion,At least one Base label absent; no relabelling
CVE-2023-32188,21229,AV|AC|PR|UI|S|C|I|A,missing_labels,expected_exclusion,At least one Base label absent; no relabelling
CVE-2023-32266,21302,AV|AC|PR|UI|S|C|I|A,missing_labels,expected_exclusion,At least one Base label absent; no relabelling
CVE-2023-34286,23045,AV|AC|PR|UI|S|C|I|A,missing_labels,expected_exclusion,At least one Base label absent; no relabelling
CVE-2023-34287,23046,AV|AC|PR|UI|S|C|I|A,missing_labels,expected_exclusion,At least one Base label absent; no relabelling
CVE-2023-34289,23048,AV|AC|PR|UI|S|C|I|A,missing_labels,expected_exclusion,At least one Base label absent; no relabelling
CVE-2023-34290,23049,AV|AC|PR|UI|S|C|I|A,missing_labels,expected_exclusion,At least one Base label absent; no relabelling
CVE-2023-34291,23050,AV|AC|PR|UI|S|C|I|A,missing_labels,expected_exclusion,At least one Base label absent; no relabelling
CVE-2023-34292,23051,AV|AC|PR|UI|S|C|I|A,missing_labels,expected_exclusion,At least one Base label absent; no relabelling
CVE-2023-34298,23057,AV|AC|PR|UI|S|C|I|A,missing_labels,expected_exclusion,At least one Base label absent; no relabelling
CVE-2023-34299,23058,AV|AC|PR|UI|S|C|I|A,missing_labels,expected_exclusion,At least one Base label absent; no relabelling
CVE-2023-34300,23060,AV|AC|PR|UI|S|C|I|A,missing_labels,expected_exclusion,At least one Base label absent; no relabelling
CVE-2023-34301,23061,AV|AC|PR|UI|S|C|I|A,missing_labels,expected_exclusion,At least one Base label absent; no relabelling
CVE-2023-34303,23063,AV|AC|PR|UI|S|C|I|A,missing_labels,expected_exclusion,At least one Base label absent; no relabelling
CVE-2023-34304,23064,AV|AC|PR|UI|S|C|I|A,missing_labels,expected_exclusion,At least one Base label absent; no relabelling
CVE-2023-34305,23065,AV|AC|PR|UI|S|C|I|A,missing_labels,expected_exclusion,At least one Base label absent; no relabelling
CVE-2023-34309,23069,AV|AC|PR|UI|S|C|I|A,missing_labels,expected_exclusion,At least one Base label absent; no relabelling
CVE-2023-34310,23071,AV|AC|PR|UI|S|C|I|A,missing_labels,expected_exclusion,At least one Base label absent; no relabelling
CVE-2023-34311,23072,AV|AC|PR|UI|S|C|I|A,missing_labels,expected_exclusion,At least one Base label absent; no relabelling
CVE-2023-35709,23850,AV|AC|PR|UI|S|C|I|A,missing_labels,expected_exclusion,At least one Base label absent; no relabelling
CVE-2023-35713,23855,AV|AC|PR|UI|S|C|I|A,missing_labels,expected_exclusion,At least one Base label absent; no relabelling
CVE-2023-35714,23856,AV|AC|PR|UI|S|C|I|A,missing_labels,expected_exclusion,At least one Base label absent; no relabelling
CVE-2023-35715,23857,AV|AC|PR|UI|S|C|I|A,missing_labels,expected_exclusion,At least one Base label absent; no relabelling
CVE-2023-35716,23858,AV|AC|PR|UI|S|C|I|A,missing_labels,expected_exclusion,At least one Base label absent; no relabelling
CVE-2023-35717,23859,AV|AC|PR|UI|S|C|I|A,missing_labels,expected_exclusion,At least one Base label absent; no relabelling
CVE-2023-35718,23860,AV|AC|PR|UI|S|C|I|A,missing_labels,expected_exclusion,At least one Base label absent; no relabelling
CVE-2023-35720,23863,AV|AC|PR|UI|S|C|I|A,missing_labels,expected_exclusion,At least one Base label absent; no relabelling
CVE-2023-35748,23893,AV|AC|PR|UI|S|C|I|A,missing_labels,expected_exclusion,At least one Base label absent; no relabelling
CVE-2023-35749,23894,AV|AC|PR|UI|S|C|I|A,missing_labels,expected_exclusion,At least one Base label absent; no relabelling
CVE-2023-37325,25118,AV|AC|PR|UI|S|C|I|A,missing_labels,expected_exclusion,At least one Base label absent; no relabelling
CVE-2023-37338,25132,AV|AC|PR|UI|S|C|I|A,missing_labels,expected_exclusion,At least one Base label absent; no relabelling
CVE-2023-37339,25133,AV|AC|PR|UI|S|C|I|A,missing_labels,expected_exclusion,At least one Base label absent; no relabelling
CVE-2023-37340,25135,AV|AC|PR|UI|S|C|I|A,missing_labels,expected_exclusion,At least one Base label absent; no relabelling
CVE-2023-37341,25136,AV|AC|PR|UI|S|C|I|A,missing_labels,expected_exclusion,At least one Base label absent; no relabelling
CVE-2023-37342,25137,AV|AC|PR|UI|S|C|I|A,missing_labels,expected_exclusion,At least one Base label absent; no relabelling
CVE-2023-37343,25138,AV|AC|PR|UI|S|C|I|A,missing_labels,expected_exclusion,At least one Base label absent; no relabelling
CVE-2023-37344,25139,AV|AC|PR|UI|S|C|I|A,missing_labels,expected_exclusion,At least one Base label absent; no relabelling
CVE-2023-37345,25140,AV|AC|PR|UI|S|C|I|A,missing_labels,expected_exclusion,At least one Base label absent; no relabelling
CVE-2023-37346,25141,AV|AC|PR|UI|S|C|I|A,missing_labels,expected_exclusion,At least one Base label absent; no relabelling
CVE-2023-37347,25142,AV|AC|PR|UI|S|C|I|A,missing_labels,expected_exclusion,At least one Base label absent; no relabelling
CVE-2023-37348,25143,AV|AC|PR|UI|S|C|I|A,missing_labels,expected_exclusion,At least one Base label absent; no relabelling
CVE-2023-37349,25144,AV|AC|PR|UI|S|C|I|A,missing_labels,expected_exclusion,At least one Base label absent; no relabelling
CVE-2023-37350,25146,AV|AC|PR|UI|S|C|I|A,missing_labels,expected_exclusion,At least one Base label absent; no relabelling
CVE-2023-37354,25150,AV|AC|PR|UI|S|C|I|A,missing_labels,expected_exclusion,At least one Base label absent; no relabelling
CVE-2023-38042,25685,AV|AC|PR|UI|S|C|I|A,missing_labels,expected_exclusion,At least one Base label absent; no relabelling
CVE-2023-38079,25725,AV|AC|PR|UI|S|C|I|A,missing_labels,expected_exclusion,At least one Base label absent; no relabelling
CVE-2023-38080,25727,AV|AC|PR|UI|S|C|I|A,missing_labels,expected_exclusion,At least one Base label absent; no relabelling
CVE-2023-38081,25728,AV|AC|PR|UI|S|C|I|A,missing_labels,expected_exclusion,At least one Base label absent; no relabelling
CVE-2023-38082,25729,AV|AC|PR|UI|S|C|I|A,missing_labels,expected_exclusion,At least one Base label absent; no relabelling
CVE-2023-38083,25730,AV|AC|PR|UI|S|C|I|A,missing_labels,expected_exclusion,At least one Base label absent; no relabelling
CVE-2023-38084,25731,AV|AC|PR|UI|S|C|I|A,missing_labels,expected_exclusion,At least one Base label absent; no relabelling
CVE-2023-38087,25734,AV|AC|PR|UI|S|C|I|A,missing_labels,expected_exclusion,At least one Base label absent; no relabelling
CVE-2023-38088,25735,AV|AC|PR|UI|S|C|I|A,missing_labels,expected_exclusion,At least one Base label absent; no relabelling
CVE-2023-38089,25736,AV|AC|PR|UI|S|C|I|A,missing_labels,expected_exclusion,At least one Base label absent; no relabelling
CVE-2023-38090,25738,AV|AC|PR|UI|S|C|I|A,missing_labels,expected_exclusion,At least one Base label absent; no relabelling
CVE-2023-38091,25739,AV|AC|PR|UI|S|C|I|A,missing_labels,expected_exclusion,At least one Base label absent; no relabelling
CVE-2023-38092,25740,AV|AC|PR|UI|S|C|I|A,missing_labels,expected_exclusion,At least one Base label absent; no relabelling
CVE-2023-38093,25741,AV|AC|PR|UI|S|C|I|A,missing_labels,expected_exclusion,At least one Base label absent; no relabelling
CVE-2023-38094,25742,AV|AC|PR|UI|S|C|I|A,missing_labels,expected_exclusion,At least one Base label absent; no relabelling
CVE-2023-38105,25754,AV|AC|PR|UI|S|C|I|A,missing_labels,expected_exclusion,At least one Base label absent; no relabelling
CVE-2023-38106,25755,AV|AC|PR|UI|S|C|I|A,missing_labels,expected_exclusion,At least one Base label absent; no relabelling
CVE-2023-38107,25756,AV|AC|PR|UI|S|C|I|A,missing_labels,expected_exclusion,At least one Base label absent; no relabelling
CVE-2023-38108,25757,AV|AC|PR|UI|S|C|I|A,missing_labels,expected_exclusion,At least one Base label absent; no relabelling
CVE-2023-38109,25758,AV|AC|PR|UI|S|C|I|A,missing_labels,expected_exclusion,At least one Base label absent; no relabelling
CVE-2023-38110,25760,AV|AC|PR|UI|S|C|I|A,missing_labels,expected_exclusion,At least one Base label absent; no relabelling
CVE-2023-38111,25761,AV|AC|PR|UI|S|C|I|A,missing_labels,expected_exclusion,At least one Base label absent; no relabelling
CVE-2023-38112,25762,AV|AC|PR|UI|S|C|I|A,missing_labels,expected_exclusion,At least one Base label absent; no relabelling
CVE-2023-38113,25763,AV|AC|PR|UI|S|C|I|A,missing_labels,expected_exclusion,At least one Base label absent; no relabelling
CVE-2023-38114,25764,AV|AC|PR|UI|S|C|I|A,missing_labels,expected_exclusion,At least one Base label absent; no relabelling
CVE-2023-38115,25765,AV|AC|PR|UI|S|C|I|A,missing_labels,expected_exclusion,At least one Base label absent; no relabelling
CVE-2023-38116,25766,AV|AC|PR|UI|S|C|I|A,missing_labels,expected_exclusion,At least one Base label absent; no relabelling
CVE-2023-38117,25767,AV|AC|PR|UI|S|C|I|A,missing_labels,expected_exclusion,At least one Base label absent; no relabelling
CVE-2023-38118,25768,AV|AC|PR|UI|S|C|I|A,missing_labels,expected_exclusion,At least one Base label absent; no relabelling
CVE-2023-38119,25769,AV|AC|PR|UI|S|C|I|A,missing_labels,expected_exclusion,At least one Base label absent; no relabelling
CVE-2023-38120,25771,AV|AC|PR|UI|S|C|I|A,missing_labels,expected_exclusion,At least one Base label absent; no relabelling
CVE-2023-38551,26193,AV|AC|PR|UI|S|C|I|A,missing_labels,expected_exclusion,At least one Base label absent; no relabelling
CVE-2023-39457,26921,AV|AC|PR|UI|S|C|I|A,missing_labels,expected_exclusion,At least one Base label absent; no relabelling
CVE-2023-39458,26922,AV|AC|PR|UI|S|C|I|A,missing_labels,expected_exclusion,At least one Base label absent; no relabelling
CVE-2023-39459,26923,AV|AC|PR|UI|S|C|I|A,missing_labels,expected_exclusion,At least one Base label absent; no relabelling
CVE-2023-39460,26925,AV|AC|PR|UI|S|C|I|A,missing_labels,expected_exclusion,At least one Base label absent; no relabelling
CVE-2023-39461,26926,AV|AC|PR|UI|S|C|I|A,missing_labels,expected_exclusion,At least one Base label absent; no relabelling
CVE-2023-39462,26927,AV|AC|PR|UI|S|C|I|A,missing_labels,expected_exclusion,At least one Base label absent; no relabelling
CVE-2023-39463,26928,AV|AC|PR|UI|S|C|I|A,missing_labels,expected_exclusion,At least one Base label absent; no relabelling
CVE-2023-39464,26929,AV|AC|PR|UI|S|C|I|A,missing_labels,expected_exclusion,At least one Base label absent; no relabelling
CVE-2023-39465,26930,AV|AC|PR|UI|S|C|I|A,missing_labels,expected_exclusion,At least one Base label absent; no relabelling
CVE-2023-39466,26931,AV|AC|PR|UI|S|C|I|A,missing_labels,expected_exclusion,At least one Base label absent; no relabelling
CVE-2023-39467,26932,AV|AC|PR|UI|S|C|I|A,missing_labels,expected_exclusion,At least one Base label absent; no relabelling
CVE-2023-39468,26933,AV|AC|PR|UI|S|C|I|A,missing_labels,expected_exclusion,At least one Base label absent; no relabelling
CVE-2023-40356,27602,AV|AC|PR|UI|S|C|I|A,missing_labels,expected_exclusion,At least one Base label absent; no relabelling
CVE-2023-40457,27700,AV|AC|PR|UI|S|C|I|A,missing_labels,expected_exclusion,At least one Base label absent; no relabelling
CVE-2023-40477,27720,AV|AC|PR|UI|S|C|I|A,missing_labels,expected_exclusion,At least one Base label absent; no relabelling
CVE-2023-40481,27725,AV|AC|PR|UI|S|C|I|A,missing_labels,expected_exclusion,At least one Base label absent; no relabelling
CVE-2023-40517,27764,AV|AC|PR|UI|S|C|I|A,missing_labels,expected_exclusion,At least one Base label absent; no relabelling
CVE-2023-40702,27936,AV|AC|PR|UI|S|C|I|A,missing_labels,expected_exclusion,At least one Base label absent; no relabelling
CVE-2023-41181,28282,AV|AC|PR|UI|S|C|I|A,missing_labels,expected_exclusion,At least one Base label absent; no relabelling
CVE-2023-41183,28284,AV|AC|PR|UI|S|C|I|A,missing_labels,expected_exclusion,At least one Base label absent; no relabelling
CVE-2023-42032,28956,AV|AC|PR|UI|S|C|I|A,missing_labels,expected_exclusion,At least one Base label absent; no relabelling
CVE-2023-42033,28957,AV|AC|PR|UI|S|C|I|A,missing_labels,expected_exclusion,At least one Base label absent; no relabelling
CVE-2023-42034,28958,AV|AC|PR|UI|S|C|I|A,missing_labels,expected_exclusion,At least one Base label absent; no relabelling
CVE-2023-42035,28959,AV|AC|PR|UI|S|C|I|A,missing_labels,expected_exclusion,At least one Base label absent; no relabelling
CVE-2023-42036,28960,AV|AC|PR|UI|S|C|I|A,missing_labels,expected_exclusion,At least one Base label absent; no relabelling
CVE-2023-42037,28961,AV|AC|PR|UI|S|C|I|A,missing_labels,expected_exclusion,At least one Base label absent; no relabelling
CVE-2023-42038,28962,AV|AC|PR|UI|S|C|I|A,missing_labels,expected_exclusion,At least one Base label absent; no relabelling
CVE-2023-42039,28963,AV|AC|PR|UI|S|C|I|A,missing_labels,expected_exclusion,At least one Base label absent; no relabelling
CVE-2023-42098,29028,AV|AC|PR|UI|S|C|I|A,missing_labels,expected_exclusion,At least one Base label absent; no relabelling
CVE-2023-42099,29029,AV|AC|PR|UI|S|C|I|A,missing_labels,expected_exclusion,At least one Base label absent; no relabelling
CVE-2023-42101,29031,AV|AC|PR|UI|S|C|I|A,missing_labels,expected_exclusion,At least one Base label absent; no relabelling
CVE-2023-42102,29032,AV|AC|PR|UI|S|C|I|A,missing_labels,expected_exclusion,At least one Base label absent; no relabelling
CVE-2023-42103,29033,AV|AC|PR|UI|S|C|I|A,missing_labels,expected_exclusion,At least one Base label absent; no relabelling
CVE-2023-42104,29034,AV|AC|PR|UI|S|C|I|A,missing_labels,expected_exclusion,At least one Base label absent; no relabelling
CVE-2023-42115,29046,AV|AC|PR|UI|S|C|I|A,missing_labels,expected_exclusion,At least one Base label absent; no relabelling
CVE-2023-42119,29050,AV|AC|PR|UI|S|C|I|A,missing_labels,expected_exclusion,At least one Base label absent; no relabelling
CVE-2023-42120,29052,AV|AC|PR|UI|S|C|I|A,missing_labels,expected_exclusion,At least one Base label absent; no relabelling
CVE-2023-42121,29053,AV|AC|PR|UI|S|C|I|A,missing_labels,expected_exclusion,At least one Base label absent; no relabelling
CVE-2023-42122,29054,AV|AC|PR|UI|S|C|I|A,missing_labels,expected_exclusion,At least one Base label absent; no relabelling
CVE-2023-42123,29055,AV|AC|PR|UI|S|C|I|A,missing_labels,expected_exclusion,At least one Base label absent; no relabelling
CVE-2023-42125,29057,AV|AC|PR|UI|S|C|I|A,missing_labels,expected_exclusion,At least one Base label absent; no relabelling
CVE-2023-42126,29058,AV|AC|PR|UI|S|C|I|A,missing_labels,expected_exclusion,At least one Base label absent; no relabelling
CVE-2023-42127,29059,AV|AC|PR|UI|S|C|I|A,missing_labels,expected_exclusion,At least one Base label absent; no relabelling
CVE-2023-42128,29060,AV|AC|PR|UI|S|C|I|A,missing_labels,expected_exclusion,At least one Base label absent; no relabelling
CVE-2023-42129,29061,AV|AC|PR|UI|S|C|I|A,missing_labels,expected_exclusion,At least one Base label absent; no relabelling
CVE-2023-42131,29064,AV|AC|PR|UI|S|C|I|A,missing_labels,expected_exclusion,At least one Base label absent; no relabelling
CVE-2023-44410,30646,AV|AC|PR|UI|S|C|I|A,missing_labels,expected_exclusion,At least one Base label absent; no relabelling
CVE-2023-44411,30647,AV|AC|PR|UI|S|C|I|A,missing_labels,expected_exclusion,At least one Base label absent; no relabelling
CVE-2023-44412,30648,AV|AC|PR|UI|S|C|I|A,missing_labels,expected_exclusion,At least one Base label absent; no relabelling
CVE-2023-44414,30650,AV|AC|PR|UI|S|C|I|A,missing_labels,expected_exclusion,At least one Base label absent; no relabelling
CVE-2023-44416,30652,AV|AC|PR|UI|S|C|I|A,missing_labels,expected_exclusion,At least one Base label absent; no relabelling
CVE-2023-44417,30653,AV|AC|PR|UI|S|C|I|A,missing_labels,expected_exclusion,At least one Base label absent; no relabelling
CVE-2023-44428,30665,AV|AC|PR|UI|S|C|I|A,missing_labels,expected_exclusion,At least one Base label absent; no relabelling
CVE-2023-44430,30668,AV|AC|PR|UI|S|C|I|A,missing_labels,expected_exclusion,At least one Base label absent; no relabelling
CVE-2023-44432,30670,AV|AC|PR|UI|S|C|I|A,missing_labels,expected_exclusion,At least one Base label absent; no relabelling
CVE-2023-44435,30673,AV|AC|PR|UI|S|C|I|A,missing_labels,expected_exclusion,At least one Base label absent; no relabelling
CVE-2023-44436,30674,AV|AC|PR|UI|S|C|I|A,missing_labels,expected_exclusion,At least one Base label absent; no relabelling
CVE-2023-44437,30675,AV|AC|PR|UI|S|C|I|A,missing_labels,expected_exclusion,At least one Base label absent; no relabelling
CVE-2023-44441,30680,AV|AC|PR|UI|S|C|I|A,missing_labels,expected_exclusion,At least one Base label absent; no relabelling
CVE-2023-44442,30681,AV|AC|PR|UI|S|C|I|A,missing_labels,expected_exclusion,At least one Base label absent; no relabelling
CVE-2023-44443,30682,AV|AC|PR|UI|S|C|I|A,missing_labels,expected_exclusion,At least one Base label absent; no relabelling
CVE-2023-44444,30683,AV|AC|PR|UI|S|C|I|A,missing_labels,expected_exclusion,At least one Base label absent; no relabelling
CVE-2023-44445,30684,AV|AC|PR|UI|S|C|I|A,missing_labels,expected_exclusion,At least one Base label absent; no relabelling
CVE-2023-44447,30686,AV|AC|PR|UI|S|C|I|A,missing_labels,expected_exclusion,At least one Base label absent; no relabelling
CVE-2023-44448,30687,AV|AC|PR|UI|S|C|I|A,missing_labels,expected_exclusion,At least one Base label absent; no relabelling
CVE-2023-45925,31541,AV|AC|PR|UI|S|C|I|A,missing_labels,expected_exclusion,At least one Base label absent; no relabelling
CVE-2023-4674,32147,AV|AC|PR|UI|S|C|I|A,missing_labels,expected_exclusion,At least one Base label absent; no relabelling
CVE-2023-46806,32220,AV|AC|PR|UI|S|C|I|A,missing_labels,expected_exclusion,At least one Base label absent; no relabelling
CVE-2023-46807,32221,AV|AC|PR|UI|S|C|I|A,missing_labels,expected_exclusion,At least one Base label absent; no relabelling
CVE-2023-46810,32225,AV|AC|PR|UI|S|C|I|A,missing_labels,expected_exclusion,At least one Base label absent; no relabelling
CVE-2023-48683,33610,AV|AC|PR|UI|S|C|I|A,missing_labels,expected_exclusion,At least one Base label absent; no relabelling
CVE-2023-48684,33611,AV|AC|PR|UI|S|C|I|A,missing_labels,expected_exclusion,At least one Base label absent; no relabelling
CVE-2023-4976,34365,AV|AC|PR|UI|S|C|I|A,missing_labels,expected_exclusion,At least one Base label absent; no relabelling
CVE-2023-50187,34655,AV|AC|PR|UI|S|C|I|A,missing_labels,expected_exclusion,At least one Base label absent; no relabelling
CVE-2023-50188,34656,AV|AC|PR|UI|S|C|I|A,missing_labels,expected_exclusion,At least one Base label absent; no relabelling
CVE-2023-50189,34657,AV|AC|PR|UI|S|C|I|A,missing_labels,expected_exclusion,At least one Base label absent; no relabelling
CVE-2023-50190,34659,AV|AC|PR|UI|S|C|I|A,missing_labels,expected_exclusion,At least one Base label absent; no relabelling
CVE-2023-50191,34660,AV|AC|PR|UI|S|C|I|A,missing_labels,expected_exclusion,At least one Base label absent; no relabelling
CVE-2023-50192,34661,AV|AC|PR|UI|S|C|I|A,missing_labels,expected_exclusion,At least one Base label absent; no relabelling
CVE-2023-50193,34662,AV|AC|PR|UI|S|C|I|A,missing_labels,expected_exclusion,At least one Base label absent; no relabelling
CVE-2023-50194,34663,AV|AC|PR|UI|S|C|I|A,missing_labels,expected_exclusion,At least one Base label absent; no relabelling
CVE-2023-50195,34664,AV|AC|PR|UI|S|C|I|A,missing_labels,expected_exclusion,At least one Base label absent; no relabelling
CVE-2023-50196,34665,AV|AC|PR|UI|S|C|I|A,missing_labels,expected_exclusion,At least one Base label absent; no relabelling
CVE-2023-50197,34666,AV|AC|PR|UI|S|C|I|A,missing_labels,expected_exclusion,At least one Base label absent; no relabelling
CVE-2023-50225,34697,AV|AC|PR|UI|S|C|I|A,missing_labels,expected_exclusion,At least one Base label absent; no relabelling
CVE-2023-50226,34698,AV|AC|PR|UI|S|C|I|A,missing_labels,expected_exclusion,At least one Base label absent; no relabelling
CVE-2023-50227,34699,AV|AC|PR|UI|S|C|I|A,missing_labels,expected_exclusion,At least one Base label absent; no relabelling
CVE-2023-50228,34700,AV|AC|PR|UI|S|C|I|A,missing_labels,expected_exclusion,At least one Base label absent; no relabelling
CVE-2023-51551,35520,AV|AC|PR|UI|S|C|I|A,missing_labels,expected_exclusion,At least one Base label absent; no relabelling
CVE-2023-51552,35521,AV|AC|PR|UI|S|C|I|A,missing_labels,expected_exclusion,At least one Base label absent; no relabelling
CVE-2023-51554,35523,AV|AC|PR|UI|S|C|I|A,missing_labels,expected_exclusion,At least one Base label absent; no relabelling
CVE-2023-51555,35524,AV|AC|PR|UI|S|C|I|A,missing_labels,expected_exclusion,At least one Base label absent; no relabelling
CVE-2023-51556,35525,AV|AC|PR|UI|S|C|I|A,missing_labels,expected_exclusion,At least one Base label absent; no relabelling
CVE-2023-51557,35526,AV|AC|PR|UI|S|C|I|A,missing_labels,expected_exclusion,At least one Base label absent; no relabelling
CVE-2023-51558,35527,AV|AC|PR|UI|S|C|I|A,missing_labels,expected_exclusion,At least one Base label absent; no relabelling
CVE-2023-51560,35530,AV|AC|PR|UI|S|C|I|A,missing_labels,expected_exclusion,At least one Base label absent; no relabelling
CVE-2023-51562,35532,AV|AC|PR|UI|S|C|I|A,missing_labels,expected_exclusion,At least one Base label absent; no relabelling
CVE-2023-51563,35533,AV|AC|PR|UI|S|C|I|A,missing_labels,expected_exclusion,At least one Base label absent; no relabelling
CVE-2023-51565,35535,AV|AC|PR|UI|S|C|I|A,missing_labels,expected_exclusion,At least one Base label absent; no relabelling
CVE-2023-51566,35536,AV|AC|PR|UI|S|C|I|A,missing_labels,expected_exclusion,At least one Base label absent; no relabelling
CVE-2023-51568,35538,AV|AC|PR|UI|S|C|I|A,missing_labels,expected_exclusion,At least one Base label absent; no relabelling
CVE-2023-51569,35539,AV|AC|PR|UI|S|C|I|A,missing_labels,expected_exclusion,At least one Base label absent; no relabelling
CVE-2023-51570,35541,AV|AC|PR|UI|S|C|I|A,missing_labels,expected_exclusion,At least one Base label absent; no relabelling
CVE-2023-51571,35542,AV|AC|PR|UI|S|C|I|A,missing_labels,expected_exclusion,At least one Base label absent; no relabelling
CVE-2023-51572,35543,AV|AC|PR|UI|S|C|I|A,missing_labels,expected_exclusion,At least one Base label absent; no relabelling
CVE-2023-51573,35544,AV|AC|PR|UI|S|C|I|A,missing_labels,expected_exclusion,At least one Base label absent; no relabelling
CVE-2023-51574,35545,AV|AC|PR|UI|S|C|I|A,missing_labels,expected_exclusion,At least one Base label absent; no relabelling
CVE-2023-51575,35546,AV|AC|PR|UI|S|C|I|A,missing_labels,expected_exclusion,At least one Base label absent; no relabelling
CVE-2023-51576,35547,AV|AC|PR|UI|S|C|I|A,missing_labels,expected_exclusion,At least one Base label absent; no relabelling
CVE-2023-51577,35548,AV|AC|PR|UI|S|C|I|A,missing_labels,expected_exclusion,At least one Base label absent; no relabelling
CVE-2023-51578,35549,AV|AC|PR|UI|S|C|I|A,missing_labels,expected_exclusion,At least one Base label absent; no relabelling
CVE-2023-51579,35550,AV|AC|PR|UI|S|C|I|A,missing_labels,expected_exclusion,At least one Base label absent; no relabelling
CVE-2023-51581,35553,AV|AC|PR|UI|S|C|I|A,missing_labels,expected_exclusion,At least one Base label absent; no relabelling
CVE-2023-51582,35554,AV|AC|PR|UI|S|C|I|A,missing_labels,expected_exclusion,At least one Base label absent; no relabelling
CVE-2023-51583,35555,AV|AC|PR|UI|S|C|I|A,missing_labels,expected_exclusion,At least one Base label absent; no relabelling
CVE-2023-51584,35556,AV|AC|PR|UI|S|C|I|A,missing_labels,expected_exclusion,At least one Base label absent; no relabelling
CVE-2023-51585,35557,AV|AC|PR|UI|S|C|I|A,missing_labels,expected_exclusion,At least one Base label absent; no relabelling
CVE-2023-51586,35558,AV|AC|PR|UI|S|C|I|A,missing_labels,expected_exclusion,At least one Base label absent; no relabelling
CVE-2023-51587,35559,AV|AC|PR|UI|S|C|I|A,missing_labels,expected_exclusion,At least one Base label absent; no relabelling
CVE-2023-51588,35560,AV|AC|PR|UI|S|C|I|A,missing_labels,expected_exclusion,At least one Base label absent; no relabelling
CVE-2023-51590,35563,AV|AC|PR|UI|S|C|I|A,missing_labels,expected_exclusion,At least one Base label absent; no relabelling
CVE-2023-51593,35566,AV|AC|PR|UI|S|C|I|A,missing_labels,expected_exclusion,At least one Base label absent; no relabelling
CVE-2023-51595,35568,AV|AC|PR|UI|S|C|I|A,missing_labels,expected_exclusion,At least one Base label absent; no relabelling
CVE-2023-51596,35569,AV|AC|PR|UI|S|C|I|A,missing_labels,expected_exclusion,At least one Base label absent; no relabelling
CVE-2023-51597,35570,AV|AC|PR|UI|S|C|I|A,missing_labels,expected_exclusion,At least one Base label absent; no relabelling
CVE-2023-51608,35582,AV|AC|PR|UI|S|C|I|A,missing_labels,expected_exclusion,At least one Base label absent; no relabelling
CVE-2023-51612,35587,AV|AC|PR|UI|S|C|I|A,missing_labels,expected_exclusion,At least one Base label absent; no relabelling
CVE-2023-51631,35608,AV|AC|PR|UI|S|C|I|A,missing_labels,expected_exclusion,At least one Base label absent; no relabelling
CVE-2023-51636,35612,AV|AC|PR|UI|S|C|I|A,missing_labels,expected_exclusion,At least one Base label absent; no relabelling
CVE-2023-51637,35613,AV|AC|PR|UI|S|C|I|A,missing_labels,expected_exclusion,At least one Base label absent; no relabelling
CVE-2024-0006,38537,AV|AC|PR|UI|S|C|I|A,missing_labels,expected_exclusion,At least one Base label absent; no relabelling
CVE-2024-0336,38818,AV|AC|PR|UI|S|C|I|A,missing_labels,expected_exclusion,At least one Base label absent; no relabelling
CVE-2024-0404,38880,AV|AC|PR|UI|S|C|I|A,missing_labels,expected_exclusion,At least one Base label absent; no relabelling
CVE-2024-0549,39021,AV|AC|PR|UI|S|C|I|A,missing_labels,expected_exclusion,At least one Base label absent; no relabelling
CVE-2024-0637,39103,AV|AC|PR|UI|S|C|I|A,missing_labels,expected_exclusion,At least one Base label absent; no relabelling
CVE-2024-0851,39306,AV|AC|PR|UI|S|C|I|A,missing_labels,expected_exclusion,At least one Base label absent; no relabelling
CVE-2024-10044,39480,AV|AC|PR|UI|S|C|I|A,missing_labels,expected_exclusion,At least one Base label absent; no relabelling
CVE-2024-10101,39517,AV|AC|PR|UI|S|C|I|A,missing_labels,expected_exclusion,At least one Base label absent; no relabelling
CVE-2024-10183,39594,AV|AC|PR|UI|S|C|I|A,missing_labels,expected_exclusion,At least one Base label absent; no relabelling
CVE-2024-10217,39620,AV|AC|PR|UI|S|C|I|A,missing_labels,expected_exclusion,At least one Base label absent; no relabelling
CVE-2024-10218,39621,AV|AC|PR|UI|S|C|I|A,missing_labels,expected_exclusion,At least one Base label absent; no relabelling
CVE-2024-10314,39691,AV|AC|PR|UI|S|C|I|A,missing_labels,expected_exclusion,At least one Base label absent; no relabelling
CVE-2024-10315,39692,AV|AC|PR|UI|S|C|I|A,missing_labels,expected_exclusion,At least one Base label absent; no relabelling
CVE-2024-10344,39714,AV|AC|PR|UI|S|C|I|A,missing_labels,expected_exclusion,At least one Base label absent; no relabelling
CVE-2024-10345,39715,AV|AC|PR|UI|S|C|I|A,missing_labels,expected_exclusion,At least one Base label absent; no relabelling
CVE-2024-10385,39746,AV|AC|PR|UI|S|C|I|A,missing_labels,expected_exclusion,At least one Base label absent; no relabelling
CVE-2024-10490,39844,AV|AC|PR|UI|S|C|I|A,missing_labels,expected_exclusion,At least one Base label absent; no relabelling
CVE-2024-10492,39846,AV|AC|PR|UI|S|C|I|A,missing_labels,expected_exclusion,At least one Base label absent; no relabelling
CVE-2024-10526,39877,AV|AC|PR|UI|S|C|I|A,missing_labels,expected_exclusion,At least one Base label absent; no relabelling
CVE-2024-10576,39912,AV|AC|PR|UI|S|C|I|A,missing_labels,expected_exclusion,At least one Base label absent; no relabelling
CVE-2024-10863,40157,AV|AC|PR|UI|S|C|I|A,missing_labels,expected_exclusion,At least one Base label absent; no relabelling
CVE-2024-10923,40206,AV|AC|PR|UI|S|C|I|A,missing_labels,expected_exclusion,At least one Base label absent; no relabelling
CVE-2024-11136,40379,AV|AC|PR|UI|S|C|I|A,missing_labels,expected_exclusion,At least one Base label absent; no relabelling
CVE-2024-11165,40397,AV|AC|PR|UI|S|C|I|A,missing_labels,expected_exclusion,At least one Base label absent; no relabelling
CVE-2024-11176,40401,AV|AC|PR|UI|S|C|I|A,missing_labels,expected_exclusion,At least one Base label absent; no relabelling
CVE-2024-11303,40503,AV|AC|PR|UI|S|C|I|A,missing_labels,expected_exclusion,At least one Base label absent; no relabelling
CVE-2024-11304,40504,AV|AC|PR|UI|S|C|I|A,missing_labels,expected_exclusion,At least one Base label absent; no relabelling
CVE-2024-1135,40539,AV|AC|PR|UI|S|C|I|A,missing_labels,expected_exclusion,At least one Base label absent; no relabelling
CVE-2024-11401,40577,AV|AC|PR|UI|S|C|I|A,missing_labels,expected_exclusion,At least one Base label absent; no relabelling
CVE-2024-11479,40639,AV|AC|PR|UI|S|C|I|A,missing_labels,expected_exclusion,At least one Base label absent; no relabelling
CVE-2024-11612,40762,AV|AC|PR|UI|S|C|I|A,missing_labels,expected_exclusion,At least one Base label absent; no relabelling
CVE-2024-11614,40763,AV|AC|PR|UI|S|C|I|A,missing_labels,expected_exclusion,At least one Base label absent; no relabelling
CVE-2024-11616,40764,AV|AC|PR|UI|S|C|I|A,missing_labels,expected_exclusion,At least one Base label absent; no relabelling
CVE-2024-1183,40947,AV|AC|PR|UI|S|C|I|A,missing_labels,expected_exclusion,At least one Base label absent; no relabelling
CVE-2024-11862,40970,AV|AC|PR|UI|S|C|I|A,missing_labels,expected_exclusion,At least one Base label absent; no relabelling
CVE-2024-11872,40978,AV|AC|PR|UI|S|C|I|A,missing_labels,expected_exclusion,At least one Base label absent; no relabelling
CVE-2024-12014,41085,AV|AC|PR|UI|S|C|I|A,missing_labels,expected_exclusion,At least one Base label absent; no relabelling
CVE-2024-12056,41103,AV|AC|PR|UI|S|C|I|A,missing_labels,expected_exclusion,At least one Base label absent; no relabelling
CVE-2024-12057,41104,AV|AC|PR|UI|S|C|I|A,missing_labels,expected_exclusion,At least one Base label absent; no relabelling
CVE-2024-12094,41121,AV|AC|PR|UI|S|C|I|A,missing_labels,expected_exclusion,At least one Base label absent; no relabelling
CVE-2024-12123,41137,AV|AC|PR|UI|S|C|I|A,missing_labels,expected_exclusion,At least one Base label absent; no relabelling
CVE-2024-12371,41280,AV|AC|PR|UI|S|C|I|A,missing_labels,expected_exclusion,At least one Base label absent; no relabelling
CVE-2024-12372,41281,AV|AC|PR|UI|S|C|I|A,missing_labels,expected_exclusion,At least one Base label absent; no relabelling
CVE-2024-12373,41282,AV|AC|PR|UI|S|C|I|A,missing_labels,expected_exclusion,At least one Base label absent; no relabelling
CVE-2024-12553,41361,AV|AC|PR|UI|S|C|I|A,missing_labels,expected_exclusion,At least one Base label absent; no relabelling
CVE-2024-12564,41367,AV|AC|PR|UI|S|C|I|A,missing_labels,expected_exclusion,At least one Base label absent; no relabelling
CVE-2024-1275,41454,AV|AC|PR|UI|S|C|I|A,missing_labels,expected_exclusion,At least one Base label absent; no relabelling
CVE-2024-12751,41455,AV|AC|PR|UI|S|C|I|A,missing_labels,expected_exclusion,At least one Base label absent; no relabelling
CVE-2024-12752,41456,AV|AC|PR|UI|S|C|I|A,missing_labels,expected_exclusion,At least one Base label absent; no relabelling
CVE-2024-12754,41458,AV|AC|PR|UI|S|C|I|A,missing_labels,expected_exclusion,At least one Base label absent; no relabelling
CVE-2024-12798,41477,AV|AC|PR|UI|S|C|I|A,missing_labels,expected_exclusion,At least one Base label absent; no relabelling
CVE-2024-12801,41478,AV|AC|PR|UI|S|C|I|A,missing_labels,expected_exclusion,At least one Base label absent; no relabelling
CVE-2024-12834,41487,AV|AC|PR|UI|S|C|I|A,missing_labels,expected_exclusion,At least one Base label absent; no relabelling
CVE-2024-12835,41488,AV|AC|PR|UI|S|C|I|A,missing_labels,expected_exclusion,At least one Base label absent; no relabelling
CVE-2024-12836,41489,AV|AC|PR|UI|S|C|I|A,missing_labels,expected_exclusion,At least one Base label absent; no relabelling
CVE-2024-12867,41504,AV|AC|PR|UI|S|C|I|A,missing_labels,expected_exclusion,At least one Base label absent; no relabelling
CVE-2024-12993,41596,AV|AC|PR|UI|S|C|I|A,missing_labels,expected_exclusion,At least one Base label absent; no relabelling
CVE-2024-13058,41653,AV|AC|PR|UI|S|C|I|A,missing_labels,expected_exclusion,At least one Base label absent; no relabelling
CVE-2024-1456,41819,AV|AC|PR|UI|S|C|I|A,missing_labels,expected_exclusion,At least one Base label absent; no relabelling
CVE-2024-1511,41870,AV|AC|PR|UI|S|C|I|A,missing_labels,expected_exclusion,At least one Base label absent; no relabelling
CVE-2024-1520,41876,AV|AC|PR|UI|S|C|I|A,missing_labels,expected_exclusion,At least one Base label absent; no relabelling
CVE-2024-1522,41878,AV|AC|PR|UI|S|C|I|A,missing_labels,expected_exclusion,At least one Base label absent; no relabelling
CVE-2024-1561,41914,AV|AC|PR|UI|S|C|I|A,missing_labels,expected_exclusion,At least one Base label absent; no relabelling
CVE-2024-1600,41951,AV|AC|PR|UI|S|C|I|A,missing_labels,expected_exclusion,At least one Base label absent; no relabelling
CVE-2024-1609,41959,AV|AC|PR|UI|S|C|I|A,missing_labels,expected_exclusion,At least one Base label absent; no relabelling
CVE-2024-1643,41984,AV|AC|PR|UI|S|C|I|A,missing_labels,expected_exclusion,At least one Base label absent; no relabelling
CVE-2024-1646,41987,AV|AC|PR|UI|S|C|I|A,missing_labels,expected_exclusion,At least one Base label absent; no relabelling
CVE-2024-1721,42059,AV|AC|PR|UI|S|C|I|A,missing_labels,expected_exclusion,At least one Base label absent; no relabelling
CVE-2024-1727,42065,AV|AC|PR|UI|S|C|I|A,missing_labels,expected_exclusion,At least one Base label absent; no relabelling
CVE-2024-1729,42067,AV|AC|PR|UI|S|C|I|A,missing_labels,expected_exclusion,At least one Base label absent; no relabelling
CVE-2024-1863,42195,AV|AC|PR|UI|S|C|I|A,missing_labels,expected_exclusion,At least one Base label absent; no relabelling
CVE-2024-1961,42290,AV|AC|PR|UI|S|C|I|A,missing_labels,expected_exclusion,At least one Base label absent; no relabelling
CVE-2024-1968,42294,AV|AC|PR|UI|S|C|I|A,missing_labels,expected_exclusion,At least one Base label absent; no relabelling
CVE-2024-2029,42524,AV|AC|PR|UI|S|C|I|A,missing_labels,expected_exclusion,At least one Base label absent; no relabelling
CVE-2024-2178,43894,AV|AC|PR|UI|S|C|I|A,missing_labels,expected_exclusion,At least one Base label absent; no relabelling
CVE-2024-21881,43986,AV|AC|PR|UI|S|C|I|A,missing_labels,expected_exclusion,At least one Base label absent; no relabelling
CVE-2024-2195,44031,AV|AC|PR|UI|S|C|I|A,missing_labels,expected_exclusion,At least one Base label absent; no relabelling
CVE-2024-2196,44034,AV|AC|PR|UI|S|C|I|A,missing_labels,expected_exclusion,At least one Base label absent; no relabelling
CVE-2024-22017,44072,AV|AC|PR|UI|S|C|I|A,missing_labels,expected_exclusion,At least one Base label absent; no relabelling
CVE-2024-22018,44073,AV|AC|PR|UI|S|C|I|A,missing_labels,expected_exclusion,At least one Base label absent; no relabelling
CVE-2024-22020,44076,AV|AC|PR|UI|S|C|I|A,missing_labels,expected_exclusion,At least one Base label absent; no relabelling
CVE-2024-22025,44081,AV|AC|PR|UI|S|C|I|A,missing_labels,expected_exclusion,At least one Base label absent; no relabelling
CVE-2024-22058,44109,AV|AC|PR|UI|S|C|I|A,missing_labels,expected_exclusion,At least one Base label absent; no relabelling
CVE-2024-22059,44110,AV|AC|PR|UI|S|C|I|A,missing_labels,expected_exclusion,At least one Base label absent; no relabelling
CVE-2024-22168,44215,AV|AC|PR|UI|S|C|I|A,missing_labels,expected_exclusion,At least one Base label absent; no relabelling
CVE-2024-22169,44216,AV|AC|PR|UI|S|C|I|A,missing_labels,expected_exclusion,At least one Base label absent; no relabelling
CVE-2024-2217,44217,AV|AC|PR|UI|S|C|I|A,missing_labels,expected_exclusion,At least one Base label absent; no relabelling
CVE-2024-22170,44218,AV|AC|PR|UI|S|C|I|A,missing_labels,expected_exclusion,At least one Base label absent; no relabelling
CVE-2024-2221,44253,AV|AC|PR|UI|S|C|I|A,missing_labels,expected_exclusion,At least one Base label absent; no relabelling
CVE-2024-2259,44546,AV|AC|PR|UI|S|C|I|A,missing_labels,expected_exclusion,At least one Base label absent; no relabelling
CVE-2024-23082,44737,AV|AC|PR|UI|S|C|I|A,missing_labels,expected_exclusion,At least one Base label absent; no relabelling
CVE-2024-23116,44757,AV|AC|PR|UI|S|C|I|A,missing_labels,expected_exclusion,At least one Base label absent; no relabelling
CVE-2024-23117,44758,AV|AC|PR|UI|S|C|I|A,missing_labels,expected_exclusion,At least one Base label absent; no relabelling
CVE-2024-23118,44759,AV|AC|PR|UI|S|C|I|A,missing_labels,expected_exclusion,At least one Base label absent; no relabelling
CVE-2024-23119,44760,AV|AC|PR|UI|S|C|I|A,missing_labels,expected_exclusion,At least one Base label absent; no relabelling
CVE-2024-23316,44956,AV|AC|PR|UI|S|C|I|A,missing_labels,expected_exclusion,At least one Base label absent; no relabelling
CVE-2024-2358,45153,AV|AC|PR|UI|S|C|I|A,missing_labels,expected_exclusion,At least one Base label absent; no relabelling
CVE-2024-2361,45178,AV|AC|PR|UI|S|C|I|A,missing_labels,expected_exclusion,At least one Base label absent; no relabelling
CVE-2024-2366,45230,AV|AC|PR|UI|S|C|I|A,missing_labels,expected_exclusion,At least one Base label absent; no relabelling
CVE-2024-23983,45516,AV|AC|PR|UI|S|C|I|A,missing_labels,expected_exclusion,At least one Base label absent; no relabelling
CVE-2024-2461,45816,AV|AC|PR|UI|S|C|I|A,missing_labels,expected_exclusion,At least one Base label absent; no relabelling
CVE-2024-2462,45817,AV|AC|PR|UI|S|C|I|A,missing_labels,expected_exclusion,At least one Base label absent; no relabelling
CVE-2024-27330,48012,AV|AC|PR|UI|S|C|I|A,missing_labels,expected_exclusion,At least one Base label absent; no relabelling
CVE-2024-27331,48013,AV|AC|PR|UI|S|C|I|A,missing_labels,expected_exclusion,At least one Base label absent; no relabelling
CVE-2024-27332,48014,AV|AC|PR|UI|S|C|I|A,missing_labels,expected_exclusion,At least one Base label absent; no relabelling
CVE-2024-27982,48492,AV|AC|PR|UI|S|C|I|A,missing_labels,expected_exclusion,At least one Base label absent; no relabelling
CVE-2024-27983,48493,AV|AC|PR|UI|S|C|I|A,missing_labels,expected_exclusion,At least one Base label absent; no relabelling
CVE-2024-2882,49010,AV|AC|PR|UI|S|C|I|A,missing_labels,expected_exclusion,At least one Base label absent; no relabelling
CVE-2024-2913,49307,AV|AC|PR|UI|S|C|I|A,missing_labels,expected_exclusion,At least one Base label absent; no relabelling
CVE-2024-29205,49382,AV|AC|PR|UI|S|C|I|A,missing_labels,expected_exclusion,At least one Base label absent; no relabelling
CVE-2024-29206,49383,AV|AC|PR|UI|S|C|I|A,missing_labels,expected_exclusion,At least one Base label absent; no relabelling
CVE-2024-29207,49384,AV|AC|PR|UI|S|C|I|A,missing_labels,expected_exclusion,At least one Base label absent; no relabelling
CVE-2024-29208,49385,AV|AC|PR|UI|S|C|I|A,missing_labels,expected_exclusion,At least one Base label absent; no relabelling
CVE-2024-29209,49386,AV|AC|PR|UI|S|C|I|A,missing_labels,expected_exclusion,At least one Base label absent; no relabelling
CVE-2024-29210,49388,AV|AC|PR|UI|S|C|I|A,missing_labels,expected_exclusion,At least one Base label absent; no relabelling
CVE-2024-29212,49390,AV|AC|PR|UI|S|C|I|A,missing_labels,expected_exclusion,At least one Base label absent; no relabelling
CVE-2024-29213,49391,AV|AC|PR|UI|S|C|I|A,missing_labels,expected_exclusion,At least one Base label absent; no relabelling
CVE-2024-29291,49433,AV|AC|PR|UI|S|C|I|A,missing_labels,expected_exclusion,At least one Base label absent; no relabelling
CVE-2024-2952,49530,AV|AC|PR|UI|S|C|I|A,missing_labels,expected_exclusion,At least one Base label absent; no relabelling
CVE-2024-29821,49673,AV|AC|PR|UI|S|C|I|A,missing_labels,expected_exclusion,At least one Base label absent; no relabelling
CVE-2024-29849,49701,AV|AC|PR|UI|S|C|I|A,missing_labels,expected_exclusion,At least one Base label absent; no relabelling
CVE-2024-29850,49703,AV|AC|PR|UI|S|C|I|A,missing_labels,expected_exclusion,At least one Base label absent; no relabelling
CVE-2024-29851,49704,AV|AC|PR|UI|S|C|I|A,missing_labels,expected_exclusion,At least one Base label absent; no relabelling
CVE-2024-29852,49705,AV|AC|PR|UI|S|C|I|A,missing_labels,expected_exclusion,At least one Base label absent; no relabelling
CVE-2024-29853,49706,AV|AC|PR|UI|S|C|I|A,missing_labels,expected_exclusion,At least one Base label absent; no relabelling
CVE-2024-29855,49707,AV|AC|PR|UI|S|C|I|A,missing_labels,expected_exclusion,At least one Base label absent; no relabelling
CVE-2024-30212,50052,AV|AC|PR|UI|S|C|I|A,missing_labels,expected_exclusion,At least one Base label absent; no relabelling
CVE-2024-3025,50093,AV|AC|PR|UI|S|C|I|A,missing_labels,expected_exclusion,At least one Base label absent; no relabelling
CVE-2024-3028,50124,AV|AC|PR|UI|S|C|I|A,missing_labels,expected_exclusion,At least one Base label absent; no relabelling
CVE-2024-30322,50164,AV|AC|PR|UI|S|C|I|A,missing_labels,expected_exclusion,At least one Base label absent; no relabelling
CVE-2024-30323,50165,AV|AC|PR|UI|S|C|I|A,missing_labels,expected_exclusion,At least one Base label absent; no relabelling
CVE-2024-30324,50166,AV|AC|PR|UI|S|C|I|A,missing_labels,expected_exclusion,At least one Base label absent; no relabelling
CVE-2024-30325,50167,AV|AC|PR|UI|S|C|I|A,missing_labels,expected_exclusion,At least one Base label absent; no relabelling
CVE-2024-30326,50168,AV|AC|PR|UI|S|C|I|A,missing_labels,expected_exclusion,At least one Base label absent; no relabelling
CVE-2024-30327,50169,AV|AC|PR|UI|S|C|I|A,missing_labels,expected_exclusion,At least one Base label absent; no relabelling
CVE-2024-30328,50170,AV|AC|PR|UI|S|C|I|A,missing_labels,expected_exclusion,At least one Base label absent; no relabelling
CVE-2024-30329,50171,AV|AC|PR|UI|S|C|I|A,missing_labels,expected_exclusion,At least one Base label absent; no relabelling
CVE-2024-30331,50174,AV|AC|PR|UI|S|C|I|A,missing_labels,expected_exclusion,At least one Base label absent; no relabelling
CVE-2024-30332,50175,AV|AC|PR|UI|S|C|I|A,missing_labels,expected_exclusion,At least one Base label absent; no relabelling
CVE-2024-30333,50176,AV|AC|PR|UI|S|C|I|A,missing_labels,expected_exclusion,At least one Base label absent; no relabelling
CVE-2024-30334,50177,AV|AC|PR|UI|S|C|I|A,missing_labels,expected_exclusion,At least one Base label absent; no relabelling
CVE-2024-30336,50179,AV|AC|PR|UI|S|C|I|A,missing_labels,expected_exclusion,At least one Base label absent; no relabelling
CVE-2024-30337,50180,AV|AC|PR|UI|S|C|I|A,missing_labels,expected_exclusion,At least one Base label absent; no relabelling
CVE-2024-30338,50181,AV|AC|PR|UI|S|C|I|A,missing_labels,expected_exclusion,At least one Base label absent; no relabelling
CVE-2024-30339,50182,AV|AC|PR|UI|S|C|I|A,missing_labels,expected_exclusion,At least one Base label absent; no relabelling
CVE-2024-30340,50184,AV|AC|PR|UI|S|C|I|A,missing_labels,expected_exclusion,At least one Base label absent; no relabelling
CVE-2024-30342,50186,AV|AC|PR|UI|S|C|I|A,missing_labels,expected_exclusion,At least one Base label absent; no relabelling
CVE-2024-30343,50187,AV|AC|PR|UI|S|C|I|A,missing_labels,expected_exclusion,At least one Base label absent; no relabelling
CVE-2024-30344,50188,AV|AC|PR|UI|S|C|I|A,missing_labels,expected_exclusion,At least one Base label absent; no relabelling
CVE-2024-30345,50189,AV|AC|PR|UI|S|C|I|A,missing_labels,expected_exclusion,At least one Base label absent; no relabelling
CVE-2024-30346,50190,AV|AC|PR|UI|S|C|I|A,missing_labels,expected_exclusion,At least one Base label absent; no relabelling
CVE-2024-30348,50192,AV|AC|PR|UI|S|C|I|A,missing_labels,expected_exclusion,At least one Base label absent; no relabelling
CVE-2024-30349,50193,AV|AC|PR|UI|S|C|I|A,missing_labels,expected_exclusion,At least one Base label absent; no relabelling
CVE-2024-30350,50195,AV|AC|PR|UI|S|C|I|A,missing_labels,expected_exclusion,At least one Base label absent; no relabelling
CVE-2024-30351,50196,AV|AC|PR|UI|S|C|I|A,missing_labels,expected_exclusion,At least one Base label absent; no relabelling
CVE-2024-30352,50197,AV|AC|PR|UI|S|C|I|A,missing_labels,expected_exclusion,At least one Base label absent; no relabelling
CVE-2024-30353,50198,AV|AC|PR|UI|S|C|I|A,missing_labels,expected_exclusion,At least one Base label absent; no relabelling
CVE-2024-30354,50199,AV|AC|PR|UI|S|C|I|A,missing_labels,expected_exclusion,At least one Base label absent; no relabelling
CVE-2024-30355,50200,AV|AC|PR|UI|S|C|I|A,missing_labels,expected_exclusion,At least one Base label absent; no relabelling
CVE-2024-30356,50201,AV|AC|PR|UI|S|C|I|A,missing_labels,expected_exclusion,At least one Base label absent; no relabelling
CVE-2024-30357,50202,AV|AC|PR|UI|S|C|I|A,missing_labels,expected_exclusion,At least one Base label absent; no relabelling
CVE-2024-30358,50203,AV|AC|PR|UI|S|C|I|A,missing_labels,expected_exclusion,At least one Base label absent; no relabelling
CVE-2024-30359,50204,AV|AC|PR|UI|S|C|I|A,missing_labels,expected_exclusion,At least one Base label absent; no relabelling
CVE-2024-30360,50206,AV|AC|PR|UI|S|C|I|A,missing_labels,expected_exclusion,At least one Base label absent; no relabelling
CVE-2024-30361,50207,AV|AC|PR|UI|S|C|I|A,missing_labels,expected_exclusion,At least one Base label absent; no relabelling
CVE-2024-30362,50208,AV|AC|PR|UI|S|C|I|A,missing_labels,expected_exclusion,At least one Base label absent; no relabelling
CVE-2024-30364,50210,AV|AC|PR|UI|S|C|I|A,missing_labels,expected_exclusion,At least one Base label absent; no relabelling
CVE-2024-30365,50211,AV|AC|PR|UI|S|C|I|A,missing_labels,expected_exclusion,At least one Base label absent; no relabelling
CVE-2024-30366,50212,AV|AC|PR|UI|S|C|I|A,missing_labels,expected_exclusion,At least one Base label absent; no relabelling
CVE-2024-30367,50213,AV|AC|PR|UI|S|C|I|A,missing_labels,expected_exclusion,At least one Base label absent; no relabelling
CVE-2024-30370,50217,AV|AC|PR|UI|S|C|I|A,missing_labels,expected_exclusion,At least one Base label absent; no relabelling
CVE-2024-30371,50218,AV|AC|PR|UI|S|C|I|A,missing_labels,expected_exclusion,At least one Base label absent; no relabelling
CVE-2024-3098,50640,AV|AC|PR|UI|S|C|I|A,missing_labels,expected_exclusion,At least one Base label absent; no relabelling
CVE-2024-3126,50870,AV|AC|PR|UI|S|C|I|A,missing_labels,expected_exclusion,At least one Base label absent; no relabelling
CVE-2024-3135,50963,AV|AC|PR|UI|S|C|I|A,missing_labels,expected_exclusion,At least one Base label absent; no relabelling
CVE-2024-3137,50985,AV|AC|PR|UI|S|C|I|A,missing_labels,expected_exclusion,At least one Base label absent; no relabelling
CVE-2024-31408,51026,AV|AC|PR|UI|S|C|I|A,missing_labels,expected_exclusion,At least one Base label absent; no relabelling
CVE-2024-3219,51547,AV|AC|PR|UI|S|C|I|A,missing_labels,expected_exclusion,At least one Base label absent; no relabelling
CVE-2024-32670,51897,AV|AC|PR|UI|S|C|I|A,missing_labels,expected_exclusion,At least one Base label absent; no relabelling
CVE-2024-3271,51940,AV|AC|PR|UI|S|C|I|A,missing_labels,expected_exclusion,At least one Base label absent; no relabelling
CVE-2024-32753,51981,AV|AC|PR|UI|S|C|I|A,missing_labels,expected_exclusion,At least one Base label absent; no relabelling
CVE-2024-32759,51987,AV|AC|PR|UI|S|C|I|A,missing_labels,expected_exclusion,At least one Base label absent; no relabelling
CVE-2024-3279,52020,AV|AC|PR|UI|S|C|I|A,missing_labels,expected_exclusion,At least one Base label absent; no relabelling
CVE-2024-3283,52064,AV|AC|PR|UI|S|C|I|A,missing_labels,expected_exclusion,At least one Base label absent; no relabelling
CVE-2024-3373,52696,AV|AC|PR|UI|S|C|I|A,missing_labels,expected_exclusion,At least one Base label absent; no relabelling
CVE-2024-34010,52908,AV|AC|PR|UI|S|C|I|A,missing_labels,expected_exclusion,At least one Base label absent; no relabelling
CVE-2024-34011,52909,AV|AC|PR|UI|S|C|I|A,missing_labels,expected_exclusion,At least one Base label absent; no relabelling
CVE-2024-34013,52911,AV|AC|PR|UI|S|C|I|A,missing_labels,expected_exclusion,At least one Base label absent; no relabelling
CVE-2024-34014,52912,AV|AC|PR|UI|S|C|I|A,missing_labels,expected_exclusion,At least one Base label absent; no relabelling
CVE-2024-34015,52913,AV|AC|PR|UI|S|C|I|A,missing_labels,expected_exclusion,At least one Base label absent; no relabelling
CVE-2024-34016,52914,AV|AC|PR|UI|S|C|I|A,missing_labels,expected_exclusion,At least one Base label absent; no relabelling
CVE-2024-3403,52929,AV|AC|PR|UI|S|C|I|A,missing_labels,expected_exclusion,At least one Base label absent; no relabelling
CVE-2024-3435,53143,AV|AC|PR|UI|S|C|I|A,missing_labels,expected_exclusion,At least one Base label absent; no relabelling
CVE-2024-3468,53456,AV|AC|PR|UI|S|C|I|A,missing_labels,expected_exclusion,At least one Base label absent; no relabelling
CVE-2024-35214,53792,AV|AC|PR|UI|S|C|I|A,missing_labels,expected_exclusion,At least one Base label absent; no relabelling
CVE-2024-3569,54098,AV|AC|PR|UI|S|C|I|A,missing_labels,expected_exclusion,At least one Base label absent; no relabelling
CVE-2024-3572,54130,AV|AC|PR|UI|S|C|I|A,missing_labels,expected_exclusion,At least one Base label absent; no relabelling
CVE-2024-3574,54152,AV|AC|PR|UI|S|C|I|A,missing_labels,expected_exclusion,At least one Base label absent; no relabelling
CVE-2024-36137,54550,AV|AC|PR|UI|S|C|I|A,missing_labels,expected_exclusion,At least one Base label absent; no relabelling
CVE-2024-36138,54551,AV|AC|PR|UI|S|C|I|A,missing_labels,expected_exclusion,At least one Base label absent; no relabelling
CVE-2024-3640,54755,AV|AC|PR|UI|S|C|I|A,missing_labels,expected_exclusion,At least one Base label absent; no relabelling
CVE-2024-36455,54806,AV|AC|PR|UI|S|C|I|A,missing_labels,expected_exclusion,At least one Base label absent; no relabelling
CVE-2024-36456,54807,AV|AC|PR|UI|S|C|I|A,missing_labels,expected_exclusion,At least one Base label absent; no relabelling
CVE-2024-36457,54808,AV|AC|PR|UI|S|C|I|A,missing_labels,expected_exclusion,At least one Base label absent; no relabelling
CVE-2024-36458,54809,AV|AC|PR|UI|S|C|I|A,missing_labels,expected_exclusion,At least one Base label absent; no relabelling
CVE-2024-36459,54810,AV|AC|PR|UI|S|C|I|A,missing_labels,expected_exclusion,At least one Base label absent; no relabelling
CVE-2024-37377,55502,AV|AC|PR|UI|S|C|I|A,missing_labels,expected_exclusion,At least one Base label absent; no relabelling
CVE-2024-37380,55504,AV|AC|PR|UI|S|C|I|A,missing_labels,expected_exclusion,At least one Base label absent; no relabelling
CVE-2024-37400,55522,AV|AC|PR|UI|S|C|I|A,missing_labels,expected_exclusion,At least one Base label absent; no relabelling
CVE-2024-37401,55523,AV|AC|PR|UI|S|C|I|A,missing_labels,expected_exclusion,At least one Base label absent; no relabelling
CVE-2024-37405,55526,AV|AC|PR|UI|S|C|I|A,missing_labels,expected_exclusion,At least one Base label absent; no relabelling
CVE-2024-3798,55911,AV|AC|PR|UI|S|C|I|A,missing_labels,expected_exclusion,At least one Base label absent; no relabelling
CVE-2024-3799,55922,AV|AC|PR|UI|S|C|I|A,missing_labels,expected_exclusion,At least one Base label absent; no relabelling
CVE-2024-3826,56193,AV|AC|PR|UI|S|C|I|A,missing_labels,expected_exclusion,At least one Base label absent; no relabelling
CVE-2024-38282,56218,AV|AC|PR|UI|S|C|I|A,missing_labels,expected_exclusion,At least one Base label absent; no relabelling
CVE-2024-38283,56219,AV|AC|PR|UI|S|C|I|A,missing_labels,expected_exclusion,At least one Base label absent; no relabelling
CVE-2024-38284,56220,AV|AC|PR|UI|S|C|I|A,missing_labels,expected_exclusion,At least one Base label absent; no relabelling
CVE-2024-38285,56221,AV|AC|PR|UI|S|C|I|A,missing_labels,expected_exclusion,At least one Base label absent; no relabelling
CVE-2024-38491,56380,AV|AC|PR|UI|S|C|I|A,missing_labels,expected_exclusion,At least one Base label absent; no relabelling
CVE-2024-38492,56381,AV|AC|PR|UI|S|C|I|A,missing_labels,expected_exclusion,At least one Base label absent; no relabelling
CVE-2024-38494,56383,AV|AC|PR|UI|S|C|I|A,missing_labels,expected_exclusion,At least one Base label absent; no relabelling
CVE-2024-38495,56384,AV|AC|PR|UI|S|C|I|A,missing_labels,expected_exclusion,At least one Base label absent; no relabelling
CVE-2024-38496,56385,AV|AC|PR|UI|S|C|I|A,missing_labels,expected_exclusion,At least one Base label absent; no relabelling
CVE-2024-38650,56548,AV|AC|PR|UI|S|C|I|A,missing_labels,expected_exclusion,At least one Base label absent; no relabelling
CVE-2024-38651,56549,AV|AC|PR|UI|S|C|I|A,missing_labels,expected_exclusion,At least one Base label absent; no relabelling
CVE-2024-38654,56552,AV|AC|PR|UI|S|C|I|A,missing_labels,expected_exclusion,At least one Base label absent; no relabelling
CVE-2024-38826,56710,AV|AC|PR|UI|S|C|I|A,missing_labels,expected_exclusion,At least one Base label absent; no relabelling
CVE-2024-3924,56911,AV|AC|PR|UI|S|C|I|A,missing_labels,expected_exclusion,At least one Base label absent; no relabelling
CVE-2024-39290,56933,AV|AC|PR|UI|S|C|I|A,missing_labels,expected_exclusion,At least one Base label absent; no relabelling
CVE-2024-39710,57330,AV|AC|PR|UI|S|C|I|A,missing_labels,expected_exclusion,At least one Base label absent; no relabelling
CVE-2024-39711,57331,AV|AC|PR|UI|S|C|I|A,missing_labels,expected_exclusion,At least one Base label absent; no relabelling
CVE-2024-39712,57332,AV|AC|PR|UI|S|C|I|A,missing_labels,expected_exclusion,At least one Base label absent; no relabelling
CVE-2024-39714,57334,AV|AC|PR|UI|S|C|I|A,missing_labels,expected_exclusion,At least one Base label absent; no relabelling
CVE-2024-39715,57335,AV|AC|PR|UI|S|C|I|A,missing_labels,expected_exclusion,At least one Base label absent; no relabelling
CVE-2024-3995,57508,AV|AC|PR|UI|S|C|I|A,missing_labels,expected_exclusion,At least one Base label absent; no relabelling
CVE-2024-40709,57776,AV|AC|PR|UI|S|C|I|A,missing_labels,expected_exclusion,At least one Base label absent; no relabelling
CVE-2024-40715,57783,AV|AC|PR|UI|S|C|I|A,missing_labels,expected_exclusion,At least one Base label absent; no relabelling
CVE-2024-40718,57785,AV|AC|PR|UI|S|C|I|A,missing_labels,expected_exclusion,At least one Base label absent; no relabelling
CVE-2024-4078,57834,AV|AC|PR|UI|S|C|I|A,missing_labels,expected_exclusion,At least one Base label absent; no relabelling
CVE-2024-40875,57926,AV|AC|PR|UI|S|C|I|A,missing_labels,expected_exclusion,At least one Base label absent; no relabelling
CVE-2024-41128,58179,AV|AC|PR|UI|S|C|I|A,missing_labels,expected_exclusion,At least one Base label absent; no relabelling
CVE-2024-41692,58477,AV|AC|PR|UI|S|C|I|A,missing_labels,expected_exclusion,At least one Base label absent; no relabelling
CVE-2024-4181,58559,AV|AC|PR|UI|S|C|I|A,missing_labels,expected_exclusion,At least one Base label absent; no relabelling
CVE-2024-4188,58629,AV|AC|PR|UI|S|C|I|A,missing_labels,expected_exclusion,At least one Base label absent; no relabelling
CVE-2024-41882,58632,AV|AC|PR|UI|S|C|I|A,missing_labels,expected_exclusion,At least one Base label absent; no relabelling
CVE-2024-41883,58633,AV|AC|PR|UI|S|C|I|A,missing_labels,expected_exclusion,At least one Base label absent; no relabelling
CVE-2024-41884,58634,AV|AC|PR|UI|S|C|I|A,missing_labels,expected_exclusion,At least one Base label absent; no relabelling
CVE-2024-41885,58635,AV|AC|PR|UI|S|C|I|A,missing_labels,expected_exclusion,At least one Base label absent; no relabelling
CVE-2024-41886,58636,AV|AC|PR|UI|S|C|I|A,missing_labels,expected_exclusion,At least one Base label absent; no relabelling
CVE-2024-41887,58637,AV|AC|PR|UI|S|C|I|A,missing_labels,expected_exclusion,At least one Base label absent; no relabelling
CVE-2024-41987,58716,AV|AC|PR|UI|S|C|I|A,missing_labels,expected_exclusion,At least one Base label absent; no relabelling
CVE-2024-41988,58717,AV|AC|PR|UI|S|C|I|A,missing_labels,expected_exclusion,At least one Base label absent; no relabelling
CVE-2024-42448,59132,AV|AC|PR|UI|S|C|I|A,missing_labels,expected_exclusion,At least one Base label absent; no relabelling
CVE-2024-42449,59133,AV|AC|PR|UI|S|C|I|A,missing_labels,expected_exclusion,At least one Base label absent; no relabelling
CVE-2024-42496,59183,AV|AC|PR|UI|S|C|I|A,missing_labels,expected_exclusion,At least one Base label absent; no relabelling
CVE-2024-4254,59205,AV|AC|PR|UI|S|C|I|A,missing_labels,expected_exclusion,At least one Base label absent; no relabelling
CVE-2024-4264,59289,AV|AC|PR|UI|S|C|I|A,missing_labels,expected_exclusion,At least one Base label absent; no relabelling
CVE-2024-4284,59385,AV|AC|PR|UI|S|C|I|A,missing_labels,expected_exclusion,At least one Base label absent; no relabelling
CVE-2024-4286,59392,AV|AC|PR|UI|S|C|I|A,missing_labels,expected_exclusion,At least one Base label absent; no relabelling
CVE-2024-4315,59555,AV|AC|PR|UI|S|C|I|A,missing_labels,expected_exclusion,At least one Base label absent; no relabelling
CVE-2024-4321,59591,AV|AC|PR|UI|S|C|I|A,missing_labels,expected_exclusion,At least one Base label absent; no relabelling
CVE-2024-4322,59602,AV|AC|PR|UI|S|C|I|A,missing_labels,expected_exclusion,At least one Base label absent; no relabelling
CVE-2024-4326,59644,AV|AC|PR|UI|S|C|I|A,missing_labels,expected_exclusion,At least one Base label absent; no relabelling
CVE-2024-4332,59710,AV|AC|PR|UI|S|C|I|A,missing_labels,expected_exclusion,At least one Base label absent; no relabelling
CVE-2024-4498,60893,AV|AC|PR|UI|S|C|I|A,missing_labels,expected_exclusion,At least one Base label absent; no relabelling
CVE-2024-45036,60953,AV|AC|PR|UI|S|C|I|A,missing_labels,expected_exclusion,At least one Base label absent; no relabelling
CVE-2024-45205,61103,AV|AC|PR|UI|S|C|I|A,missing_labels,expected_exclusion,At least one Base label absent; no relabelling
CVE-2024-45206,61104,AV|AC|PR|UI|S|C|I|A,missing_labels,expected_exclusion,At least one Base label absent; no relabelling
CVE-2024-45207,61105,AV|AC|PR|UI|S|C|I|A,missing_labels,expected_exclusion,At least one Base label absent; no relabelling
CVE-2024-45229,61111,AV|AC|PR|UI|S|C|I|A,missing_labels,expected_exclusion,At least one Base label absent; no relabelling
CVE-2024-45721,61435,AV|AC|PR|UI|S|C|I|A,missing_labels,expected_exclusion,At least one Base label absent; no relabelling
CVE-2024-45837,61527,AV|AC|PR|UI|S|C|I|A,missing_labels,expected_exclusion,At least one Base label absent; no relabelling
CVE-2024-45841,61530,AV|AC|PR|UI|S|C|I|A,missing_labels,expected_exclusion,At least one Base label absent; no relabelling
CVE-2024-4622,61661,AV|AC|PR|UI|S|C|I|A,missing_labels,expected_exclusion,At least one Base label absent; no relabelling
CVE-2024-4657,61801,AV|AC|PR|UI|S|C|I|A,missing_labels,expected_exclusion,At least one Base label absent; no relabelling
CVE-2024-4658,61803,AV|AC|PR|UI|S|C|I|A,missing_labels,expected_exclusion,At least one Base label absent; no relabelling
CVE-2024-46873,62078,AV|AC|PR|UI|S|C|I|A,missing_labels,expected_exclusion,At least one Base label absent; no relabelling
CVE-2024-46939,62111,AV|AC|PR|UI|S|C|I|A,missing_labels,expected_exclusion,At least one Base label absent; no relabelling
CVE-2024-47080,62236,AV|AC|PR|UI|S|C|I|A,missing_labels,expected_exclusion,At least one Base label absent; no relabelling
CVE-2024-47095,62248,AV|AC|PR|UI|S|C|I|A,missing_labels,expected_exclusion,At least one Base label absent; no relabelling
CVE-2024-47133,62270,AV|AC|PR|UI|S|C|I|A,missing_labels,expected_exclusion,At least one Base label absent; no relabelling
CVE-2024-47142,62278,AV|AC|PR|UI|S|C|I|A,missing_labels,expected_exclusion,At least one Base label absent; no relabelling
CVE-2024-47534,62593,AV|AC|PR|UI|S|C|I|A,missing_labels,expected_exclusion,At least one Base label absent; no relabelling
CVE-2024-47560,62618,AV|AC|PR|UI|S|C|I|A,missing_labels,expected_exclusion,At least one Base label absent; no relabelling
CVE-2024-47609,62657,AV|AC|PR|UI|S|C|I|A,missing_labels,expected_exclusion,At least one Base label absent; no relabelling
CVE-2024-47611,62660,AV|AC|PR|UI|S|C|I|A,missing_labels,expected_exclusion,At least one Base label absent; no relabelling
CVE-2024-47764,62826,AV|AC|PR|UI|S|C|I|A,missing_labels,expected_exclusion,At least one Base label absent; no relabelling
CVE-2024-47771,62833,AV|AC|PR|UI|S|C|I|A,missing_labels,expected_exclusion,At least one Base label absent; no relabelling
CVE-2024-47779,62841,AV|AC|PR|UI|S|C|I|A,missing_labels,expected_exclusion,At least one Base label absent; no relabelling
CVE-2024-47789,62847,AV|AC|PR|UI|S|C|I|A,missing_labels,expected_exclusion,At least one Base label absent; no relabelling
CVE-2024-47790,62849,AV|AC|PR|UI|S|C|I|A,missing_labels,expected_exclusion,At least one Base label absent; no relabelling
CVE-2024-47824,62877,AV|AC|PR|UI|S|C|I|A,missing_labels,expected_exclusion,At least one Base label absent; no relabelling
CVE-2024-47848,62896,AV|AC|PR|UI|S|C|I|A,missing_labels,expected_exclusion,At least one Base label absent; no relabelling
CVE-2024-47864,62904,AV|AC|PR|UI|S|C|I|A,missing_labels,expected_exclusion,At least one Base label absent; no relabelling
CVE-2024-47874,62914,AV|AC|PR|UI|S|C|I|A,missing_labels,expected_exclusion,At least one Base label absent; no relabelling
CVE-2024-47884,62925,AV|AC|PR|UI|S|C|I|A,missing_labels,expected_exclusion,At least one Base label absent; no relabelling
CVE-2024-47887,62927,AV|AC|PR|UI|S|C|I|A,missing_labels,expected_exclusion,At least one Base label absent; no relabelling
CVE-2024-47888,62928,AV|AC|PR|UI|S|C|I|A,missing_labels,expected_exclusion,At least one Base label absent; no relabelling
CVE-2024-47889,62929,AV|AC|PR|UI|S|C|I|A,missing_labels,expected_exclusion,At least one Base label absent; no relabelling
CVE-2024-47939,62961,AV|AC|PR|UI|S|C|I|A,missing_labels,expected_exclusion,At least one Base label absent; no relabelling
CVE-2024-4882,63331,AV|AC|PR|UI|S|C|I|A,missing_labels,expected_exclusion,At least one Base label absent; no relabelling
CVE-2024-48915,63388,AV|AC|PR|UI|S|C|I|A,missing_labels,expected_exclusion,At least one Base label absent; no relabelling
CVE-2024-48918,63390,AV|AC|PR|UI|S|C|I|A,missing_labels,expected_exclusion,At least one Base label absent; no relabelling
CVE-2024-48919,63391,AV|AC|PR|UI|S|C|I|A,missing_labels,expected_exclusion,At least one Base label absent; no relabelling
CVE-2024-48924,63395,AV|AC|PR|UI|S|C|I|A,missing_labels,expected_exclusion,At least one Base label absent; no relabelling
CVE-2024-48930,63401,AV|AC|PR|UI|S|C|I|A,missing_labels,expected_exclusion,At least one Base label absent; no relabelling
CVE-2024-4897,63430,AV|AC|PR|UI|S|C|I|A,missing_labels,expected_exclusion,At least one Base label absent; no relabelling
CVE-2024-49203,63601,AV|AC|PR|UI|S|C|I|A,missing_labels,expected_exclusion,At least one Base label absent; no relabelling
CVE-2024-49361,63744,AV|AC|PR|UI|S|C|I|A,missing_labels,expected_exclusion,At least one Base label absent; no relabelling
CVE-2024-49379,63756,AV|AC|PR|UI|S|C|I|A,missing_labels,expected_exclusion,At least one Base label absent; no relabelling
CVE-2024-49396,63773,AV|AC|PR|UI|S|C|I|A,missing_labels,expected_exclusion,At least one Base label absent; no relabelling
CVE-2024-49397,63774,AV|AC|PR|UI|S|C|I|A,missing_labels,expected_exclusion,At least one Base label absent; no relabelling
CVE-2024-49398,63775,AV|AC|PR|UI|S|C|I|A,missing_labels,expected_exclusion,At least one Base label absent; no relabelling
CVE-2024-49399,63776,AV|AC|PR|UI|S|C|I|A,missing_labels,expected_exclusion,At least one Base label absent; no relabelling
CVE-2024-49501,63811,AV|AC|PR|UI|S|C|I|A,missing_labels,expected_exclusion,At least one Base label absent; no relabelling
CVE-2024-49504,63814,AV|AC|PR|UI|S|C|I|A,missing_labels,expected_exclusion,At least one Base label absent; no relabelling
CVE-2024-49506,63816,AV|AC|PR|UI|S|C|I|A,missing_labels,expected_exclusion,At least one Base label absent; no relabelling
CVE-2024-49751,63993,AV|AC|PR|UI|S|C|I|A,missing_labels,expected_exclusion,At least one Base label absent; no relabelling
CVE-2024-49763,64005,AV|AC|PR|UI|S|C|I|A,missing_labels,expected_exclusion,At least one Base label absent; no relabelling
CVE-2024-49770,64013,AV|AC|PR|UI|S|C|I|A,missing_labels,expected_exclusion,At least one Base label absent; no relabelling
CVE-2024-4999,64185,AV|AC|PR|UI|S|C|I|A,missing_labels,expected_exclusion,At least one Base label absent; no relabelling
CVE-2024-5023,64446,AV|AC|PR|UI|S|C|I|A,missing_labels,expected_exclusion,At least one Base label absent; no relabelling
CVE-2024-50336,64556,AV|AC|PR|UI|S|C|I|A,missing_labels,expected_exclusion,At least one Base label absent; no relabelling
CVE-2024-50346,64565,AV|AC|PR|UI|S|C|I|A,missing_labels,expected_exclusion,At least one Base label absent; no relabelling
CVE-2024-50347,64566,AV|AC|PR|UI|S|C|I|A,missing_labels,expected_exclusion,At least one Base label absent; no relabelling
CVE-2024-5035,64568,AV|AC|PR|UI|S|C|I|A,missing_labels,expected_exclusion,At least one Base label absent; no relabelling
CVE-2024-50357,64576,AV|AC|PR|UI|S|C|I|A,missing_labels,expected_exclusion,At least one Base label absent; no relabelling
CVE-2024-50380,64602,AV|AC|PR|UI|S|C|I|A,missing_labels,expected_exclusion,At least one Base label absent; no relabelling
CVE-2024-50381,64603,AV|AC|PR|UI|S|C|I|A,missing_labels,expected_exclusion,At least one Base label absent; no relabelling
CVE-2024-5082,64882,AV|AC|PR|UI|S|C|I|A,missing_labels,expected_exclusion,At least one Base label absent; no relabelling
CVE-2024-5083,64890,AV|AC|PR|UI|S|C|I|A,missing_labels,expected_exclusion,At least one Base label absent; no relabelling
CVE-2024-51481,65154,AV|AC|PR|UI|S|C|I|A,missing_labels,expected_exclusion,At least one Base label absent; no relabelling
CVE-2024-51483,65156,AV|AC|PR|UI|S|C|I|A,missing_labels,expected_exclusion,At least one Base label absent; no relabelling
CVE-2024-51498,65171,AV|AC|PR|UI|S|C|I|A,missing_labels,expected_exclusion,At least one Base label absent; no relabelling
CVE-2024-51501,65175,AV|AC|PR|UI|S|C|I|A,missing_labels,expected_exclusion,At least one Base label absent; no relabelling
CVE-2024-51502,65176,AV|AC|PR|UI|S|C|I|A,missing_labels,expected_exclusion,At least one Base label absent; no relabelling
CVE-2024-51734,65403,AV|AC|PR|UI|S|C|I|A,missing_labels,expected_exclusion,At least one Base label absent; no relabelling
CVE-2024-51735,65404,AV|AC|PR|UI|S|C|I|A,missing_labels,expected_exclusion,At least one Base label absent; no relabelling
CVE-2024-51746,65411,AV|AC|PR|UI|S|C|I|A,missing_labels,expected_exclusion,At least one Base label absent; no relabelling
CVE-2024-51753,65418,AV|AC|PR|UI|S|C|I|A,missing_labels,expected_exclusion,At least one Base label absent; no relabelling
CVE-2024-51756,65421,AV|AC|PR|UI|S|C|I|A,missing_labels,expected_exclusion,At least one Base label absent; no relabelling
CVE-2024-51757,65422,AV|AC|PR|UI|S|C|I|A,missing_labels,expected_exclusion,At least one Base label absent; no relabelling
CVE-2024-51758,65423,AV|AC|PR|UI|S|C|I|A,missing_labels,expected_exclusion,At least one Base label absent; no relabelling
CVE-2024-5176,65425,AV|AC|PR|UI|S|C|I|A,missing_labels,expected_exclusion,At least one Base label absent; no relabelling
CVE-2024-5181,65472,AV|AC|PR|UI|S|C|I|A,missing_labels,expected_exclusion,At least one Base label absent; no relabelling
CVE-2024-51990,65619,AV|AC|PR|UI|S|C|I|A,missing_labels,expected_exclusion,At least one Base label absent; no relabelling
CVE-2024-52004,65631,AV|AC|PR|UI|S|C|I|A,missing_labels,expected_exclusion,At least one Base label absent; no relabelling
CVE-2024-52010,65636,AV|AC|PR|UI|S|C|I|A,missing_labels,expected_exclusion,At least one Base label absent; no relabelling
CVE-2024-5208,65686,AV|AC|PR|UI|S|C|I|A,missing_labels,expected_exclusion,At least one Base label absent; no relabelling
CVE-2024-5216,65694,AV|AC|PR|UI|S|C|I|A,missing_labels,expected_exclusion,At least one Base label absent; no relabelling
CVE-2024-52270,65708,AV|AC|PR|UI|S|C|I|A,missing_labels,expected_exclusion,At least one Base label absent; no relabelling
CVE-2024-52271,65709,AV|AC|PR|UI|S|C|I|A,missing_labels,expected_exclusion,At least one Base label absent; no relabelling
CVE-2024-52277,65715,AV|AC|PR|UI|S|C|I|A,missing_labels,expected_exclusion,At least one Base label absent; no relabelling
CVE-2024-52286,65719,AV|AC|PR|UI|S|C|I|A,missing_labels,expected_exclusion,At least one Base label absent; no relabelling
CVE-2024-52302,65736,AV|AC|PR|UI|S|C|I|A,missing_labels,expected_exclusion,At least one Base label absent; no relabelling
CVE-2024-52309,65743,AV|AC|PR|UI|S|C|I|A,missing_labels,expected_exclusion,At least one Base label absent; no relabelling
CVE-2024-52321,65754,AV|AC|PR|UI|S|C|I|A,missing_labels,expected_exclusion,At least one Base label absent; no relabelling
CVE-2024-52522,65953,AV|AC|PR|UI|S|C|I|A,missing_labels,expected_exclusion,At least one Base label absent; no relabelling
CVE-2024-52524,65955,AV|AC|PR|UI|S|C|I|A,missing_labels,expected_exclusion,At least one Base label absent; no relabelling
CVE-2024-52528,65958,AV|AC|PR|UI|S|C|I|A,missing_labels,expected_exclusion,At least one Base label absent; no relabelling
CVE-2024-52564,65987,AV|AC|PR|UI|S|C|I|A,missing_labels,expected_exclusion,At least one Base label absent; no relabelling
CVE-2024-52596,66015,AV|AC|PR|UI|S|C|I|A,missing_labels,expected_exclusion,At least one Base label absent; no relabelling
CVE-2024-52614,66023,AV|AC|PR|UI|S|C|I|A,missing_labels,expected_exclusion,At least one Base label absent; no relabelling
CVE-2024-52793,66077,AV|AC|PR|UI|S|C|I|A,missing_labels,expected_exclusion,At least one Base label absent; no relabelling
CVE-2024-52798,66081,AV|AC|PR|UI|S|C|I|A,missing_labels,expected_exclusion,At least one Base label absent; no relabelling
CVE-2024-52800,66084,AV|AC|PR|UI|S|C|I|A,missing_labels,expected_exclusion,At least one Base label absent; no relabelling
CVE-2024-52801,66085,AV|AC|PR|UI|S|C|I|A,missing_labels,expected_exclusion,At least one Base label absent; no relabelling
CVE-2024-52809,66091,AV|AC|PR|UI|S|C|I|A,missing_labels,expected_exclusion,At least one Base label absent; no relabelling
CVE-2024-52810,66093,AV|AC|PR|UI|S|C|I|A,missing_labels,expected_exclusion,At least one Base label absent; no relabelling
CVE-2024-5291,66160,AV|AC|PR|UI|S|C|I|A,missing_labels,expected_exclusion,At least one Base label absent; no relabelling
CVE-2024-5293,66174,AV|AC|PR|UI|S|C|I|A,missing_labels,expected_exclusion,At least one Base label absent; no relabelling
CVE-2024-5296,66189,AV|AC|PR|UI|S|C|I|A,missing_labels,expected_exclusion,At least one Base label absent; no relabelling
CVE-2024-5297,66190,AV|AC|PR|UI|S|C|I|A,missing_labels,expected_exclusion,At least one Base label absent; no relabelling
CVE-2024-5298,66191,AV|AC|PR|UI|S|C|I|A,missing_labels,expected_exclusion,At least one Base label absent; no relabelling
CVE-2024-5299,66200,AV|AC|PR|UI|S|C|I|A,missing_labels,expected_exclusion,At least one Base label absent; no relabelling
CVE-2024-53008,66218,AV|AC|PR|UI|S|C|I|A,missing_labels,expected_exclusion,At least one Base label absent; no relabelling
CVE-2024-53264,66457,AV|AC|PR|UI|S|C|I|A,missing_labels,expected_exclusion,At least one Base label absent; no relabelling
CVE-2024-53275,66467,AV|AC|PR|UI|S|C|I|A,missing_labels,expected_exclusion,At least one Base label absent; no relabelling
CVE-2024-53276,66468,AV|AC|PR|UI|S|C|I|A,missing_labels,expected_exclusion,At least one Base label absent; no relabelling
CVE-2024-53278,66469,AV|AC|PR|UI|S|C|I|A,missing_labels,expected_exclusion,At least one Base label absent; no relabelling
CVE-2024-5334,66490,AV|AC|PR|UI|S|C|I|A,missing_labels,expected_exclusion,At least one Base label absent; no relabelling
CVE-2024-53701,66585,AV|AC|PR|UI|S|C|I|A,missing_labels,expected_exclusion,At least one Base label absent; no relabelling
CVE-2024-53845,66723,AV|AC|PR|UI|S|C|I|A,missing_labels,expected_exclusion,At least one Base label absent; no relabelling
CVE-2024-53847,66725,AV|AC|PR|UI|S|C|I|A,missing_labels,expected_exclusion,At least one Base label absent; no relabelling
CVE-2024-53849,66727,AV|AC|PR|UI|S|C|I|A,missing_labels,expected_exclusion,At least one Base label absent; no relabelling
CVE-2024-53864,66739,AV|AC|PR|UI|S|C|I|A,missing_labels,expected_exclusion,At least one Base label absent; no relabelling
CVE-2024-53982,66796,AV|AC|PR|UI|S|C|I|A,missing_labels,expected_exclusion,At least one Base label absent; no relabelling
CVE-2024-53990,66805,AV|AC|PR|UI|S|C|I|A,missing_labels,expected_exclusion,At least one Base label absent; no relabelling
CVE-2024-53992,66807,AV|AC|PR|UI|S|C|I|A,missing_labels,expected_exclusion,At least one Base label absent; no relabelling
CVE-2024-54014,66818,AV|AC|PR|UI|S|C|I|A,missing_labels,expected_exclusion,At least one Base label absent; no relabelling
CVE-2024-54082,66844,AV|AC|PR|UI|S|C|I|A,missing_labels,expected_exclusion,At least one Base label absent; no relabelling
CVE-2024-54125,66881,AV|AC|PR|UI|S|C|I|A,missing_labels,expected_exclusion,At least one Base label absent; no relabelling
CVE-2024-54126,66882,AV|AC|PR|UI|S|C|I|A,missing_labels,expected_exclusion,At least one Base label absent; no relabelling
CVE-2024-54127,66883,AV|AC|PR|UI|S|C|I|A,missing_labels,expected_exclusion,At least one Base label absent; no relabelling
CVE-2024-54129,66885,AV|AC|PR|UI|S|C|I|A,missing_labels,expected_exclusion,At least one Base label absent; no relabelling
CVE-2024-54130,66887,AV|AC|PR|UI|S|C|I|A,missing_labels,expected_exclusion,At least one Base label absent; no relabelling
CVE-2024-54131,66888,AV|AC|PR|UI|S|C|I|A,missing_labels,expected_exclusion,At least one Base label absent; no relabelling
CVE-2024-54132,66889,AV|AC|PR|UI|S|C|I|A,missing_labels,expected_exclusion,At least one Base label absent; no relabelling
CVE-2024-54133,66890,AV|AC|PR|UI|S|C|I|A,missing_labels,expected_exclusion,At least one Base label absent; no relabelling
CVE-2024-54134,66891,AV|AC|PR|UI|S|C|I|A,missing_labels,expected_exclusion,At least one Base label absent; no relabelling
CVE-2024-54140,66898,AV|AC|PR|UI|S|C|I|A,missing_labels,expected_exclusion,At least one Base label absent; no relabelling
CVE-2024-54143,66900,AV|AC|PR|UI|S|C|I|A,missing_labels,expected_exclusion,At least one Base label absent; no relabelling
CVE-2024-54152,66907,AV|AC|PR|UI|S|C|I|A,missing_labels,expected_exclusion,At least one Base label absent; no relabelling
CVE-2024-5420,66922,AV|AC|PR|UI|S|C|I|A,missing_labels,expected_exclusion,At least one Base label absent; no relabelling
CVE-2024-5421,66928,AV|AC|PR|UI|S|C|I|A,missing_labels,expected_exclusion,At least one Base label absent; no relabelling
CVE-2024-5422,66939,AV|AC|PR|UI|S|C|I|A,missing_labels,expected_exclusion,At least one Base label absent; no relabelling
CVE-2024-5433,67056,AV|AC|PR|UI|S|C|I|A,missing_labels,expected_exclusion,At least one Base label absent; no relabelling
CVE-2024-5434,67067,AV|AC|PR|UI|S|C|I|A,missing_labels,expected_exclusion,At least one Base label absent; no relabelling
CVE-2024-5443,67162,AV|AC|PR|UI|S|C|I|A,missing_labels,expected_exclusion,At least one Base label absent; no relabelling
CVE-2024-54982,67312,AV|AC|PR|UI|S|C|I|A,missing_labels,expected_exclusion,At least one Base label absent; no relabelling
CVE-2024-5547,67384,AV|AC|PR|UI|S|C|I|A,missing_labels,expected_exclusion,At least one Base label absent; no relabelling
CVE-2024-5548,67387,AV|AC|PR|UI|S|C|I|A,missing_labels,expected_exclusion,At least one Base label absent; no relabelling
CVE-2024-5549,67388,AV|AC|PR|UI|S|C|I|A,missing_labels,expected_exclusion,At least one Base label absent; no relabelling
CVE-2024-55539,67403,AV|AC|PR|UI|S|C|I|A,missing_labels,expected_exclusion,At least one Base label absent; no relabelling
CVE-2024-55601,67430,AV|AC|PR|UI|S|C|I|A,missing_labels,expected_exclusion,At least one Base label absent; no relabelling
CVE-2024-55655,67446,AV|AC|PR|UI|S|C|I|A,missing_labels,expected_exclusion,At least one Base label absent; no relabelling
CVE-2024-5569,67456,AV|AC|PR|UI|S|C|I|A,missing_labels,expected_exclusion,At least one Base label absent; no relabelling
CVE-2024-5579,67465,AV|AC|PR|UI|S|C|I|A,missing_labels,expected_exclusion,At least one Base label absent; no relabelling
CVE-2024-5580,67466,AV|AC|PR|UI|S|C|I|A,missing_labels,expected_exclusion,At least one Base label absent; no relabelling
CVE-2024-5581,67467,AV|AC|PR|UI|S|C|I|A,missing_labels,expected_exclusion,At least one Base label absent; no relabelling
CVE-2024-55864,67473,AV|AC|PR|UI|S|C|I|A,missing_labels,expected_exclusion,At least one Base label absent; no relabelling
CVE-2024-55890,67488,AV|AC|PR|UI|S|C|I|A,missing_labels,expected_exclusion,At least one Base label absent; no relabelling
CVE-2024-55946,67492,AV|AC|PR|UI|S|C|I|A,missing_labels,expected_exclusion,At least one Base label absent; no relabelling
CVE-2024-55949,67494,AV|AC|PR|UI|S|C|I|A,missing_labels,expected_exclusion,At least one Base label absent; no relabelling
CVE-2024-55950,67496,AV|AC|PR|UI|S|C|I|A,missing_labels,expected_exclusion,At least one Base label absent; no relabelling
CVE-2024-55951,67497,AV|AC|PR|UI|S|C|I|A,missing_labels,expected_exclusion,At least one Base label absent; no relabelling
CVE-2024-56139,67606,AV|AC|PR|UI|S|C|I|A,missing_labels,expected_exclusion,At least one Base label absent; no relabelling
CVE-2024-5616,67613,AV|AC|PR|UI|S|C|I|A,missing_labels,expected_exclusion,At least one Base label absent; no relabelling
CVE-2024-56198,67621,AV|AC|PR|UI|S|C|I|A,missing_labels,expected_exclusion,At least one Base label absent; no relabelling
CVE-2024-5631,67668,AV|AC|PR|UI|S|C|I|A,missing_labels,expected_exclusion,At least one Base label absent; no relabelling
CVE-2024-5632,67677,AV|AC|PR|UI|S|C|I|A,missing_labels,expected_exclusion,At least one Base label absent; no relabelling
CVE-2024-56329,67680,AV|AC|PR|UI|S|C|I|A,missing_labels,expected_exclusion,At least one Base label absent; no relabelling
CVE-2024-5633,67681,AV|AC|PR|UI|S|C|I|A,missing_labels,expected_exclusion,At least one Base label absent; no relabelling
CVE-2024-56330,67682,AV|AC|PR|UI|S|C|I|A,missing_labels,expected_exclusion,At least one Base label absent; no relabelling
CVE-2024-56333,67684,AV|AC|PR|UI|S|C|I|A,missing_labels,expected_exclusion,At least one Base label absent; no relabelling
CVE-2024-5634,67688,AV|AC|PR|UI|S|C|I|A,missing_labels,expected_exclusion,At least one Base label absent; no relabelling
CVE-2024-56361,67703,AV|AC|PR|UI|S|C|I|A,missing_labels,expected_exclusion,At least one Base label absent; no relabelling
CVE-2024-56516,67730,AV|AC|PR|UI|S|C|I|A,missing_labels,expected_exclusion,At least one Base label absent; no relabelling
CVE-2024-56517,67731,AV|AC|PR|UI|S|C|I|A,missing_labels,expected_exclusion,At least one Base label absent; no relabelling
CVE-2024-56802,67991,AV|AC|PR|UI|S|C|I|A,missing_labels,expected_exclusion,At least one Base label absent; no relabelling
CVE-2024-56803,67992,AV|AC|PR|UI|S|C|I|A,missing_labels,expected_exclusion,At least one Base label absent; no relabelling
CVE-2024-5712,68021,AV|AC|PR|UI|S|C|I|A,missing_labels,expected_exclusion,At least one Base label absent; no relabelling
CVE-2024-5717,68026,AV|AC|PR|UI|S|C|I|A,missing_labels,expected_exclusion,At least one Base label absent; no relabelling
CVE-2024-5719,68028,AV|AC|PR|UI|S|C|I|A,missing_labels,expected_exclusion,At least one Base label absent; no relabelling
CVE-2024-5720,68029,AV|AC|PR|UI|S|C|I|A,missing_labels,expected_exclusion,At least one Base label absent; no relabelling
CVE-2024-5722,68031,AV|AC|PR|UI|S|C|I|A,missing_labels,expected_exclusion,At least one Base label absent; no relabelling
CVE-2024-5753,68056,AV|AC|PR|UI|S|C|I|A,missing_labels,expected_exclusion,At least one Base label absent; no relabelling
CVE-2024-5801,68101,AV|AC|PR|UI|S|C|I|A,missing_labels,expected_exclusion,At least one Base label absent; no relabelling
CVE-2024-5821,68121,AV|AC|PR|UI|S|C|I|A,missing_labels,expected_exclusion,At least one Base label absent; no relabelling
CVE-2024-5824,68124,AV|AC|PR|UI|S|C|I|A,missing_labels,expected_exclusion,At least one Base label absent; no relabelling
CVE-2024-5826,68126,AV|AC|PR|UI|S|C|I|A,missing_labels,expected_exclusion,At least one Base label absent; no relabelling
CVE-2024-5827,68127,AV|AC|PR|UI|S|C|I|A,missing_labels,expected_exclusion,At least one Base label absent; no relabelling
CVE-2024-5874,68170,AV|AC|PR|UI|S|C|I|A,missing_labels,expected_exclusion,At least one Base label absent; no relabelling
CVE-2024-5875,68171,AV|AC|PR|UI|S|C|I|A,missing_labels,expected_exclusion,At least one Base label absent; no relabelling
CVE-2024-5876,68172,AV|AC|PR|UI|S|C|I|A,missing_labels,expected_exclusion,At least one Base label absent; no relabelling
CVE-2024-5877,68173,AV|AC|PR|UI|S|C|I|A,missing_labels,expected_exclusion,At least one Base label absent; no relabelling
CVE-2024-5912,68203,AV|AC|PR|UI|S|C|I|A,missing_labels,expected_exclusion,At least one Base label absent; no relabelling
CVE-2024-5926,68216,AV|AC|PR|UI|S|C|I|A,missing_labels,expected_exclusion,At least one Base label absent; no relabelling
CVE-2024-5961,68249,AV|AC|PR|UI|S|C|I|A,missing_labels,expected_exclusion,At least one Base label absent; no relabelling
CVE-2024-5979,68265,AV|AC|PR|UI|S|C|I|A,missing_labels,expected_exclusion,At least one Base label absent; no relabelling
CVE-2024-6038,68317,AV|AC|PR|UI|S|C|I|A,missing_labels,expected_exclusion,At least one Base label absent; no relabelling
CVE-2024-6051,68330,AV|AC|PR|UI|S|C|I|A,missing_labels,expected_exclusion,At least one Base label absent; no relabelling
CVE-2024-6060,68339,AV|AC|PR|UI|S|C|I|A,missing_labels,expected_exclusion,At least one Base label absent; no relabelling
CVE-2024-6078,68357,AV|AC|PR|UI|S|C|I|A,missing_labels,expected_exclusion,At least one Base label absent; no relabelling
CVE-2024-6079,68358,AV|AC|PR|UI|S|C|I|A,missing_labels,expected_exclusion,At least one Base label absent; no relabelling
CVE-2024-6085,68363,AV|AC|PR|UI|S|C|I|A,missing_labels,expected_exclusion,At least one Base label absent; no relabelling
CVE-2024-6090,68368,AV|AC|PR|UI|S|C|I|A,missing_labels,expected_exclusion,At least one Base label absent; no relabelling
CVE-2024-6139,68410,AV|AC|PR|UI|S|C|I|A,missing_labels,expected_exclusion,At least one Base label absent; no relabelling
CVE-2024-6160,68428,AV|AC|PR|UI|S|C|I|A,missing_labels,expected_exclusion,At least one Base label absent; no relabelling
CVE-2024-6176,68443,AV|AC|PR|UI|S|C|I|A,missing_labels,expected_exclusion,At least one Base label absent; no relabelling
CVE-2024-6233,68496,AV|AC|PR|UI|S|C|I|A,missing_labels,expected_exclusion,At least one Base label absent; no relabelling
CVE-2024-6242,68504,AV|AC|PR|UI|S|C|I|A,missing_labels,expected_exclusion,At least one Base label absent; no relabelling
CVE-2024-6247,68509,AV|AC|PR|UI|S|C|I|A,missing_labels,expected_exclusion,At least one Base label absent; no relabelling
CVE-2024-6248,68510,AV|AC|PR|UI|S|C|I|A,missing_labels,expected_exclusion,At least one Base label absent; no relabelling
CVE-2024-6249,68511,AV|AC|PR|UI|S|C|I|A,missing_labels,expected_exclusion,At least one Base label absent; no relabelling
CVE-2024-6250,68512,AV|AC|PR|UI|S|C|I|A,missing_labels,expected_exclusion,At least one Base label absent; no relabelling
CVE-2024-6281,68542,AV|AC|PR|UI|S|C|I|A,missing_labels,expected_exclusion,At least one Base label absent; no relabelling
CVE-2024-6345,68603,AV|AC|PR|UI|S|C|I|A,missing_labels,expected_exclusion,At least one Base label absent; no relabelling
CVE-2024-6394,68647,AV|AC|PR|UI|S|C|I|A,missing_labels,expected_exclusion,At least one Base label absent; no relabelling
CVE-2024-6396,68649,AV|AC|PR|UI|S|C|I|A,missing_labels,expected_exclusion,At least one Base label absent; no relabelling
CVE-2024-6406,68657,AV|AC|PR|UI|S|C|I|A,missing_labels,expected_exclusion,At least one Base label absent; no relabelling
CVE-2024-6433,68680,AV|AC|PR|UI|S|C|I|A,missing_labels,expected_exclusion,At least one Base label absent; no relabelling
CVE-2024-6456,68701,AV|AC|PR|UI|S|C|I|A,missing_labels,expected_exclusion,At least one Base label absent; no relabelling
CVE-2024-6527,68763,AV|AC|PR|UI|S|C|I|A,missing_labels,expected_exclusion,At least one Base label absent; no relabelling
CVE-2024-6618,68845,AV|AC|PR|UI|S|C|I|A,missing_labels,expected_exclusion,At least one Base label absent; no relabelling
CVE-2024-6619,68846,AV|AC|PR|UI|S|C|I|A,missing_labels,expected_exclusion,At least one Base label absent; no relabelling
CVE-2024-6654,68878,AV|AC|PR|UI|S|C|I|A,missing_labels,expected_exclusion,At least one Base label absent; no relabelling
CVE-2024-6684,68901,AV|AC|PR|UI|S|C|I|A,missing_labels,expected_exclusion,At least one Base label absent; no relabelling
CVE-2024-6768,68973,AV|AC|PR|UI|S|C|I|A,missing_labels,expected_exclusion,At least one Base label absent; no relabelling
CVE-2024-6878,69059,AV|AC|PR|UI|S|C|I|A,missing_labels,expected_exclusion,At least one Base label absent; no relabelling
CVE-2024-6886,69065,AV|AC|PR|UI|S|C|I|A,missing_labels,expected_exclusion,At least one Base label absent; no relabelling
CVE-2024-6895,69074,AV|AC|PR|UI|S|C|I|A,missing_labels,expected_exclusion,At least one Base label absent; no relabelling
CVE-2024-6908,69087,AV|AC|PR|UI|S|C|I|A,missing_labels,expected_exclusion,At least one Base label absent; no relabelling
CVE-2024-6922,69099,AV|AC|PR|UI|S|C|I|A,missing_labels,expected_exclusion,At least one Base label absent; no relabelling
CVE-2024-6983,69158,AV|AC|PR|UI|S|C|I|A,missing_labels,expected_exclusion,At least one Base label absent; no relabelling
CVE-2024-7041,69203,AV|AC|PR|UI|S|C|I|A,missing_labels,expected_exclusion,At least one Base label absent; no relabelling
CVE-2024-7050,69208,AV|AC|PR|UI|S|C|I|A,missing_labels,expected_exclusion,At least one Base label absent; no relabelling
CVE-2024-7093,69237,AV|AC|PR|UI|S|C|I|A,missing_labels,expected_exclusion,At least one Base label absent; no relabelling
CVE-2024-7099,69240,AV|AC|PR|UI|S|C|I|A,missing_labels,expected_exclusion,At least one Base label absent; no relabelling
CVE-2024-7113,69250,AV|AC|PR|UI|S|C|I|A,missing_labels,expected_exclusion,At least one Base label absent; no relabelling
CVE-2024-7124,69261,AV|AC|PR|UI|S|C|I|A,missing_labels,expected_exclusion,At least one Base label absent; no relabelling
CVE-2024-7205,69336,AV|AC|PR|UI|S|C|I|A,missing_labels,expected_exclusion,At least one Base label absent; no relabelling
CVE-2024-7206,69337,AV|AC|PR|UI|S|C|I|A,missing_labels,expected_exclusion,At least one Base label absent; no relabelling
CVE-2024-7395,69516,AV|AC|PR|UI|S|C|I|A,missing_labels,expected_exclusion,At least one Base label absent; no relabelling
CVE-2024-7396,69517,AV|AC|PR|UI|S|C|I|A,missing_labels,expected_exclusion,At least one Base label absent; no relabelling
CVE-2024-7397,69518,AV|AC|PR|UI|S|C|I|A,missing_labels,expected_exclusion,At least one Base label absent; no relabelling
CVE-2024-7400,69521,AV|AC|PR|UI|S|C|I|A,missing_labels,expected_exclusion,At least one Base label absent; no relabelling
CVE-2024-7409,69525,AV|AC|PR|UI|S|C|I|A,missing_labels,expected_exclusion,At least one Base label absent; no relabelling
CVE-2024-7427,69541,AV|AC|PR|UI|S|C|I|A,missing_labels,expected_exclusion,At least one Base label absent; no relabelling
CVE-2024-7428,69542,AV|AC|PR|UI|S|C|I|A,missing_labels,expected_exclusion,At least one Base label absent; no relabelling
CVE-2024-7567,69665,AV|AC|PR|UI|S|C|I|A,missing_labels,expected_exclusion,At least one Base label absent; no relabelling
CVE-2024-7735,69816,AV|AC|PR|UI|S|C|I|A,missing_labels,expected_exclusion,At least one Base label absent; no relabelling
CVE-2024-7785,69852,AV|AC|PR|UI|S|C|I|A,missing_labels,expected_exclusion,At least one Base label absent; no relabelling
CVE-2024-7787,69854,AV|AC|PR|UI|S|C|I|A,missing_labels,expected_exclusion,At least one Base label absent; no relabelling
CVE-2024-7835,69894,AV|AC|PR|UI|S|C|I|A,missing_labels,expected_exclusion,At least one Base label absent; no relabelling
CVE-2024-7873,69931,AV|AC|PR|UI|S|C|I|A,missing_labels,expected_exclusion,At least one Base label absent; no relabelling
CVE-2024-7874,69932,AV|AC|PR|UI|S|C|I|A,missing_labels,expected_exclusion,At least one Base label absent; no relabelling
CVE-2024-7875,69933,AV|AC|PR|UI|S|C|I|A,missing_labels,expected_exclusion,At least one Base label absent; no relabelling
CVE-2024-8067,70084,AV|AC|PR|UI|S|C|I|A,missing_labels,expected_exclusion,At least one Base label absent; no relabelling
CVE-2024-8074,70091,AV|AC|PR|UI|S|C|I|A,missing_labels,expected_exclusion,At least one Base label absent; no relabelling
CVE-2024-8088,70103,AV|AC|PR|UI|S|C|I|A,missing_labels,expected_exclusion,At least one Base label absent; no relabelling
CVE-2024-8097,70109,AV|AC|PR|UI|S|C|I|A,missing_labels,expected_exclusion,At least one Base label absent; no relabelling
CVE-2024-8118,70123,AV|AC|PR|UI|S|C|I|A,missing_labels,expected_exclusion,At least one Base label absent; no relabelling
CVE-2024-8256,70238,AV|AC|PR|UI|S|C|I|A,missing_labels,expected_exclusion,At least one Base label absent; no relabelling
CVE-2024-8424,70377,AV|AC|PR|UI|S|C|I|A,missing_labels,expected_exclusion,At least one Base label absent; no relabelling
CVE-2024-8525,70458,AV|AC|PR|UI|S|C|I|A,missing_labels,expected_exclusion,At least one Base label absent; no relabelling
CVE-2024-8526,70459,AV|AC|PR|UI|S|C|I|A,missing_labels,expected_exclusion,At least one Base label absent; no relabelling
CVE-2024-8602,70525,AV|AC|PR|UI|S|C|I|A,missing_labels,expected_exclusion,At least one Base label absent; no relabelling
CVE-2024-8689,70594,AV|AC|PR|UI|S|C|I|A,missing_labels,expected_exclusion,At least one Base label absent; no relabelling
CVE-2024-8766,70656,AV|AC|PR|UI|S|C|I|A,missing_labels,expected_exclusion,At least one Base label absent; no relabelling
CVE-2024-8767,70657,AV|AC|PR|UI|S|C|I|A,missing_labels,expected_exclusion,At least one Base label absent; no relabelling
CVE-2024-8781,70668,AV|AC|PR|UI|S|C|I|A,missing_labels,expected_exclusion,At least one Base label absent; no relabelling
CVE-2024-8894,70771,AV|AC|PR|UI|S|C|I|A,missing_labels,expected_exclusion,At least one Base label absent; no relabelling
CVE-2024-8903,70778,AV|AC|PR|UI|S|C|I|A,missing_labels,expected_exclusion,At least one Base label absent; no relabelling
CVE-2024-8986,70847,AV|AC|PR|UI|S|C|I|A,missing_labels,expected_exclusion,At least one Base label absent; no relabelling
CVE-2024-9005,70860,AV|AC|PR|UI|S|C|I|A,missing_labels,expected_exclusion,At least one Base label absent; no relabelling
CVE-2024-9044,70890,AV|AC|PR|UI|S|C|I|A,missing_labels,expected_exclusion,At least one Base label absent; no relabelling
CVE-2024-9101,70935,AV|AC|PR|UI|S|C|I|A,missing_labels,expected_exclusion,At least one Base label absent; no relabelling
CVE-2024-9102,70936,AV|AC|PR|UI|S|C|I|A,missing_labels,expected_exclusion,At least one Base label absent; no relabelling
CVE-2024-9129,70959,AV|AC|PR|UI|S|C|I|A,missing_labels,expected_exclusion,At least one Base label absent; no relabelling
CVE-2024-9145,70967,AV|AC|PR|UI|S|C|I|A,missing_labels,expected_exclusion,At least one Base label absent; no relabelling
CVE-2024-9154,70971,AV|AC|PR|UI|S|C|I|A,missing_labels,expected_exclusion,At least one Base label absent; no relabelling
CVE-2024-9160,70975,AV|AC|PR|UI|S|C|I|A,missing_labels,expected_exclusion,At least one Base label absent; no relabelling
CVE-2024-9166,70980,AV|AC|PR|UI|S|C|I|A,missing_labels,expected_exclusion,At least one Base label absent; no relabelling
CVE-2024-9286,71076,AV|AC|PR|UI|S|C|I|A,missing_labels,expected_exclusion,At least one Base label absent; no relabelling
CVE-2024-9333,71114,AV|AC|PR|UI|S|C|I|A,missing_labels,expected_exclusion,At least one Base label absent; no relabelling
CVE-2024-9348,71120,AV|AC|PR|UI|S|C|I|A,missing_labels,expected_exclusion,At least one Base label absent; no relabelling
CVE-2024-9412,71175,AV|AC|PR|UI|S|C|I|A,missing_labels,expected_exclusion,At least one Base label absent; no relabelling
CVE-2024-9414,71177,AV|AC|PR|UI|S|C|I|A,missing_labels,expected_exclusion,At least one Base label absent; no relabelling
CVE-2024-9470,71219,AV|AC|PR|UI|S|C|I|A,missing_labels,expected_exclusion,At least one Base label absent; no relabelling
CVE-2024-9472,71221,AV|AC|PR|UI|S|C|I|A,missing_labels,expected_exclusion,At least one Base label absent; no relabelling
CVE-2024-9476,71225,AV|AC|PR|UI|S|C|I|A,missing_labels,expected_exclusion,At least one Base label absent; no relabelling
CVE-2024-9478,71227,AV|AC|PR|UI|S|C|I|A,missing_labels,expected_exclusion,At least one Base label absent; no relabelling
CVE-2024-9479,71228,AV|AC|PR|UI|S|C|I|A,missing_labels,expected_exclusion,At least one Base label absent; no relabelling
CVE-2024-9575,71300,AV|AC|PR|UI|S|C|I|A,missing_labels,expected_exclusion,At least one Base label absent; no relabelling
CVE-2024-9692,71385,AV|AC|PR|UI|S|C|I|A,missing_labels,expected_exclusion,At least one Base label absent; no relabelling
CVE-2024-9774,71456,AV|AC|PR|UI|S|C|I|A,missing_labels,expected_exclusion,At least one Base label absent; no relabelling
CVE-2024-9991,71648,AV|AC|PR|UI|S|C|I|A,missing_labels,expected_exclusion,At least one Base label absent; no relabelling
CVE-2023-32030,21061,description,description_cross_split,risk,"Normalized exact match; sha256=c5208ec0aa3fbf8c83a4b000e1e9c683a377a02debb7925a56b8b564b883c9e7; splits=test,train,validation; target_variants=1"
CVE-2023-38180,25828,description,description_cross_split,risk,"Normalized exact match; sha256=c5208ec0aa3fbf8c83a4b000e1e9c683a377a02debb7925a56b8b564b883c9e7; splits=test,train,validation; target_variants=1"
CVE-2024-21392,43551,description,description_cross_split,risk,"Normalized exact match; sha256=c5208ec0aa3fbf8c83a4b000e1e9c683a377a02debb7925a56b8b564b883c9e7; splits=test,train,validation; target_variants=1"
CVE-2024-30105,49966,description,description_cross_split,risk,"Normalized exact match; sha256=c5208ec0aa3fbf8c83a4b000e1e9c683a377a02debb7925a56b8b564b883c9e7; splits=test,train,validation; target_variants=1"
CVE-2024-38095,56022,description,description_cross_split,risk,"Normalized exact match; sha256=c5208ec0aa3fbf8c83a4b000e1e9c683a377a02debb7925a56b8b564b883c9e7; splits=test,train,validation; target_variants=1"
CVE-2024-38168,56098,description,description_cross_split,risk,"Normalized exact match; sha256=c5208ec0aa3fbf8c83a4b000e1e9c683a377a02debb7925a56b8b564b883c9e7; splits=test,train,validation; target_variants=1"
CVE-2024-43485,59875,description,description_cross_split,risk,"Normalized exact match; sha256=c5208ec0aa3fbf8c83a4b000e1e9c683a377a02debb7925a56b8b564b883c9e7; splits=test,train,validation; target_variants=1"
CVE-2024-43499,59886,description,description_cross_split,risk,"Normalized exact match; sha256=c5208ec0aa3fbf8c83a4b000e1e9c683a377a02debb7925a56b8b564b883c9e7; splits=test,train,validation; target_variants=1"
CVE-2023-21808,12969,description,description_cross_split,risk,"Normalized exact match; sha256=074b02d22dcef690df279f8ddc64a48c3a2d0ffb324f62bc19f62aa2cc278159; splits=test,train,validation; target_variants=5"
CVE-2023-33126,22117,description,description_cross_split,risk,"Normalized exact match; sha256=074b02d22dcef690df279f8ddc64a48c3a2d0ffb324f62bc19f62aa2cc278159; splits=test,train,validation; target_variants=5"
CVE-2023-33128,22119,description,description_cross_split,risk,"Normalized exact match; sha256=074b02d22dcef690df279f8ddc64a48c3a2d0ffb324f62bc19f62aa2cc278159; splits=test,train,validation; target_variants=5"
CVE-2023-35390,23741,description,description_cross_split,risk,"Normalized exact match; sha256=074b02d22dcef690df279f8ddc64a48c3a2d0ffb324f62bc19f62aa2cc278159; splits=test,train,validation; target_variants=5"
CVE-2024-30045,49900,description,description_cross_split,risk,"Normalized exact match; sha256=074b02d22dcef690df279f8ddc64a48c3a2d0ffb324f62bc19f62aa2cc278159; splits=test,train,validation; target_variants=5"
CVE-2024-35264,53838,description,description_cross_split,risk,"Normalized exact match; sha256=074b02d22dcef690df279f8ddc64a48c3a2d0ffb324f62bc19f62aa2cc278159; splits=test,train,validation; target_variants=5"
CVE-2024-38229,56160,description,description_cross_split,risk,"Normalized exact match; sha256=074b02d22dcef690df279f8ddc64a48c3a2d0ffb324f62bc19f62aa2cc278159; splits=test,train,validation; target_variants=5"
CVE-2024-43498,59885,description,description_cross_split,risk,"Normalized exact match; sha256=074b02d22dcef690df279f8ddc64a48c3a2d0ffb324f62bc19f62aa2cc278159; splits=test,train,validation; target_variants=5"
CVE-2023-21538,12691,description,description_cross_split,risk,"Normalized exact match; sha256=ea2ab2fa3f11304b7440c8c23e3d3f21691a73774cb82079291a18e3740e25f4; splits=train,validation; target_variants=1"
CVE-2024-20672,42819,description,description_cross_split,risk,"Normalized exact match; sha256=ea2ab2fa3f11304b7440c8c23e3d3f21691a73774cb82079291a18e3740e25f4; splits=train,validation; target_variants=1"
CVE-2024-21386,43544,description,description_cross_split,risk,"Normalized exact match; sha256=ea2ab2fa3f11304b7440c8c23e3d3f21691a73774cb82079291a18e3740e25f4; splits=train,validation; target_variants=1"
CVE-2024-21404,43564,description,description_cross_split,risk,"Normalized exact match; sha256=ea2ab2fa3f11304b7440c8c23e3d3f21691a73774cb82079291a18e3740e25f4; splits=train,validation; target_variants=1"
CVE-2023-21722,12879,description,description_cross_split,risk,"Normalized exact match; sha256=47d33dcde855453c8e7a19fcd73551df1fae155f3619fd4510aa93c5d679b95e; splits=train,validation; target_variants=2"
CVE-2024-21312,43464,description,description_cross_split,risk,"Normalized exact match; sha256=47d33dcde855453c8e7a19fcd73551df1fae155f3619fd4510aa93c5d679b95e; splits=train,validation; target_variants=2"
CVE-2023-29331,19217,description,description_cross_split,risk,"Normalized exact match; sha256=9b9370963998e51dcfe53bade01f170367a485b340115e362e02fd9f973e588b; splits=test,train; target_variants=1"
CVE-2024-43483,59873,description,description_cross_split,risk,"Normalized exact match; sha256=9b9370963998e51dcfe53bade01f170367a485b340115e362e02fd9f973e588b; splits=test,train; target_variants=1"
CVE-2024-43484,59874,description,description_cross_split,risk,"Normalized exact match; sha256=9b9370963998e51dcfe53bade01f170367a485b340115e362e02fd9f973e588b; splits=test,train; target_variants=1"
CVE-2023-24936,15508,description,description_cross_split,risk,"Normalized exact match; sha256=fe4857f1eaf9caced76fdeb7aaf77d6785fb3be079a3b20c68e5bc14b1c87acd; splits=test,train; target_variants=3"
CVE-2023-36049,24173,description,description_cross_split,risk,"Normalized exact match; sha256=fe4857f1eaf9caced76fdeb7aaf77d6785fb3be079a3b20c68e5bc14b1c87acd; splits=test,train; target_variants=3"
CVE-2024-38081,56008,description,description_cross_split,risk,"Normalized exact match; sha256=fe4857f1eaf9caced76fdeb7aaf77d6785fb3be079a3b20c68e5bc14b1c87acd; splits=test,train; target_variants=3"
CVE-2023-24895,15468,description,description_cross_split,risk,"Normalized exact match; sha256=7dd9d47d16c496c9d4fd1f15f13d3b20eee318cf0435dfc89ebe7d7bb14754a2; splits=train,validation; target_variants=2"
CVE-2023-24897,15470,description,description_cross_split,risk,"Normalized exact match; sha256=7dd9d47d16c496c9d4fd1f15f13d3b20eee318cf0435dfc89ebe7d7bb14754a2; splits=train,validation; target_variants=2"
CVE-2024-21409,43569,description,description_cross_split,risk,"Normalized exact match; sha256=7dd9d47d16c496c9d4fd1f15f13d3b20eee318cf0435dfc89ebe7d7bb14754a2; splits=train,validation; target_variants=2"
CVE-2024-23121,44763,description,description_cross_split,risk,"Normalized exact match; sha256=744ab6835d00075a399d956e008df16b49c79f879ea2cbf75a03c3dc982e9a6b; splits=test,validation; target_variants=1"
CVE-2024-8596,70519,description,description_cross_split,risk,"Normalized exact match; sha256=744ab6835d00075a399d956e008df16b49c79f879ea2cbf75a03c3dc982e9a6b; splits=test,validation; target_variants=1"
CVE-2023-40455,27698,description,description_cross_split,risk,"Normalized exact match; sha256=2226fc8c5e1642e4c01a22ab864a5541d1c1622a03007b62ec166d0148aeb178; splits=test,train; target_variants=2"
CVE-2023-42918,29599,description,description_cross_split,risk,"Normalized exact match; sha256=2226fc8c5e1642e4c01a22ab864a5541d1c1622a03007b62ec166d0148aeb178; splits=test,train; target_variants=2"
CVE-2024-23279,44917,description,description_cross_split,risk,"Normalized exact match; sha256=e24a8e92999f93da24f81bef013335f505a9b6f54d312c9a01b32ceac17deefb; splits=test,validation; target_variants=2"
CVE-2024-27809,48321,description,description_cross_split,risk,"Normalized exact match; sha256=e24a8e92999f93da24f81bef013335f505a9b6f54d312c9a01b32ceac17deefb; splits=test,validation; target_variants=2"
CVE-2023-52090,35900,description,description_cross_split,risk,"Normalized exact match; sha256=0a210c880e97564abab30d3c022841d2d8408c1062b45c94f674ba8c30c31249; splits=test,validation; target_variants=1"
CVE-2023-52092,35902,description,description_cross_split,risk,"Normalized exact match; sha256=0a210c880e97564abab30d3c022841d2d8408c1062b45c94f674ba8c30c31249; splits=test,validation; target_variants=1"
CVE-2024-36305,54707,description,description_cross_split,risk,"Normalized exact match; sha256=0a210c880e97564abab30d3c022841d2d8408c1062b45c94f674ba8c30c31249; splits=test,validation; target_variants=1"
CVE-2024-55632,67435,description,description_cross_split,risk,"Normalized exact match; sha256=0a210c880e97564abab30d3c022841d2d8408c1062b45c94f674ba8c30c31249; splits=test,validation; target_variants=1"
CVE-2023-25596,16047,description,description_cross_split,risk,"Normalized exact match; sha256=751d7472c240f03869569d9409ab2d1ce031d99a3e6669dd4d7a5bc6032707e6; splits=test,train; target_variants=1"
CVE-2024-41916,58657,description,description_cross_split,risk,"Normalized exact match; sha256=751d7472c240f03869569d9409ab2d1ce031d99a3e6669dd4d7a5bc6032707e6; splits=test,train; target_variants=1"
CVE-2024-20368,42608,description,description_cross_split,risk,"Normalized exact match; sha256=e22c083436743cb6e552a695aee8d61321f88f4c106d74b1ac3236ae23a1d4fc; splits=test,validation; target_variants=1"
CVE-2024-20486,42727,description,description_cross_split,risk,"Normalized exact match; sha256=e22c083436743cb6e552a695aee8d61321f88f4c106d74b1ac3236ae23a1d4fc; splits=test,validation; target_variants=1"
CVE-2023-43507,29905,description,description_cross_split,risk,"Normalized exact match; sha256=efe82751014835a8c7e935b110ae0c7872748fb26ff63ca787b5d58e4d9f3895; splits=test,train; target_variants=1"
CVE-2024-41915,58656,description,description_cross_split,risk,"Normalized exact match; sha256=efe82751014835a8c7e935b110ae0c7872748fb26ff63ca787b5d58e4d9f3895; splits=test,train; target_variants=1"
CVE-2023-48443,33354,description,description_cross_split,risk,"Normalized exact match; sha256=daa98ca2b9c1c25ed3906b90ad8900ff7f86820436f429debdf5b0a9630a2557; splits=train,validation; target_variants=1"
CVE-2023-48447,33358,description,description_cross_split,risk,"Normalized exact match; sha256=daa98ca2b9c1c25ed3906b90ad8900ff7f86820436f429debdf5b0a9630a2557; splits=train,validation; target_variants=1"
CVE-2023-48448,33359,description,description_cross_split,risk,"Normalized exact match; sha256=daa98ca2b9c1c25ed3906b90ad8900ff7f86820436f429debdf5b0a9630a2557; splits=train,validation; target_variants=1"
CVE-2023-48455,33367,description,description_cross_split,risk,"Normalized exact match; sha256=daa98ca2b9c1c25ed3906b90ad8900ff7f86820436f429debdf5b0a9630a2557; splits=train,validation; target_variants=1"
CVE-2023-48497,33413,description,description_cross_split,risk,"Normalized exact match; sha256=daa98ca2b9c1c25ed3906b90ad8900ff7f86820436f429debdf5b0a9630a2557; splits=train,validation; target_variants=1"
CVE-2023-48498,33414,description,description_cross_split,risk,"Normalized exact match; sha256=daa98ca2b9c1c25ed3906b90ad8900ff7f86820436f429debdf5b0a9630a2557; splits=train,validation; target_variants=1"
CVE-2023-48499,33415,description,description_cross_split,risk,"Normalized exact match; sha256=daa98ca2b9c1c25ed3906b90ad8900ff7f86820436f429debdf5b0a9630a2557; splits=train,validation; target_variants=1"
CVE-2023-48500,33417,description,description_cross_split,risk,"Normalized exact match; sha256=daa98ca2b9c1c25ed3906b90ad8900ff7f86820436f429debdf5b0a9630a2557; splits=train,validation; target_variants=1"
CVE-2023-48526,33445,description,description_cross_split,risk,"Normalized exact match; sha256=daa98ca2b9c1c25ed3906b90ad8900ff7f86820436f429debdf5b0a9630a2557; splits=train,validation; target_variants=1"
CVE-2023-48601,33527,description,description_cross_split,risk,"Normalized exact match; sha256=daa98ca2b9c1c25ed3906b90ad8900ff7f86820436f429debdf5b0a9630a2557; splits=train,validation; target_variants=1"
CVE-2023-48607,33533,description,description_cross_split,risk,"Normalized exact match; sha256=daa98ca2b9c1c25ed3906b90ad8900ff7f86820436f429debdf5b0a9630a2557; splits=train,validation; target_variants=1"
CVE-2023-48621,33549,description,description_cross_split,risk,"Normalized exact match; sha256=daa98ca2b9c1c25ed3906b90ad8900ff7f86820436f429debdf5b0a9630a2557; splits=train,validation; target_variants=1"
CVE-2023-48623,33551,description,description_cross_split,risk,"Normalized exact match; sha256=daa98ca2b9c1c25ed3906b90ad8900ff7f86820436f429debdf5b0a9630a2557; splits=train,validation; target_variants=1"
CVE-2023-51459,35421,description,description_cross_split,risk,"Normalized exact match; sha256=daa98ca2b9c1c25ed3906b90ad8900ff7f86820436f429debdf5b0a9630a2557; splits=train,validation; target_variants=1"
CVE-2023-51462,35425,description,description_cross_split,risk,"Normalized exact match; sha256=daa98ca2b9c1c25ed3906b90ad8900ff7f86820436f429debdf5b0a9630a2557; splits=train,validation; target_variants=1"
CVE-2023-51463,35426,description,description_cross_split,risk,"Normalized exact match; sha256=daa98ca2b9c1c25ed3906b90ad8900ff7f86820436f429debdf5b0a9630a2557; splits=train,validation; target_variants=1"
CVE-2023-47064,32379,description,description_cross_split,risk,"Normalized exact match; sha256=d65c240a1b79b602bba0986e3976d3d68ca4e07e7e79de5d9fdd987496b2395a; splits=train,validation; target_variants=1"
CVE-2023-48440,33351,description,description_cross_split,risk,"Normalized exact match; sha256=d65c240a1b79b602bba0986e3976d3d68ca4e07e7e79de5d9fdd987496b2395a; splits=train,validation; target_variants=1"
CVE-2023-48442,33353,description,description_cross_split,risk,"Normalized exact match; sha256=d65c240a1b79b602bba0986e3976d3d68ca4e07e7e79de5d9fdd987496b2395a; splits=train,validation; target_variants=1"
CVE-2023-48444,33355,description,description_cross_split,risk,"Normalized exact match; sha256=d65c240a1b79b602bba0986e3976d3d68ca4e07e7e79de5d9fdd987496b2395a; splits=train,validation; target_variants=1"
CVE-2023-48481,33396,description,description_cross_split,risk,"Normalized exact match; sha256=d65c240a1b79b602bba0986e3976d3d68ca4e07e7e79de5d9fdd987496b2395a; splits=train,validation; target_variants=1"
CVE-2023-48501,33418,description,description_cross_split,risk,"Normalized exact match; sha256=d65c240a1b79b602bba0986e3976d3d68ca4e07e7e79de5d9fdd987496b2395a; splits=train,validation; target_variants=1"
CVE-2023-48503,33420,description,description_cross_split,risk,"Normalized exact match; sha256=d65c240a1b79b602bba0986e3976d3d68ca4e07e7e79de5d9fdd987496b2395a; splits=train,validation; target_variants=1"
CVE-2023-48504,33421,description,description_cross_split,risk,"Normalized exact match; sha256=d65c240a1b79b602bba0986e3976d3d68ca4e07e7e79de5d9fdd987496b2395a; splits=train,validation; target_variants=1"
CVE-2023-48505,33422,description,description_cross_split,risk,"Normalized exact match; sha256=d65c240a1b79b602bba0986e3976d3d68ca4e07e7e79de5d9fdd987496b2395a; splits=train,validation; target_variants=1"
CVE-2023-48506,33423,description,description_cross_split,risk,"Normalized exact match; sha256=d65c240a1b79b602bba0986e3976d3d68ca4e07e7e79de5d9fdd987496b2395a; splits=train,validation; target_variants=1"
CVE-2023-48507,33424,description,description_cross_split,risk,"Normalized exact match; sha256=d65c240a1b79b602bba0986e3976d3d68ca4e07e7e79de5d9fdd987496b2395a; splits=train,validation; target_variants=1"
CVE-2023-48508,33425,description,description_cross_split,risk,"Normalized exact match; sha256=d65c240a1b79b602bba0986e3976d3d68ca4e07e7e79de5d9fdd987496b2395a; splits=train,validation; target_variants=1"
CVE-2023-48511,33429,description,description_cross_split,risk,"Normalized exact match; sha256=d65c240a1b79b602bba0986e3976d3d68ca4e07e7e79de5d9fdd987496b2395a; splits=train,validation; target_variants=1"
CVE-2023-48512,33430,description,description_cross_split,risk,"Normalized exact match; sha256=d65c240a1b79b602bba0986e3976d3d68ca4e07e7e79de5d9fdd987496b2395a; splits=train,validation; target_variants=1"
CVE-2023-48513,33431,description,description_cross_split,risk,"Normalized exact match; sha256=d65c240a1b79b602bba0986e3976d3d68ca4e07e7e79de5d9fdd987496b2395a; splits=train,validation; target_variants=1"
CVE-2023-48514,33432,description,description_cross_split,risk,"Normalized exact match; sha256=d65c240a1b79b602bba0986e3976d3d68ca4e07e7e79de5d9fdd987496b2395a; splits=train,validation; target_variants=1"
CVE-2023-48515,33433,description,description_cross_split,risk,"Normalized exact match; sha256=d65c240a1b79b602bba0986e3976d3d68ca4e07e7e79de5d9fdd987496b2395a; splits=train,validation; target_variants=1"
CVE-2023-48516,33434,description,description_cross_split,risk,"Normalized exact match; sha256=d65c240a1b79b602bba0986e3976d3d68ca4e07e7e79de5d9fdd987496b2395a; splits=train,validation; target_variants=1"
CVE-2023-48517,33435,description,description_cross_split,risk,"Normalized exact match; sha256=d65c240a1b79b602bba0986e3976d3d68ca4e07e7e79de5d9fdd987496b2395a; splits=train,validation; target_variants=1"
CVE-2023-48518,33436,description,description_cross_split,risk,"Normalized exact match; sha256=d65c240a1b79b602bba0986e3976d3d68ca4e07e7e79de5d9fdd987496b2395a; splits=train,validation; target_variants=1"
CVE-2023-48519,33437,description,description_cross_split,risk,"Normalized exact match; sha256=d65c240a1b79b602bba0986e3976d3d68ca4e07e7e79de5d9fdd987496b2395a; splits=train,validation; target_variants=1"
CVE-2023-48520,33439,description,description_cross_split,risk,"Normalized exact match; sha256=d65c240a1b79b602bba0986e3976d3d68ca4e07e7e79de5d9fdd987496b2395a; splits=train,validation; target_variants=1"
CVE-2023-48521,33440,description,description_cross_split,risk,"Normalized exact match; sha256=d65c240a1b79b602bba0986e3976d3d68ca4e07e7e79de5d9fdd987496b2395a; splits=train,validation; target_variants=1"
CVE-2023-48522,33441,description,description_cross_split,risk,"Normalized exact match; sha256=d65c240a1b79b602bba0986e3976d3d68ca4e07e7e79de5d9fdd987496b2395a; splits=train,validation; target_variants=1"
CVE-2023-48523,33442,description,description_cross_split,risk,"Normalized exact match; sha256=d65c240a1b79b602bba0986e3976d3d68ca4e07e7e79de5d9fdd987496b2395a; splits=train,validation; target_variants=1"
CVE-2023-48524,33443,description,description_cross_split,risk,"Normalized exact match; sha256=d65c240a1b79b602bba0986e3976d3d68ca4e07e7e79de5d9fdd987496b2395a; splits=train,validation; target_variants=1"
CVE-2023-48527,33446,description,description_cross_split,risk,"Normalized exact match; sha256=d65c240a1b79b602bba0986e3976d3d68ca4e07e7e79de5d9fdd987496b2395a; splits=train,validation; target_variants=1"
CVE-2023-48529,33448,description,description_cross_split,risk,"Normalized exact match; sha256=d65c240a1b79b602bba0986e3976d3d68ca4e07e7e79de5d9fdd987496b2395a; splits=train,validation; target_variants=1"
CVE-2023-48530,33450,description,description_cross_split,risk,"Normalized exact match; sha256=d65c240a1b79b602bba0986e3976d3d68ca4e07e7e79de5d9fdd987496b2395a; splits=train,validation; target_variants=1"
CVE-2023-48531,33451,description,description_cross_split,risk,"Normalized exact match; sha256=d65c240a1b79b602bba0986e3976d3d68ca4e07e7e79de5d9fdd987496b2395a; splits=train,validation; target_variants=1"
CVE-2023-48533,33453,description,description_cross_split,risk,"Normalized exact match; sha256=d65c240a1b79b602bba0986e3976d3d68ca4e07e7e79de5d9fdd987496b2395a; splits=train,validation; target_variants=1"
CVE-2023-48534,33454,description,description_cross_split,risk,"Normalized exact match; sha256=d65c240a1b79b602bba0986e3976d3d68ca4e07e7e79de5d9fdd987496b2395a; splits=train,validation; target_variants=1"
CVE-2023-48537,33457,description,description_cross_split,risk,"Normalized exact match; sha256=d65c240a1b79b602bba0986e3976d3d68ca4e07e7e79de5d9fdd987496b2395a; splits=train,validation; target_variants=1"
CVE-2023-48538,33458,description,description_cross_split,risk,"Normalized exact match; sha256=d65c240a1b79b602bba0986e3976d3d68ca4e07e7e79de5d9fdd987496b2395a; splits=train,validation; target_variants=1"
CVE-2023-48540,33460,description,description_cross_split,risk,"Normalized exact match; sha256=d65c240a1b79b602bba0986e3976d3d68ca4e07e7e79de5d9fdd987496b2395a; splits=train,validation; target_variants=1"
CVE-2023-48542,33462,description,description_cross_split,risk,"Normalized exact match; sha256=d65c240a1b79b602bba0986e3976d3d68ca4e07e7e79de5d9fdd987496b2395a; splits=train,validation; target_variants=1"
CVE-2023-48543,33463,description,description_cross_split,risk,"Normalized exact match; sha256=d65c240a1b79b602bba0986e3976d3d68ca4e07e7e79de5d9fdd987496b2395a; splits=train,validation; target_variants=1"
CVE-2023-48544,33464,description,description_cross_split,risk,"Normalized exact match; sha256=d65c240a1b79b602bba0986e3976d3d68ca4e07e7e79de5d9fdd987496b2395a; splits=train,validation; target_variants=1"
CVE-2023-48545,33465,description,description_cross_split,risk,"Normalized exact match; sha256=d65c240a1b79b602bba0986e3976d3d68ca4e07e7e79de5d9fdd987496b2395a; splits=train,validation; target_variants=1"
CVE-2023-48546,33466,description,description_cross_split,risk,"Normalized exact match; sha256=d65c240a1b79b602bba0986e3976d3d68ca4e07e7e79de5d9fdd987496b2395a; splits=train,validation; target_variants=1"
CVE-2023-48547,33467,description,description_cross_split,risk,"Normalized exact match; sha256=d65c240a1b79b602bba0986e3976d3d68ca4e07e7e79de5d9fdd987496b2395a; splits=train,validation; target_variants=1"
CVE-2023-48548,33468,description,description_cross_split,risk,"Normalized exact match; sha256=d65c240a1b79b602bba0986e3976d3d68ca4e07e7e79de5d9fdd987496b2395a; splits=train,validation; target_variants=1"
CVE-2023-48549,33469,description,description_cross_split,risk,"Normalized exact match; sha256=d65c240a1b79b602bba0986e3976d3d68ca4e07e7e79de5d9fdd987496b2395a; splits=train,validation; target_variants=1"
CVE-2023-48550,33471,description,description_cross_split,risk,"Normalized exact match; sha256=d65c240a1b79b602bba0986e3976d3d68ca4e07e7e79de5d9fdd987496b2395a; splits=train,validation; target_variants=1"
CVE-2023-48551,33472,description,description_cross_split,risk,"Normalized exact match; sha256=d65c240a1b79b602bba0986e3976d3d68ca4e07e7e79de5d9fdd987496b2395a; splits=train,validation; target_variants=1"
CVE-2023-48552,33473,description,description_cross_split,risk,"Normalized exact match; sha256=d65c240a1b79b602bba0986e3976d3d68ca4e07e7e79de5d9fdd987496b2395a; splits=train,validation; target_variants=1"
CVE-2023-48553,33474,description,description_cross_split,risk,"Normalized exact match; sha256=d65c240a1b79b602bba0986e3976d3d68ca4e07e7e79de5d9fdd987496b2395a; splits=train,validation; target_variants=1"
CVE-2023-48554,33475,description,description_cross_split,risk,"Normalized exact match; sha256=d65c240a1b79b602bba0986e3976d3d68ca4e07e7e79de5d9fdd987496b2395a; splits=train,validation; target_variants=1"
CVE-2023-48555,33476,description,description_cross_split,risk,"Normalized exact match; sha256=d65c240a1b79b602bba0986e3976d3d68ca4e07e7e79de5d9fdd987496b2395a; splits=train,validation; target_variants=1"
CVE-2023-48557,33478,description,description_cross_split,risk,"Normalized exact match; sha256=d65c240a1b79b602bba0986e3976d3d68ca4e07e7e79de5d9fdd987496b2395a; splits=train,validation; target_variants=1"
CVE-2023-48558,33479,description,description_cross_split,risk,"Normalized exact match; sha256=d65c240a1b79b602bba0986e3976d3d68ca4e07e7e79de5d9fdd987496b2395a; splits=train,validation; target_variants=1"
CVE-2023-48559,33480,description,description_cross_split,risk,"Normalized exact match; sha256=d65c240a1b79b602bba0986e3976d3d68ca4e07e7e79de5d9fdd987496b2395a; splits=train,validation; target_variants=1"
CVE-2023-48560,33482,description,description_cross_split,risk,"Normalized exact match; sha256=d65c240a1b79b602bba0986e3976d3d68ca4e07e7e79de5d9fdd987496b2395a; splits=train,validation; target_variants=1"
CVE-2023-48561,33483,description,description_cross_split,risk,"Normalized exact match; sha256=d65c240a1b79b602bba0986e3976d3d68ca4e07e7e79de5d9fdd987496b2395a; splits=train,validation; target_variants=1"
CVE-2023-48562,33484,description,description_cross_split,risk,"Normalized exact match; sha256=d65c240a1b79b602bba0986e3976d3d68ca4e07e7e79de5d9fdd987496b2395a; splits=train,validation; target_variants=1"
CVE-2023-48563,33485,description,description_cross_split,risk,"Normalized exact match; sha256=d65c240a1b79b602bba0986e3976d3d68ca4e07e7e79de5d9fdd987496b2395a; splits=train,validation; target_variants=1"
CVE-2023-48564,33486,description,description_cross_split,risk,"Normalized exact match; sha256=d65c240a1b79b602bba0986e3976d3d68ca4e07e7e79de5d9fdd987496b2395a; splits=train,validation; target_variants=1"
CVE-2023-48569,33491,description,description_cross_split,risk,"Normalized exact match; sha256=d65c240a1b79b602bba0986e3976d3d68ca4e07e7e79de5d9fdd987496b2395a; splits=train,validation; target_variants=1"
CVE-2023-48570,33493,description,description_cross_split,risk,"Normalized exact match; sha256=d65c240a1b79b602bba0986e3976d3d68ca4e07e7e79de5d9fdd987496b2395a; splits=train,validation; target_variants=1"
CVE-2023-48571,33494,description,description_cross_split,risk,"Normalized exact match; sha256=d65c240a1b79b602bba0986e3976d3d68ca4e07e7e79de5d9fdd987496b2395a; splits=train,validation; target_variants=1"
CVE-2023-48572,33495,description,description_cross_split,risk,"Normalized exact match; sha256=d65c240a1b79b602bba0986e3976d3d68ca4e07e7e79de5d9fdd987496b2395a; splits=train,validation; target_variants=1"
CVE-2023-48573,33496,description,description_cross_split,risk,"Normalized exact match; sha256=d65c240a1b79b602bba0986e3976d3d68ca4e07e7e79de5d9fdd987496b2395a; splits=train,validation; target_variants=1"
CVE-2023-48574,33497,description,description_cross_split,risk,"Normalized exact match; sha256=d65c240a1b79b602bba0986e3976d3d68ca4e07e7e79de5d9fdd987496b2395a; splits=train,validation; target_variants=1"
CVE-2023-48575,33498,description,description_cross_split,risk,"Normalized exact match; sha256=d65c240a1b79b602bba0986e3976d3d68ca4e07e7e79de5d9fdd987496b2395a; splits=train,validation; target_variants=1"
CVE-2023-48576,33499,description,description_cross_split,risk,"Normalized exact match; sha256=d65c240a1b79b602bba0986e3976d3d68ca4e07e7e79de5d9fdd987496b2395a; splits=train,validation; target_variants=1"
CVE-2023-48577,33500,description,description_cross_split,risk,"Normalized exact match; sha256=d65c240a1b79b602bba0986e3976d3d68ca4e07e7e79de5d9fdd987496b2395a; splits=train,validation; target_variants=1"
CVE-2023-48578,33501,description,description_cross_split,risk,"Normalized exact match; sha256=d65c240a1b79b602bba0986e3976d3d68ca4e07e7e79de5d9fdd987496b2395a; splits=train,validation; target_variants=1"
CVE-2023-48579,33502,description,description_cross_split,risk,"Normalized exact match; sha256=d65c240a1b79b602bba0986e3976d3d68ca4e07e7e79de5d9fdd987496b2395a; splits=train,validation; target_variants=1"
CVE-2023-48580,33504,description,description_cross_split,risk,"Normalized exact match; sha256=d65c240a1b79b602bba0986e3976d3d68ca4e07e7e79de5d9fdd987496b2395a; splits=train,validation; target_variants=1"
CVE-2023-48581,33505,description,description_cross_split,risk,"Normalized exact match; sha256=d65c240a1b79b602bba0986e3976d3d68ca4e07e7e79de5d9fdd987496b2395a; splits=train,validation; target_variants=1"
CVE-2023-48582,33506,description,description_cross_split,risk,"Normalized exact match; sha256=d65c240a1b79b602bba0986e3976d3d68ca4e07e7e79de5d9fdd987496b2395a; splits=train,validation; target_variants=1"
CVE-2023-48584,33508,description,description_cross_split,risk,"Normalized exact match; sha256=d65c240a1b79b602bba0986e3976d3d68ca4e07e7e79de5d9fdd987496b2395a; splits=train,validation; target_variants=1"
CVE-2023-48585,33509,description,description_cross_split,risk,"Normalized exact match; sha256=d65c240a1b79b602bba0986e3976d3d68ca4e07e7e79de5d9fdd987496b2395a; splits=train,validation; target_variants=1"
CVE-2023-48586,33510,description,description_cross_split,risk,"Normalized exact match; sha256=d65c240a1b79b602bba0986e3976d3d68ca4e07e7e79de5d9fdd987496b2395a; splits=train,validation; target_variants=1"
CVE-2023-48588,33512,description,description_cross_split,risk,"Normalized exact match; sha256=d65c240a1b79b602bba0986e3976d3d68ca4e07e7e79de5d9fdd987496b2395a; splits=train,validation; target_variants=1"
CVE-2023-48592,33517,description,description_cross_split,risk,"Normalized exact match; sha256=d65c240a1b79b602bba0986e3976d3d68ca4e07e7e79de5d9fdd987496b2395a; splits=train,validation; target_variants=1"
CVE-2023-48593,33518,description,description_cross_split,risk,"Normalized exact match; sha256=d65c240a1b79b602bba0986e3976d3d68ca4e07e7e79de5d9fdd987496b2395a; splits=train,validation; target_variants=1"
CVE-2023-48594,33519,description,description_cross_split,risk,"Normalized exact match; sha256=d65c240a1b79b602bba0986e3976d3d68ca4e07e7e79de5d9fdd987496b2395a; splits=train,validation; target_variants=1"
CVE-2023-48595,33520,description,description_cross_split,risk,"Normalized exact match; sha256=d65c240a1b79b602bba0986e3976d3d68ca4e07e7e79de5d9fdd987496b2395a; splits=train,validation; target_variants=1"
CVE-2023-48596,33521,description,description_cross_split,risk,"Normalized exact match; sha256=d65c240a1b79b602bba0986e3976d3d68ca4e07e7e79de5d9fdd987496b2395a; splits=train,validation; target_variants=1"
CVE-2023-48597,33522,description,description_cross_split,risk,"Normalized exact match; sha256=d65c240a1b79b602bba0986e3976d3d68ca4e07e7e79de5d9fdd987496b2395a; splits=train,validation; target_variants=1"
CVE-2023-48598,33523,description,description_cross_split,risk,"Normalized exact match; sha256=d65c240a1b79b602bba0986e3976d3d68ca4e07e7e79de5d9fdd987496b2395a; splits=train,validation; target_variants=1"
CVE-2023-48600,33526,description,description_cross_split,risk,"Normalized exact match; sha256=d65c240a1b79b602bba0986e3976d3d68ca4e07e7e79de5d9fdd987496b2395a; splits=train,validation; target_variants=1"
CVE-2023-48602,33528,description,description_cross_split,risk,"Normalized exact match; sha256=d65c240a1b79b602bba0986e3976d3d68ca4e07e7e79de5d9fdd987496b2395a; splits=train,validation; target_variants=1"
CVE-2023-48603,33529,description,description_cross_split,risk,"Normalized exact match; sha256=d65c240a1b79b602bba0986e3976d3d68ca4e07e7e79de5d9fdd987496b2395a; splits=train,validation; target_variants=1"
CVE-2023-48604,33530,description,description_cross_split,risk,"Normalized exact match; sha256=d65c240a1b79b602bba0986e3976d3d68ca4e07e7e79de5d9fdd987496b2395a; splits=train,validation; target_variants=1"
CVE-2023-48613,33540,description,description_cross_split,risk,"Normalized exact match; sha256=d65c240a1b79b602bba0986e3976d3d68ca4e07e7e79de5d9fdd987496b2395a; splits=train,validation; target_variants=1"
CVE-2023-48615,33542,description,description_cross_split,risk,"Normalized exact match; sha256=d65c240a1b79b602bba0986e3976d3d68ca4e07e7e79de5d9fdd987496b2395a; splits=train,validation; target_variants=1"
CVE-2023-48616,33543,description,description_cross_split,risk,"Normalized exact match; sha256=d65c240a1b79b602bba0986e3976d3d68ca4e07e7e79de5d9fdd987496b2395a; splits=train,validation; target_variants=1"
CVE-2023-48619,33546,description,description_cross_split,risk,"Normalized exact match; sha256=d65c240a1b79b602bba0986e3976d3d68ca4e07e7e79de5d9fdd987496b2395a; splits=train,validation; target_variants=1"
CVE-2023-48620,33548,description,description_cross_split,risk,"Normalized exact match; sha256=d65c240a1b79b602bba0986e3976d3d68ca4e07e7e79de5d9fdd987496b2395a; splits=train,validation; target_variants=1"
CVE-2023-48622,33550,description,description_cross_split,risk,"Normalized exact match; sha256=d65c240a1b79b602bba0986e3976d3d68ca4e07e7e79de5d9fdd987496b2395a; splits=train,validation; target_variants=1"
CVE-2023-48624,33552,description,description_cross_split,risk,"Normalized exact match; sha256=d65c240a1b79b602bba0986e3976d3d68ca4e07e7e79de5d9fdd987496b2395a; splits=train,validation; target_variants=1"
CVE-2023-51457,35419,description,description_cross_split,risk,"Normalized exact match; sha256=d65c240a1b79b602bba0986e3976d3d68ca4e07e7e79de5d9fdd987496b2395a; splits=train,validation; target_variants=1"
CVE-2023-51458,35420,description,description_cross_split,risk,"Normalized exact match; sha256=d65c240a1b79b602bba0986e3976d3d68ca4e07e7e79de5d9fdd987496b2395a; splits=train,validation; target_variants=1"
CVE-2023-51460,35423,description,description_cross_split,risk,"Normalized exact match; sha256=d65c240a1b79b602bba0986e3976d3d68ca4e07e7e79de5d9fdd987496b2395a; splits=train,validation; target_variants=1"
CVE-2023-51461,35424,description,description_cross_split,risk,"Normalized exact match; sha256=d65c240a1b79b602bba0986e3976d3d68ca4e07e7e79de5d9fdd987496b2395a; splits=train,validation; target_variants=1"
CVE-2023-51464,35427,description,description_cross_split,risk,"Normalized exact match; sha256=d65c240a1b79b602bba0986e3976d3d68ca4e07e7e79de5d9fdd987496b2395a; splits=train,validation; target_variants=1"
CVE-2024-20760,42907,description,description_cross_split,risk,"Normalized exact match; sha256=d54edbd8981835cde2d15b93fb10ecdceec65255572a954db2109a0d1581c832; splits=test,validation; target_variants=1"
CVE-2024-20768,42915,description,description_cross_split,risk,"Normalized exact match; sha256=d54edbd8981835cde2d15b93fb10ecdceec65255572a954db2109a0d1581c832; splits=test,validation; target_variants=1"
CVE-2024-20778,42921,description,description_cross_split,risk,"Normalized exact match; sha256=d54edbd8981835cde2d15b93fb10ecdceec65255572a954db2109a0d1581c832; splits=test,validation; target_variants=1"
CVE-2024-20779,42922,description,description_cross_split,risk,"Normalized exact match; sha256=d54edbd8981835cde2d15b93fb10ecdceec65255572a954db2109a0d1581c832; splits=test,validation; target_variants=1"
CVE-2024-20780,42924,description,description_cross_split,risk,"Normalized exact match; sha256=d54edbd8981835cde2d15b93fb10ecdceec65255572a954db2109a0d1581c832; splits=test,validation; target_variants=1"
CVE-2024-20799,42942,description,description_cross_split,risk,"Normalized exact match; sha256=d54edbd8981835cde2d15b93fb10ecdceec65255572a954db2109a0d1581c832; splits=test,validation; target_variants=1"
CVE-2024-26028,46839,description,description_cross_split,risk,"Normalized exact match; sha256=d54edbd8981835cde2d15b93fb10ecdceec65255572a954db2109a0d1581c832; splits=test,validation; target_variants=1"
CVE-2024-26030,46842,description,description_cross_split,risk,"Normalized exact match; sha256=d54edbd8981835cde2d15b93fb10ecdceec65255572a954db2109a0d1581c832; splits=test,validation; target_variants=1"
CVE-2024-26031,46843,description,description_cross_split,risk,"Normalized exact match; sha256=d54edbd8981835cde2d15b93fb10ecdceec65255572a954db2109a0d1581c832; splits=test,validation; target_variants=1"
CVE-2024-26033,46845,description,description_cross_split,risk,"Normalized exact match; sha256=d54edbd8981835cde2d15b93fb10ecdceec65255572a954db2109a0d1581c832; splits=test,validation; target_variants=1"
CVE-2024-26034,46846,description,description_cross_split,risk,"Normalized exact match; sha256=d54edbd8981835cde2d15b93fb10ecdceec65255572a954db2109a0d1581c832; splits=test,validation; target_variants=1"
CVE-2024-26035,46847,description,description_cross_split,risk,"Normalized exact match; sha256=d54edbd8981835cde2d15b93fb10ecdceec65255572a954db2109a0d1581c832; splits=test,validation; target_variants=1"
CVE-2024-26038,46850,description,description_cross_split,risk,"Normalized exact match; sha256=d54edbd8981835cde2d15b93fb10ecdceec65255572a954db2109a0d1581c832; splits=test,validation; target_variants=1"
CVE-2024-26040,46853,description,description_cross_split,risk,"Normalized exact match; sha256=d54edbd8981835cde2d15b93fb10ecdceec65255572a954db2109a0d1581c832; splits=test,validation; target_variants=1"
CVE-2024-26041,46854,description,description_cross_split,risk,"Normalized exact match; sha256=d54edbd8981835cde2d15b93fb10ecdceec65255572a954db2109a0d1581c832; splits=test,validation; target_variants=1"
CVE-2024-26043,46856,description,description_cross_split,risk,"Normalized exact match; sha256=d54edbd8981835cde2d15b93fb10ecdceec65255572a954db2109a0d1581c832; splits=test,validation; target_variants=1"
CVE-2024-26045,46858,description,description_cross_split,risk,"Normalized exact match; sha256=d54edbd8981835cde2d15b93fb10ecdceec65255572a954db2109a0d1581c832; splits=test,validation; target_variants=1"
CVE-2024-26046,46859,description,description_cross_split,risk,"Normalized exact match; sha256=d54edbd8981835cde2d15b93fb10ecdceec65255572a954db2109a0d1581c832; splits=test,validation; target_variants=1"
CVE-2024-26047,46860,description,description_cross_split,risk,"Normalized exact match; sha256=d54edbd8981835cde2d15b93fb10ecdceec65255572a954db2109a0d1581c832; splits=test,validation; target_variants=1"
CVE-2024-26051,46864,description,description_cross_split,risk,"Normalized exact match; sha256=d54edbd8981835cde2d15b93fb10ecdceec65255572a954db2109a0d1581c832; splits=test,validation; target_variants=1"
CVE-2024-26052,46865,description,description_cross_split,risk,"Normalized exact match; sha256=d54edbd8981835cde2d15b93fb10ecdceec65255572a954db2109a0d1581c832; splits=test,validation; target_variants=1"
CVE-2024-26056,46869,description,description_cross_split,risk,"Normalized exact match; sha256=d54edbd8981835cde2d15b93fb10ecdceec65255572a954db2109a0d1581c832; splits=test,validation; target_variants=1"
CVE-2024-26059,46872,description,description_cross_split,risk,"Normalized exact match; sha256=d54edbd8981835cde2d15b93fb10ecdceec65255572a954db2109a0d1581c832; splits=test,validation; target_variants=1"
CVE-2024-26061,46875,description,description_cross_split,risk,"Normalized exact match; sha256=d54edbd8981835cde2d15b93fb10ecdceec65255572a954db2109a0d1581c832; splits=test,validation; target_variants=1"
CVE-2024-26062,46876,description,description_cross_split,risk,"Normalized exact match; sha256=d54edbd8981835cde2d15b93fb10ecdceec65255572a954db2109a0d1581c832; splits=test,validation; target_variants=1"
CVE-2024-26065,46879,description,description_cross_split,risk,"Normalized exact match; sha256=d54edbd8981835cde2d15b93fb10ecdceec65255572a954db2109a0d1581c832; splits=test,validation; target_variants=1"
CVE-2024-26067,46881,description,description_cross_split,risk,"Normalized exact match; sha256=d54edbd8981835cde2d15b93fb10ecdceec65255572a954db2109a0d1581c832; splits=test,validation; target_variants=1"
CVE-2024-26069,46883,description,description_cross_split,risk,"Normalized exact match; sha256=d54edbd8981835cde2d15b93fb10ecdceec65255572a954db2109a0d1581c832; splits=test,validation; target_variants=1"
CVE-2024-26073,46888,description,description_cross_split,risk,"Normalized exact match; sha256=d54edbd8981835cde2d15b93fb10ecdceec65255572a954db2109a0d1581c832; splits=test,validation; target_variants=1"
CVE-2024-26076,46891,description,description_cross_split,risk,"Normalized exact match; sha256=d54edbd8981835cde2d15b93fb10ecdceec65255572a954db2109a0d1581c832; splits=test,validation; target_variants=1"
CVE-2024-26079,46894,description,description_cross_split,risk,"Normalized exact match; sha256=d54edbd8981835cde2d15b93fb10ecdceec65255572a954db2109a0d1581c832; splits=test,validation; target_variants=1"
CVE-2024-26084,46900,description,description_cross_split,risk,"Normalized exact match; sha256=d54edbd8981835cde2d15b93fb10ecdceec65255572a954db2109a0d1581c832; splits=test,validation; target_variants=1"
CVE-2024-26087,46903,description,description_cross_split,risk,"Normalized exact match; sha256=d54edbd8981835cde2d15b93fb10ecdceec65255572a954db2109a0d1581c832; splits=test,validation; target_variants=1"
CVE-2024-26094,46911,description,description_cross_split,risk,"Normalized exact match; sha256=d54edbd8981835cde2d15b93fb10ecdceec65255572a954db2109a0d1581c832; splits=test,validation; target_variants=1"
CVE-2024-26096,46913,description,description_cross_split,risk,"Normalized exact match; sha256=d54edbd8981835cde2d15b93fb10ecdceec65255572a954db2109a0d1581c832; splits=test,validation; target_variants=1"
CVE-2024-26097,46914,description,description_cross_split,risk,"Normalized exact match; sha256=d54edbd8981835cde2d15b93fb10ecdceec65255572a954db2109a0d1581c832; splits=test,validation; target_variants=1"
CVE-2024-26098,46915,description,description_cross_split,risk,"Normalized exact match; sha256=d54edbd8981835cde2d15b93fb10ecdceec65255572a954db2109a0d1581c832; splits=test,validation; target_variants=1"
CVE-2024-26120,46935,description,description_cross_split,risk,"Normalized exact match; sha256=d54edbd8981835cde2d15b93fb10ecdceec65255572a954db2109a0d1581c832; splits=test,validation; target_variants=1"
CVE-2024-26122,46937,description,description_cross_split,risk,"Normalized exact match; sha256=d54edbd8981835cde2d15b93fb10ecdceec65255572a954db2109a0d1581c832; splits=test,validation; target_variants=1"
CVE-2024-26124,46939,description,description_cross_split,risk,"Normalized exact match; sha256=d54edbd8981835cde2d15b93fb10ecdceec65255572a954db2109a0d1581c832; splits=test,validation; target_variants=1"
CVE-2024-26125,46940,description,description_cross_split,risk,"Normalized exact match; sha256=d54edbd8981835cde2d15b93fb10ecdceec65255572a954db2109a0d1581c832; splits=test,validation; target_variants=1"
CVE-2024-41877,58626,description,description_cross_split,risk,"Normalized exact match; sha256=d54edbd8981835cde2d15b93fb10ecdceec65255572a954db2109a0d1581c832; splits=test,validation; target_variants=1"
CVE-2024-26086,46902,description,description_cross_split,risk,"Normalized exact match; sha256=783b1e2c71020687d90230922d0062508870ef037a1814c0d326a449be7c8b03; splits=test,validation; target_variants=1"
CVE-2024-26093,46910,description,description_cross_split,risk,"Normalized exact match; sha256=783b1e2c71020687d90230922d0062508870ef037a1814c0d326a449be7c8b03; splits=test,validation; target_variants=1"
CVE-2024-26111,46926,description,description_cross_split,risk,"Normalized exact match; sha256=783b1e2c71020687d90230922d0062508870ef037a1814c0d326a449be7c8b03; splits=test,validation; target_variants=1"
CVE-2024-26113,46927,description,description_cross_split,risk,"Normalized exact match; sha256=783b1e2c71020687d90230922d0062508870ef037a1814c0d326a449be7c8b03; splits=test,validation; target_variants=1"
CVE-2024-26114,46928,description,description_cross_split,risk,"Normalized exact match; sha256=783b1e2c71020687d90230922d0062508870ef037a1814c0d326a449be7c8b03; splits=test,validation; target_variants=1"
CVE-2024-26115,46929,description,description_cross_split,risk,"Normalized exact match; sha256=783b1e2c71020687d90230922d0062508870ef037a1814c0d326a449be7c8b03; splits=test,validation; target_variants=1"
CVE-2024-26116,46930,description,description_cross_split,risk,"Normalized exact match; sha256=783b1e2c71020687d90230922d0062508870ef037a1814c0d326a449be7c8b03; splits=test,validation; target_variants=1"
CVE-2024-26117,46931,description,description_cross_split,risk,"Normalized exact match; sha256=783b1e2c71020687d90230922d0062508870ef037a1814c0d326a449be7c8b03; splits=test,validation; target_variants=1"
CVE-2024-36206,54624,description,description_cross_split,risk,"Normalized exact match; sha256=783b1e2c71020687d90230922d0062508870ef037a1814c0d326a449be7c8b03; splits=test,validation; target_variants=1"
CVE-2024-36210,54629,description,description_cross_split,risk,"Normalized exact match; sha256=783b1e2c71020687d90230922d0062508870ef037a1814c0d326a449be7c8b03; splits=test,validation; target_variants=1"
CVE-2024-41841,58588,description,description_cross_split,risk,"Normalized exact match; sha256=783b1e2c71020687d90230922d0062508870ef037a1814c0d326a449be7c8b03; splits=test,validation; target_variants=1"
CVE-2024-41847,58594,description,description_cross_split,risk,"Normalized exact match; sha256=783b1e2c71020687d90230922d0062508870ef037a1814c0d326a449be7c8b03; splits=test,validation; target_variants=1"
CVE-2024-41848,58595,description,description_cross_split,risk,"Normalized exact match; sha256=783b1e2c71020687d90230922d0062508870ef037a1814c0d326a449be7c8b03; splits=test,validation; target_variants=1"
CVE-2024-41876,58625,description,description_cross_split,risk,"Normalized exact match; sha256=783b1e2c71020687d90230922d0062508870ef037a1814c0d326a449be7c8b03; splits=test,validation; target_variants=1"
CVE-2024-34128,53020,description,description_cross_split,risk,"Normalized exact match; sha256=013281cd389f90c7d8413786163012f2a65ca00f99d7036effd2e3d91ad71c65; splits=test,validation; target_variants=1"
CVE-2024-34141,53033,description,description_cross_split,risk,"Normalized exact match; sha256=013281cd389f90c7d8413786163012f2a65ca00f99d7036effd2e3d91ad71c65; splits=test,validation; target_variants=1"
CVE-2024-34142,53034,description,description_cross_split,risk,"Normalized exact match; sha256=013281cd389f90c7d8413786163012f2a65ca00f99d7036effd2e3d91ad71c65; splits=test,validation; target_variants=1"
CVE-2024-36141,54554,description,description_cross_split,risk,"Normalized exact match; sha256=013281cd389f90c7d8413786163012f2a65ca00f99d7036effd2e3d91ad71c65; splits=test,validation; target_variants=1"
CVE-2024-36148,54560,description,description_cross_split,risk,"Normalized exact match; sha256=013281cd389f90c7d8413786163012f2a65ca00f99d7036effd2e3d91ad71c65; splits=test,validation; target_variants=1"
CVE-2024-45153,61055,description,description_cross_split,risk,"Normalized exact match; sha256=013281cd389f90c7d8413786163012f2a65ca00f99d7036effd2e3d91ad71c65; splits=test,validation; target_variants=1"
CVE-2024-20769,42916,description,description_cross_split,risk,"Normalized exact match; sha256=ed9e9e24a3ea65a0323c453ed38e9eb5014c7e8971f3facef6914c9d86eb7dcd; splits=test,validation; target_variants=2"
CVE-2024-20784,42928,description,description_cross_split,risk,"Normalized exact match; sha256=ed9e9e24a3ea65a0323c453ed38e9eb5014c7e8971f3facef6914c9d86eb7dcd; splits=test,validation; target_variants=2"
CVE-2024-26036,46848,description,description_cross_split,risk,"Normalized exact match; sha256=ed9e9e24a3ea65a0323c453ed38e9eb5014c7e8971f3facef6914c9d86eb7dcd; splits=test,validation; target_variants=2"
CVE-2024-26054,46867,description,description_cross_split,risk,"Normalized exact match; sha256=ed9e9e24a3ea65a0323c453ed38e9eb5014c7e8971f3facef6914c9d86eb7dcd; splits=test,validation; target_variants=2"
CVE-2024-26060,46874,description,description_cross_split,risk,"Normalized exact match; sha256=ed9e9e24a3ea65a0323c453ed38e9eb5014c7e8971f3facef6914c9d86eb7dcd; splits=test,validation; target_variants=2"
CVE-2024-26066,46880,description,description_cross_split,risk,"Normalized exact match; sha256=ed9e9e24a3ea65a0323c453ed38e9eb5014c7e8971f3facef6914c9d86eb7dcd; splits=test,validation; target_variants=2"
CVE-2024-26068,46882,description,description_cross_split,risk,"Normalized exact match; sha256=ed9e9e24a3ea65a0323c453ed38e9eb5014c7e8971f3facef6914c9d86eb7dcd; splits=test,validation; target_variants=2"
CVE-2024-26070,46885,description,description_cross_split,risk,"Normalized exact match; sha256=ed9e9e24a3ea65a0323c453ed38e9eb5014c7e8971f3facef6914c9d86eb7dcd; splits=test,validation; target_variants=2"
CVE-2024-26071,46886,description,description_cross_split,risk,"Normalized exact match; sha256=ed9e9e24a3ea65a0323c453ed38e9eb5014c7e8971f3facef6914c9d86eb7dcd; splits=test,validation; target_variants=2"
CVE-2024-26074,46889,description,description_cross_split,risk,"Normalized exact match; sha256=ed9e9e24a3ea65a0323c453ed38e9eb5014c7e8971f3facef6914c9d86eb7dcd; splits=test,validation; target_variants=2"
CVE-2024-26075,46890,description,description_cross_split,risk,"Normalized exact match; sha256=ed9e9e24a3ea65a0323c453ed38e9eb5014c7e8971f3facef6914c9d86eb7dcd; splits=test,validation; target_variants=2"
CVE-2024-26077,46892,description,description_cross_split,risk,"Normalized exact match; sha256=ed9e9e24a3ea65a0323c453ed38e9eb5014c7e8971f3facef6914c9d86eb7dcd; splits=test,validation; target_variants=2"
CVE-2024-26078,46893,description,description_cross_split,risk,"Normalized exact match; sha256=ed9e9e24a3ea65a0323c453ed38e9eb5014c7e8971f3facef6914c9d86eb7dcd; splits=test,validation; target_variants=2"
CVE-2024-26081,46897,description,description_cross_split,risk,"Normalized exact match; sha256=ed9e9e24a3ea65a0323c453ed38e9eb5014c7e8971f3facef6914c9d86eb7dcd; splits=test,validation; target_variants=2"
CVE-2024-26082,46898,description,description_cross_split,risk,"Normalized exact match; sha256=ed9e9e24a3ea65a0323c453ed38e9eb5014c7e8971f3facef6914c9d86eb7dcd; splits=test,validation; target_variants=2"
CVE-2024-26083,46899,description,description_cross_split,risk,"Normalized exact match; sha256=ed9e9e24a3ea65a0323c453ed38e9eb5014c7e8971f3facef6914c9d86eb7dcd; splits=test,validation; target_variants=2"
CVE-2024-26085,46901,description,description_cross_split,risk,"Normalized exact match; sha256=ed9e9e24a3ea65a0323c453ed38e9eb5014c7e8971f3facef6914c9d86eb7dcd; splits=test,validation; target_variants=2"
CVE-2024-26088,46904,description,description_cross_split,risk,"Normalized exact match; sha256=ed9e9e24a3ea65a0323c453ed38e9eb5014c7e8971f3facef6914c9d86eb7dcd; splits=test,validation; target_variants=2"
CVE-2024-26092,46909,description,description_cross_split,risk,"Normalized exact match; sha256=ed9e9e24a3ea65a0323c453ed38e9eb5014c7e8971f3facef6914c9d86eb7dcd; splits=test,validation; target_variants=2"
CVE-2024-26095,46912,description,description_cross_split,risk,"Normalized exact match; sha256=ed9e9e24a3ea65a0323c453ed38e9eb5014c7e8971f3facef6914c9d86eb7dcd; splits=test,validation; target_variants=2"
CVE-2024-26110,46925,description,description_cross_split,risk,"Normalized exact match; sha256=ed9e9e24a3ea65a0323c453ed38e9eb5014c7e8971f3facef6914c9d86eb7dcd; splits=test,validation; target_variants=2"
CVE-2024-26121,46936,description,description_cross_split,risk,"Normalized exact match; sha256=ed9e9e24a3ea65a0323c453ed38e9eb5014c7e8971f3facef6914c9d86eb7dcd; splits=test,validation; target_variants=2"
CVE-2024-26123,46938,description,description_cross_split,risk,"Normalized exact match; sha256=ed9e9e24a3ea65a0323c453ed38e9eb5014c7e8971f3facef6914c9d86eb7dcd; splits=test,validation; target_variants=2"
CVE-2024-34119,53010,description,description_cross_split,risk,"Normalized exact match; sha256=ed9e9e24a3ea65a0323c453ed38e9eb5014c7e8971f3facef6914c9d86eb7dcd; splits=test,validation; target_variants=2"
CVE-2024-34120,53012,description,description_cross_split,risk,"Normalized exact match; sha256=ed9e9e24a3ea65a0323c453ed38e9eb5014c7e8971f3facef6914c9d86eb7dcd; splits=test,validation; target_variants=2"
CVE-2024-36142,54555,description,description_cross_split,risk,"Normalized exact match; sha256=ed9e9e24a3ea65a0323c453ed38e9eb5014c7e8971f3facef6914c9d86eb7dcd; splits=test,validation; target_variants=2"
CVE-2024-36143,54556,description,description_cross_split,risk,"Normalized exact match; sha256=ed9e9e24a3ea65a0323c453ed38e9eb5014c7e8971f3facef6914c9d86eb7dcd; splits=test,validation; target_variants=2"
CVE-2024-36144,54557,description,description_cross_split,risk,"Normalized exact match; sha256=ed9e9e24a3ea65a0323c453ed38e9eb5014c7e8971f3facef6914c9d86eb7dcd; splits=test,validation; target_variants=2"
CVE-2024-36146,54558,description,description_cross_split,risk,"Normalized exact match; sha256=ed9e9e24a3ea65a0323c453ed38e9eb5014c7e8971f3facef6914c9d86eb7dcd; splits=test,validation; target_variants=2"
CVE-2024-36147,54559,description,description_cross_split,risk,"Normalized exact match; sha256=ed9e9e24a3ea65a0323c453ed38e9eb5014c7e8971f3facef6914c9d86eb7dcd; splits=test,validation; target_variants=2"
CVE-2024-36149,54561,description,description_cross_split,risk,"Normalized exact match; sha256=ed9e9e24a3ea65a0323c453ed38e9eb5014c7e8971f3facef6914c9d86eb7dcd; splits=test,validation; target_variants=2"
CVE-2024-36150,54563,description,description_cross_split,risk,"Normalized exact match; sha256=ed9e9e24a3ea65a0323c453ed38e9eb5014c7e8971f3facef6914c9d86eb7dcd; splits=test,validation; target_variants=2"
CVE-2024-36152,54565,description,description_cross_split,risk,"Normalized exact match; sha256=ed9e9e24a3ea65a0323c453ed38e9eb5014c7e8971f3facef6914c9d86eb7dcd; splits=test,validation; target_variants=2"
CVE-2024-36153,54566,description,description_cross_split,risk,"Normalized exact match; sha256=ed9e9e24a3ea65a0323c453ed38e9eb5014c7e8971f3facef6914c9d86eb7dcd; splits=test,validation; target_variants=2"
CVE-2024-36154,54567,description,description_cross_split,risk,"Normalized exact match; sha256=ed9e9e24a3ea65a0323c453ed38e9eb5014c7e8971f3facef6914c9d86eb7dcd; splits=test,validation; target_variants=2"
CVE-2024-36155,54568,description,description_cross_split,risk,"Normalized exact match; sha256=ed9e9e24a3ea65a0323c453ed38e9eb5014c7e8971f3facef6914c9d86eb7dcd; splits=test,validation; target_variants=2"
CVE-2024-36156,54569,description,description_cross_split,risk,"Normalized exact match; sha256=ed9e9e24a3ea65a0323c453ed38e9eb5014c7e8971f3facef6914c9d86eb7dcd; splits=test,validation; target_variants=2"
CVE-2024-36157,54570,description,description_cross_split,risk,"Normalized exact match; sha256=ed9e9e24a3ea65a0323c453ed38e9eb5014c7e8971f3facef6914c9d86eb7dcd; splits=test,validation; target_variants=2"
CVE-2024-36158,54571,description,description_cross_split,risk,"Normalized exact match; sha256=ed9e9e24a3ea65a0323c453ed38e9eb5014c7e8971f3facef6914c9d86eb7dcd; splits=test,validation; target_variants=2"
CVE-2024-36159,54572,description,description_cross_split,risk,"Normalized exact match; sha256=ed9e9e24a3ea65a0323c453ed38e9eb5014c7e8971f3facef6914c9d86eb7dcd; splits=test,validation; target_variants=2"
CVE-2024-36160,54574,description,description_cross_split,risk,"Normalized exact match; sha256=ed9e9e24a3ea65a0323c453ed38e9eb5014c7e8971f3facef6914c9d86eb7dcd; splits=test,validation; target_variants=2"
CVE-2024-36161,54575,description,description_cross_split,risk,"Normalized exact match; sha256=ed9e9e24a3ea65a0323c453ed38e9eb5014c7e8971f3facef6914c9d86eb7dcd; splits=test,validation; target_variants=2"
CVE-2024-36162,54576,description,description_cross_split,risk,"Normalized exact match; sha256=ed9e9e24a3ea65a0323c453ed38e9eb5014c7e8971f3facef6914c9d86eb7dcd; splits=test,validation; target_variants=2"
CVE-2024-36163,54577,description,description_cross_split,risk,"Normalized exact match; sha256=ed9e9e24a3ea65a0323c453ed38e9eb5014c7e8971f3facef6914c9d86eb7dcd; splits=test,validation; target_variants=2"
CVE-2024-36164,54578,description,description_cross_split,risk,"Normalized exact match; sha256=ed9e9e24a3ea65a0323c453ed38e9eb5014c7e8971f3facef6914c9d86eb7dcd; splits=test,validation; target_variants=2"
CVE-2024-36165,54579,description,description_cross_split,risk,"Normalized exact match; sha256=ed9e9e24a3ea65a0323c453ed38e9eb5014c7e8971f3facef6914c9d86eb7dcd; splits=test,validation; target_variants=2"
CVE-2024-36166,54580,description,description_cross_split,risk,"Normalized exact match; sha256=ed9e9e24a3ea65a0323c453ed38e9eb5014c7e8971f3facef6914c9d86eb7dcd; splits=test,validation; target_variants=2"
CVE-2024-36167,54581,description,description_cross_split,risk,"Normalized exact match; sha256=ed9e9e24a3ea65a0323c453ed38e9eb5014c7e8971f3facef6914c9d86eb7dcd; splits=test,validation; target_variants=2"
CVE-2024-36168,54582,description,description_cross_split,risk,"Normalized exact match; sha256=ed9e9e24a3ea65a0323c453ed38e9eb5014c7e8971f3facef6914c9d86eb7dcd; splits=test,validation; target_variants=2"
CVE-2024-36169,54583,description,description_cross_split,risk,"Normalized exact match; sha256=ed9e9e24a3ea65a0323c453ed38e9eb5014c7e8971f3facef6914c9d86eb7dcd; splits=test,validation; target_variants=2"
CVE-2024-36170,54585,description,description_cross_split,risk,"Normalized exact match; sha256=ed9e9e24a3ea65a0323c453ed38e9eb5014c7e8971f3facef6914c9d86eb7dcd; splits=test,validation; target_variants=2"
CVE-2024-36171,54586,description,description_cross_split,risk,"Normalized exact match; sha256=ed9e9e24a3ea65a0323c453ed38e9eb5014c7e8971f3facef6914c9d86eb7dcd; splits=test,validation; target_variants=2"
CVE-2024-36172,54587,description,description_cross_split,risk,"Normalized exact match; sha256=ed9e9e24a3ea65a0323c453ed38e9eb5014c7e8971f3facef6914c9d86eb7dcd; splits=test,validation; target_variants=2"
CVE-2024-36173,54588,description,description_cross_split,risk,"Normalized exact match; sha256=ed9e9e24a3ea65a0323c453ed38e9eb5014c7e8971f3facef6914c9d86eb7dcd; splits=test,validation; target_variants=2"
CVE-2024-36174,54589,description,description_cross_split,risk,"Normalized exact match; sha256=ed9e9e24a3ea65a0323c453ed38e9eb5014c7e8971f3facef6914c9d86eb7dcd; splits=test,validation; target_variants=2"
CVE-2024-36175,54590,description,description_cross_split,risk,"Normalized exact match; sha256=ed9e9e24a3ea65a0323c453ed38e9eb5014c7e8971f3facef6914c9d86eb7dcd; splits=test,validation; target_variants=2"
CVE-2024-36176,54591,description,description_cross_split,risk,"Normalized exact match; sha256=ed9e9e24a3ea65a0323c453ed38e9eb5014c7e8971f3facef6914c9d86eb7dcd; splits=test,validation; target_variants=2"
CVE-2024-36177,54592,description,description_cross_split,risk,"Normalized exact match; sha256=ed9e9e24a3ea65a0323c453ed38e9eb5014c7e8971f3facef6914c9d86eb7dcd; splits=test,validation; target_variants=2"
CVE-2024-36178,54593,description,description_cross_split,risk,"Normalized exact match; sha256=ed9e9e24a3ea65a0323c453ed38e9eb5014c7e8971f3facef6914c9d86eb7dcd; splits=test,validation; target_variants=2"
CVE-2024-36179,54594,description,description_cross_split,risk,"Normalized exact match; sha256=ed9e9e24a3ea65a0323c453ed38e9eb5014c7e8971f3facef6914c9d86eb7dcd; splits=test,validation; target_variants=2"
CVE-2024-36180,54596,description,description_cross_split,risk,"Normalized exact match; sha256=ed9e9e24a3ea65a0323c453ed38e9eb5014c7e8971f3facef6914c9d86eb7dcd; splits=test,validation; target_variants=2"
CVE-2024-36182,54598,description,description_cross_split,risk,"Normalized exact match; sha256=ed9e9e24a3ea65a0323c453ed38e9eb5014c7e8971f3facef6914c9d86eb7dcd; splits=test,validation; target_variants=2"
CVE-2024-36185,54601,description,description_cross_split,risk,"Normalized exact match; sha256=ed9e9e24a3ea65a0323c453ed38e9eb5014c7e8971f3facef6914c9d86eb7dcd; splits=test,validation; target_variants=2"
CVE-2024-36186,54602,description,description_cross_split,risk,"Normalized exact match; sha256=ed9e9e24a3ea65a0323c453ed38e9eb5014c7e8971f3facef6914c9d86eb7dcd; splits=test,validation; target_variants=2"
CVE-2024-36187,54603,description,description_cross_split,risk,"Normalized exact match; sha256=ed9e9e24a3ea65a0323c453ed38e9eb5014c7e8971f3facef6914c9d86eb7dcd; splits=test,validation; target_variants=2"
CVE-2024-36188,54604,description,description_cross_split,risk,"Normalized exact match; sha256=ed9e9e24a3ea65a0323c453ed38e9eb5014c7e8971f3facef6914c9d86eb7dcd; splits=test,validation; target_variants=2"
CVE-2024-36189,54605,description,description_cross_split,risk,"Normalized exact match; sha256=ed9e9e24a3ea65a0323c453ed38e9eb5014c7e8971f3facef6914c9d86eb7dcd; splits=test,validation; target_variants=2"
CVE-2024-36191,54608,description,description_cross_split,risk,"Normalized exact match; sha256=ed9e9e24a3ea65a0323c453ed38e9eb5014c7e8971f3facef6914c9d86eb7dcd; splits=test,validation; target_variants=2"
CVE-2024-36192,54609,description,description_cross_split,risk,"Normalized exact match; sha256=ed9e9e24a3ea65a0323c453ed38e9eb5014c7e8971f3facef6914c9d86eb7dcd; splits=test,validation; target_variants=2"
CVE-2024-36193,54610,description,description_cross_split,risk,"Normalized exact match; sha256=ed9e9e24a3ea65a0323c453ed38e9eb5014c7e8971f3facef6914c9d86eb7dcd; splits=test,validation; target_variants=2"
CVE-2024-36194,54611,description,description_cross_split,risk,"Normalized exact match; sha256=ed9e9e24a3ea65a0323c453ed38e9eb5014c7e8971f3facef6914c9d86eb7dcd; splits=test,validation; target_variants=2"
CVE-2024-36195,54612,description,description_cross_split,risk,"Normalized exact match; sha256=ed9e9e24a3ea65a0323c453ed38e9eb5014c7e8971f3facef6914c9d86eb7dcd; splits=test,validation; target_variants=2"
CVE-2024-36196,54613,description,description_cross_split,risk,"Normalized exact match; sha256=ed9e9e24a3ea65a0323c453ed38e9eb5014c7e8971f3facef6914c9d86eb7dcd; splits=test,validation; target_variants=2"
CVE-2024-36198,54615,description,description_cross_split,risk,"Normalized exact match; sha256=ed9e9e24a3ea65a0323c453ed38e9eb5014c7e8971f3facef6914c9d86eb7dcd; splits=test,validation; target_variants=2"
CVE-2024-36199,54616,description,description_cross_split,risk,"Normalized exact match; sha256=ed9e9e24a3ea65a0323c453ed38e9eb5014c7e8971f3facef6914c9d86eb7dcd; splits=test,validation; target_variants=2"
CVE-2024-36200,54618,description,description_cross_split,risk,"Normalized exact match; sha256=ed9e9e24a3ea65a0323c453ed38e9eb5014c7e8971f3facef6914c9d86eb7dcd; splits=test,validation; target_variants=2"
CVE-2024-36201,54619,description,description_cross_split,risk,"Normalized exact match; sha256=ed9e9e24a3ea65a0323c453ed38e9eb5014c7e8971f3facef6914c9d86eb7dcd; splits=test,validation; target_variants=2"
CVE-2024-36202,54620,description,description_cross_split,risk,"Normalized exact match; sha256=ed9e9e24a3ea65a0323c453ed38e9eb5014c7e8971f3facef6914c9d86eb7dcd; splits=test,validation; target_variants=2"
CVE-2024-36203,54621,description,description_cross_split,risk,"Normalized exact match; sha256=ed9e9e24a3ea65a0323c453ed38e9eb5014c7e8971f3facef6914c9d86eb7dcd; splits=test,validation; target_variants=2"
CVE-2024-36204,54622,description,description_cross_split,risk,"Normalized exact match; sha256=ed9e9e24a3ea65a0323c453ed38e9eb5014c7e8971f3facef6914c9d86eb7dcd; splits=test,validation; target_variants=2"
CVE-2024-36205,54623,description,description_cross_split,risk,"Normalized exact match; sha256=ed9e9e24a3ea65a0323c453ed38e9eb5014c7e8971f3facef6914c9d86eb7dcd; splits=test,validation; target_variants=2"
CVE-2024-36207,54625,description,description_cross_split,risk,"Normalized exact match; sha256=ed9e9e24a3ea65a0323c453ed38e9eb5014c7e8971f3facef6914c9d86eb7dcd; splits=test,validation; target_variants=2"
CVE-2024-36208,54626,description,description_cross_split,risk,"Normalized exact match; sha256=ed9e9e24a3ea65a0323c453ed38e9eb5014c7e8971f3facef6914c9d86eb7dcd; splits=test,validation; target_variants=2"
CVE-2024-36209,54627,description,description_cross_split,risk,"Normalized exact match; sha256=ed9e9e24a3ea65a0323c453ed38e9eb5014c7e8971f3facef6914c9d86eb7dcd; splits=test,validation; target_variants=2"
CVE-2024-36212,54631,description,description_cross_split,risk,"Normalized exact match; sha256=ed9e9e24a3ea65a0323c453ed38e9eb5014c7e8971f3facef6914c9d86eb7dcd; splits=test,validation; target_variants=2"
CVE-2024-36213,54632,description,description_cross_split,risk,"Normalized exact match; sha256=ed9e9e24a3ea65a0323c453ed38e9eb5014c7e8971f3facef6914c9d86eb7dcd; splits=test,validation; target_variants=2"
CVE-2024-36214,54633,description,description_cross_split,risk,"Normalized exact match; sha256=ed9e9e24a3ea65a0323c453ed38e9eb5014c7e8971f3facef6914c9d86eb7dcd; splits=test,validation; target_variants=2"
CVE-2024-36215,54634,description,description_cross_split,risk,"Normalized exact match; sha256=ed9e9e24a3ea65a0323c453ed38e9eb5014c7e8971f3facef6914c9d86eb7dcd; splits=test,validation; target_variants=2"
CVE-2024-36217,54636,description,description_cross_split,risk,"Normalized exact match; sha256=ed9e9e24a3ea65a0323c453ed38e9eb5014c7e8971f3facef6914c9d86eb7dcd; splits=test,validation; target_variants=2"
CVE-2024-36218,54637,description,description_cross_split,risk,"Normalized exact match; sha256=ed9e9e24a3ea65a0323c453ed38e9eb5014c7e8971f3facef6914c9d86eb7dcd; splits=test,validation; target_variants=2"
CVE-2024-36219,54638,description,description_cross_split,risk,"Normalized exact match; sha256=ed9e9e24a3ea65a0323c453ed38e9eb5014c7e8971f3facef6914c9d86eb7dcd; splits=test,validation; target_variants=2"
CVE-2024-36221,54641,description,description_cross_split,risk,"Normalized exact match; sha256=ed9e9e24a3ea65a0323c453ed38e9eb5014c7e8971f3facef6914c9d86eb7dcd; splits=test,validation; target_variants=2"
CVE-2024-36225,54644,description,description_cross_split,risk,"Normalized exact match; sha256=ed9e9e24a3ea65a0323c453ed38e9eb5014c7e8971f3facef6914c9d86eb7dcd; splits=test,validation; target_variants=2"
CVE-2024-36232,54652,description,description_cross_split,risk,"Normalized exact match; sha256=ed9e9e24a3ea65a0323c453ed38e9eb5014c7e8971f3facef6914c9d86eb7dcd; splits=test,validation; target_variants=2"
CVE-2024-41842,58589,description,description_cross_split,risk,"Normalized exact match; sha256=ed9e9e24a3ea65a0323c453ed38e9eb5014c7e8971f3facef6914c9d86eb7dcd; splits=test,validation; target_variants=2"
CVE-2024-41843,58590,description,description_cross_split,risk,"Normalized exact match; sha256=ed9e9e24a3ea65a0323c453ed38e9eb5014c7e8971f3facef6914c9d86eb7dcd; splits=test,validation; target_variants=2"
CVE-2024-41844,58591,description,description_cross_split,risk,"Normalized exact match; sha256=ed9e9e24a3ea65a0323c453ed38e9eb5014c7e8971f3facef6914c9d86eb7dcd; splits=test,validation; target_variants=2"
CVE-2024-41845,58592,description,description_cross_split,risk,"Normalized exact match; sha256=ed9e9e24a3ea65a0323c453ed38e9eb5014c7e8971f3facef6914c9d86eb7dcd; splits=test,validation; target_variants=2"
CVE-2024-41846,58593,description,description_cross_split,risk,"Normalized exact match; sha256=ed9e9e24a3ea65a0323c453ed38e9eb5014c7e8971f3facef6914c9d86eb7dcd; splits=test,validation; target_variants=2"
CVE-2024-41875,58624,description,description_cross_split,risk,"Normalized exact match; sha256=ed9e9e24a3ea65a0323c453ed38e9eb5014c7e8971f3facef6914c9d86eb7dcd; splits=test,validation; target_variants=2"
CVE-2024-49523,63833,description,description_cross_split,risk,"Normalized exact match; sha256=ed9e9e24a3ea65a0323c453ed38e9eb5014c7e8971f3facef6914c9d86eb7dcd; splits=test,validation; target_variants=2"
CVE-2022-38779,5968,description,description_cross_split,risk,"Normalized exact match; sha256=553283d167622286e22ba116955c1873da7bae7076ae47429ab27f7451522a46; splits=train,validation; target_variants=1"
CVE-2024-23442,45037,description,description_cross_split,risk,"Normalized exact match; sha256=553283d167622286e22ba116955c1873da7bae7076ae47429ab27f7451522a46; splits=train,validation; target_variants=1"
CVE-2023-22762,13822,description,description_cross_split,risk,"Normalized exact match; sha256=cace10bc367cdb19fb7ef49754e542fab9d6edf61a5c5f471605e958292cd9ca; splits=train,validation; target_variants=1"
CVE-2023-22763,13823,description,description_cross_split,risk,"Normalized exact match; sha256=cace10bc367cdb19fb7ef49754e542fab9d6edf61a5c5f471605e958292cd9ca; splits=train,validation; target_variants=1"
CVE-2023-22764,13824,description,description_cross_split,risk,"Normalized exact match; sha256=cace10bc367cdb19fb7ef49754e542fab9d6edf61a5c5f471605e958292cd9ca; splits=train,validation; target_variants=1"
CVE-2023-22765,13825,description,description_cross_split,risk,"Normalized exact match; sha256=cace10bc367cdb19fb7ef49754e542fab9d6edf61a5c5f471605e958292cd9ca; splits=train,validation; target_variants=1"
CVE-2023-22766,13826,description,description_cross_split,risk,"Normalized exact match; sha256=cace10bc367cdb19fb7ef49754e542fab9d6edf61a5c5f471605e958292cd9ca; splits=train,validation; target_variants=1"
CVE-2023-22767,13827,description,description_cross_split,risk,"Normalized exact match; sha256=cace10bc367cdb19fb7ef49754e542fab9d6edf61a5c5f471605e958292cd9ca; splits=train,validation; target_variants=1"
CVE-2023-22768,13828,description,description_cross_split,risk,"Normalized exact match; sha256=cace10bc367cdb19fb7ef49754e542fab9d6edf61a5c5f471605e958292cd9ca; splits=train,validation; target_variants=1"
CVE-2023-22769,13829,description,description_cross_split,risk,"Normalized exact match; sha256=cace10bc367cdb19fb7ef49754e542fab9d6edf61a5c5f471605e958292cd9ca; splits=train,validation; target_variants=1"
CVE-2023-22770,13831,description,description_cross_split,risk,"Normalized exact match; sha256=cace10bc367cdb19fb7ef49754e542fab9d6edf61a5c5f471605e958292cd9ca; splits=train,validation; target_variants=1"
CVE-2023-35973,24098,description,description_cross_split,risk,"Normalized exact match; sha256=cace10bc367cdb19fb7ef49754e542fab9d6edf61a5c5f471605e958292cd9ca; splits=train,validation; target_variants=1"
CVE-2023-35974,24099,description,description_cross_split,risk,"Normalized exact match; sha256=cace10bc367cdb19fb7ef49754e542fab9d6edf61a5c5f471605e958292cd9ca; splits=train,validation; target_variants=1"
CVE-2024-1356,41720,description,description_cross_split,risk,"Normalized exact match; sha256=cace10bc367cdb19fb7ef49754e542fab9d6edf61a5c5f471605e958292cd9ca; splits=train,validation; target_variants=1"
CVE-2024-25611,46522,description,description_cross_split,risk,"Normalized exact match; sha256=cace10bc367cdb19fb7ef49754e542fab9d6edf61a5c5f471605e958292cd9ca; splits=train,validation; target_variants=1"
CVE-2024-25612,46523,description,description_cross_split,risk,"Normalized exact match; sha256=cace10bc367cdb19fb7ef49754e542fab9d6edf61a5c5f471605e958292cd9ca; splits=train,validation; target_variants=1"
CVE-2024-25613,46524,description,description_cross_split,risk,"Normalized exact match; sha256=cace10bc367cdb19fb7ef49754e542fab9d6edf61a5c5f471605e958292cd9ca; splits=train,validation; target_variants=1"
CVE-2023-35624,23771,description,description_cross_split,risk,"Normalized exact match; sha256=93588cf6798fdaafc9f8b246bb1b50c963ae96483364470c8e00d318794e1c29; splits=test,train,validation; target_variants=2"
CVE-2024-21329,43481,description,description_cross_split,risk,"Normalized exact match; sha256=93588cf6798fdaafc9f8b246bb1b50c963ae96483364470c8e00d318794e1c29; splits=test,train,validation; target_variants=2"
CVE-2024-38098,56024,description,description_cross_split,risk,"Normalized exact match; sha256=93588cf6798fdaafc9f8b246bb1b50c963ae96483364470c8e00d318794e1c29; splits=test,train,validation; target_variants=2"
CVE-2024-38162,56092,description,description_cross_split,risk,"Normalized exact match; sha256=93588cf6798fdaafc9f8b246bb1b50c963ae96483364470c8e00d318794e1c29; splits=test,train,validation; target_variants=2"
CVE-2024-29993,49844,description,description_cross_split,risk,"Normalized exact match; sha256=d03f2fd34517f555725a7f34713b81dc8d154d31d3c812345945a69c039addbc; splits=test,validation; target_variants=1"
CVE-2024-38092,56019,description,description_cross_split,risk,"Normalized exact match; sha256=d03f2fd34517f555725a7f34713b81dc8d154d31d3c812345945a69c039addbc; splits=test,validation; target_variants=1"
CVE-2023-21553,12706,description,description_cross_split,risk,"Normalized exact match; sha256=14373a34e605cb2270f17a6248b359169b362c649002d92de6c2152bb92f7088; splits=train,validation; target_variants=3"
CVE-2023-33136,22128,description,description_cross_split,risk,"Normalized exact match; sha256=14373a34e605cb2270f17a6248b359169b362c649002d92de6c2152bb92f7088; splits=train,validation; target_variants=3"
CVE-2023-36437,24412,description,description_cross_split,risk,"Normalized exact match; sha256=14373a34e605cb2270f17a6248b359169b362c649002d92de6c2152bb92f7088; splits=train,validation; target_variants=3"
CVE-2023-38155,25805,description,description_cross_split,risk,"Normalized exact match; sha256=14373a34e605cb2270f17a6248b359169b362c649002d92de6c2152bb92f7088; splits=train,validation; target_variants=3"
CVE-2024-20667,42814,description,description_cross_split,risk,"Normalized exact match; sha256=14373a34e605cb2270f17a6248b359169b362c649002d92de6c2152bb92f7088; splits=train,validation; target_variants=3"
CVE-2023-21565,12718,description,description_cross_split,risk,"Normalized exact match; sha256=56b845570f608a357875a041e763c49723864cd84b9b5bb334a8c985b669537c; splits=test,train; target_variants=5"
CVE-2023-21569,12722,description,description_cross_split,risk,"Normalized exact match; sha256=56b845570f608a357875a041e763c49723864cd84b9b5bb334a8c985b669537c; splits=test,train; target_variants=5"
CVE-2023-21751,12908,description,description_cross_split,risk,"Normalized exact match; sha256=56b845570f608a357875a041e763c49723864cd84b9b5bb334a8c985b669537c; splits=test,train; target_variants=5"
CVE-2023-36869,24818,description,description_cross_split,risk,"Normalized exact match; sha256=56b845570f608a357875a041e763c49723864cd84b9b5bb334a8c985b669537c; splits=test,train; target_variants=5"
CVE-2024-35266,53840,description,description_cross_split,risk,"Normalized exact match; sha256=56b845570f608a357875a041e763c49723864cd84b9b5bb334a8c985b669537c; splits=test,train; target_variants=5"
CVE-2024-35267,53841,description,description_cross_split,risk,"Normalized exact match; sha256=56b845570f608a357875a041e763c49723864cd84b9b5bb334a8c985b669537c; splits=test,train; target_variants=5"
CVE-2024-29989,49839,description,description_cross_split,risk,"Normalized exact match; sha256=3c5fc8e08f5b70b843e1e57180a7dc840d39d77d6216fb5d1ed33eca061a2541; splits=test,validation; target_variants=3"
CVE-2024-30060,49917,description,description_cross_split,risk,"Normalized exact match; sha256=3c5fc8e08f5b70b843e1e57180a7dc840d39d77d6216fb5d1ed33eca061a2541; splits=test,validation; target_variants=3"
CVE-2024-35254,53831,description,description_cross_split,risk,"Normalized exact match; sha256=3c5fc8e08f5b70b843e1e57180a7dc840d39d77d6216fb5d1ed33eca061a2541; splits=test,validation; target_variants=3"
CVE-2024-38097,56023,description,description_cross_split,risk,"Normalized exact match; sha256=3c5fc8e08f5b70b843e1e57180a7dc840d39d77d6216fb5d1ed33eca061a2541; splits=test,validation; target_variants=3"
CVE-2023-36737,24691,description,description_cross_split,risk,"Normalized exact match; sha256=56364f9e80de963b1284d8157f24b4e983eff937ee8fb002332e36bcec0560e9; splits=test,train; target_variants=3"
CVE-2024-38188,56118,description,description_cross_split,risk,"Normalized exact match; sha256=56364f9e80de963b1284d8157f24b4e983eff937ee8fb002332e36bcec0560e9; splits=test,train; target_variants=3"
CVE-2024-43470,59862,description,description_cross_split,risk,"Normalized exact match; sha256=56364f9e80de963b1284d8157f24b4e983eff937ee8fb002332e36bcec0560e9; splits=test,train; target_variants=3"
CVE-2024-20679,42826,description,description_cross_split,risk,"Normalized exact match; sha256=883abd50feb8445a8ebd7f86be427b4c254421544812f83e2c33d1e10dc24eeb; splits=test,validation; target_variants=2"
CVE-2024-38108,56035,description,description_cross_split,risk,"Normalized exact match; sha256=883abd50feb8445a8ebd7f86be427b4c254421544812f83e2c33d1e10dc24eeb; splits=test,validation; target_variants=2"
CVE-2023-21563,12716,description,description_cross_split,risk,"Normalized exact match; sha256=49003be58567844cf0cbd880abd3f880e5d14f485e6ce2f4b06a2c5c2dee8558; splits=test,train,validation; target_variants=4"
CVE-2024-20665,42812,description,description_cross_split,risk,"Normalized exact match; sha256=49003be58567844cf0cbd880abd3f880e5d14f485e6ce2f4b06a2c5c2dee8558; splits=test,train,validation; target_variants=4"
CVE-2024-20666,42813,description,description_cross_split,risk,"Normalized exact match; sha256=49003be58567844cf0cbd880abd3f880e5d14f485e6ce2f4b06a2c5c2dee8558; splits=test,train,validation; target_variants=4"
CVE-2024-38058,55983,description,description_cross_split,risk,"Normalized exact match; sha256=49003be58567844cf0cbd880abd3f880e5d14f485e6ce2f4b06a2c5c2dee8558; splits=test,train,validation; target_variants=4"
CVE-2024-43513,59900,description,description_cross_split,risk,"Normalized exact match; sha256=49003be58567844cf0cbd880abd3f880e5d14f485e6ce2f4b06a2c5c2dee8558; splits=test,train,validation; target_variants=4"
CVE-2023-48755,33685,description,description_cross_split,risk,"Normalized exact match; sha256=2a2e4057bf838cc7ca8c77926fdc5178e6fa9547a32a7585a2be754ed4347e37; splits=train,validation; target_variants=1"
CVE-2023-52129,35941,description,description_cross_split,risk,"Normalized exact match; sha256=2a2e4057bf838cc7ca8c77926fdc5178e6fa9547a32a7585a2be754ed4347e37; splits=train,validation; target_variants=1"
CVE-2023-35638,23783,description,description_cross_split,risk,"Normalized exact match; sha256=83660e42d0cc69359bccf69fe999509e6676569f9703527aa3c6baece1c7c702; splits=test,train,validation; target_variants=2"
CVE-2023-36392,24369,description,description_cross_split,risk,"Normalized exact match; sha256=83660e42d0cc69359bccf69fe999509e6676569f9703527aa3c6baece1c7c702; splits=test,train,validation; target_variants=2"
CVE-2023-36703,24660,description,description_cross_split,risk,"Normalized exact match; sha256=83660e42d0cc69359bccf69fe999509e6676569f9703527aa3c6baece1c7c702; splits=test,train,validation; target_variants=2"
CVE-2023-38162,25812,description,description_cross_split,risk,"Normalized exact match; sha256=83660e42d0cc69359bccf69fe999509e6676569f9703527aa3c6baece1c7c702; splits=test,train,validation; target_variants=2"
CVE-2024-26212,47028,description,description_cross_split,risk,"Normalized exact match; sha256=83660e42d0cc69359bccf69fe999509e6676569f9703527aa3c6baece1c7c702; splits=test,train,validation; target_variants=2"
CVE-2024-26215,47031,description,description_cross_split,risk,"Normalized exact match; sha256=83660e42d0cc69359bccf69fe999509e6676569f9703527aa3c6baece1c7c702; splits=test,train,validation; target_variants=2"
CVE-2024-30019,49872,description,description_cross_split,risk,"Normalized exact match; sha256=83660e42d0cc69359bccf69fe999509e6676569f9703527aa3c6baece1c7c702; splits=test,train,validation; target_variants=2"
CVE-2024-30070,49928,description,description_cross_split,risk,"Normalized exact match; sha256=83660e42d0cc69359bccf69fe999509e6676569f9703527aa3c6baece1c7c702; splits=test,train,validation; target_variants=2"
CVE-2024-38236,56168,description,description_cross_split,risk,"Normalized exact match; sha256=83660e42d0cc69359bccf69fe999509e6676569f9703527aa3c6baece1c7c702; splits=test,train,validation; target_variants=2"
CVE-2023-28231,18190,description,description_cross_split,risk,"Normalized exact match; sha256=f2954119970d32788ad571967b3b3a081b1943b7b33299a308c4f82b179c60a6; splits=test,train,validation; target_variants=2"
CVE-2024-26195,47010,description,description_cross_split,risk,"Normalized exact match; sha256=f2954119970d32788ad571967b3b3a081b1943b7b33299a308c4f82b179c60a6; splits=test,train,validation; target_variants=2"
CVE-2024-26202,47018,description,description_cross_split,risk,"Normalized exact match; sha256=f2954119970d32788ad571967b3b3a081b1943b7b33299a308c4f82b179c60a6; splits=test,train,validation; target_variants=2"
CVE-2024-38044,55969,description,description_cross_split,risk,"Normalized exact match; sha256=f2954119970d32788ad571967b3b3a081b1943b7b33299a308c4f82b179c60a6; splits=test,train,validation; target_variants=2"
CVE-2024-34686,53463,description,description_cross_split,risk,"Normalized exact match; sha256=faa293ccad26edb18c287be63d4f5ff9139bfff7fcb976ae16eb90d36cdb8d94; splits=test,validation; target_variants=1"
CVE-2024-37173,55319,description,description_cross_split,risk,"Normalized exact match; sha256=faa293ccad26edb18c287be63d4f5ff9139bfff7fcb976ae16eb90d36cdb8d94; splits=test,validation; target_variants=1"
CVE-2023-5553,36968,description,description_cross_split,risk,"Normalized exact match; sha256=1e04a482ec5aa1a0523da47cf0fc8648833dbedd28efa88ca5e7ed50fa050415; splits=test,train; target_variants=2"
CVE-2024-7784,69851,description,description_cross_split,risk,"Normalized exact match; sha256=1e04a482ec5aa1a0523da47cf0fc8648833dbedd28efa88ca5e7ed50fa050415; splits=test,train; target_variants=2"
CVE-2022-35748,5597,description,description_cross_split,risk,"Normalized exact match; sha256=0e1946f3086007256ac5b47161650ece4e50bf13fef1db00a70ead002ea81237; splits=train,validation; target_variants=1"
CVE-2023-32084,21118,description,description_cross_split,risk,"Normalized exact match; sha256=0e1946f3086007256ac5b47161650ece4e50bf13fef1db00a70ead002ea81237; splits=train,validation; target_variants=1"
CVE-2023-35298,23648,description,description_cross_split,risk,"Normalized exact match; sha256=0e1946f3086007256ac5b47161650ece4e50bf13fef1db00a70ead002ea81237; splits=train,validation; target_variants=1"
CVE-2024-26219,47035,description,description_cross_split,risk,"Normalized exact match; sha256=0e1946f3086007256ac5b47161650ece4e50bf13fef1db00a70ead002ea81237; splits=train,validation; target_variants=1"
CVE-2023-49847,34456,description,description_cross_split,risk,"Normalized exact match; sha256=05013256f4531ef839a12ec82c5ccf0eb335e459218c6acf9f70a53e3afdd518; splits=train,validation; target_variants=2"
CVE-2024-33598,52590,description,description_cross_split,risk,"Normalized exact match; sha256=05013256f4531ef839a12ec82c5ccf0eb335e459218c6acf9f70a53e3afdd518; splits=train,validation; target_variants=2"
CVE-2023-21274,12428,description,description_cross_split,risk,"Normalized exact match; sha256=7c43c73838af2049f67ca97d65d45a2f5453c54955e822397c82999cfebe4ab2; splits=train,validation; target_variants=1"
CVE-2023-35664,23808,description,description_cross_split,risk,"Normalized exact match; sha256=7c43c73838af2049f67ca97d65d45a2f5453c54955e822397c82999cfebe4ab2; splits=train,validation; target_variants=1"
CVE-2023-40085,27365,description,description_cross_split,risk,"Normalized exact match; sha256=7c43c73838af2049f67ca97d65d45a2f5453c54955e822397c82999cfebe4ab2; splits=train,validation; target_variants=1"
CVE-2024-0046,38575,description,description_cross_split,risk,"Normalized exact match; sha256=bac5222acfc665de8fae8b3386ce7259c230e1df6babf564f3d7578245ed4530; splits=test,validation; target_variants=1"
CVE-2024-43081,59493,description,description_cross_split,risk,"Normalized exact match; sha256=bac5222acfc665de8fae8b3386ce7259c230e1df6babf564f3d7578245ed4530; splits=test,validation; target_variants=1"
CVE-2023-42729,29421,description,description_cross_split,risk,"Normalized exact match; sha256=f48b34410e06cec63244226e08285c1ba66d1561d352ff1bed43d67d5e5a9666; splits=train,validation; target_variants=3"
CVE-2023-52347,36115,description,description_cross_split,risk,"Normalized exact match; sha256=f48b34410e06cec63244226e08285c1ba66d1561d352ff1bed43d67d5e5a9666; splits=train,validation; target_variants=3"
CVE-2023-52348,36116,description,description_cross_split,risk,"Normalized exact match; sha256=f48b34410e06cec63244226e08285c1ba66d1561d352ff1bed43d67d5e5a9666; splits=train,validation; target_variants=3"
CVE-2023-52349,36117,description,description_cross_split,risk,"Normalized exact match; sha256=f48b34410e06cec63244226e08285c1ba66d1561d352ff1bed43d67d5e5a9666; splits=train,validation; target_variants=3"
CVE-2023-52350,36119,description,description_cross_split,risk,"Normalized exact match; sha256=f48b34410e06cec63244226e08285c1ba66d1561d352ff1bed43d67d5e5a9666; splits=train,validation; target_variants=3"
CVE-2023-52351,36120,description,description_cross_split,risk,"Normalized exact match; sha256=f48b34410e06cec63244226e08285c1ba66d1561d352ff1bed43d67d5e5a9666; splits=train,validation; target_variants=3"
CVE-2023-35642,23787,description,description_cross_split,risk,"Normalized exact match; sha256=2f13e1932030a5de2dcfbd97e3de5c4be197d3092933bfc45bae6b8e8636c211; splits=train,validation; target_variants=2"
CVE-2024-21348,43502,description,description_cross_split,risk,"Normalized exact match; sha256=2f13e1932030a5de2dcfbd97e3de5c4be197d3092933bfc45bae6b8e8636c211; splits=train,validation; target_variants=2"
CVE-2024-21473,43638,description,description_cross_split,risk,"Normalized exact match; sha256=2f304fa3bfdb6f3292657c130f5bee4d61d889db034fae7790e865e3f54e53f5; splits=test,validation; target_variants=1"
CVE-2024-33066,52297,description,description_cross_split,risk,"Normalized exact match; sha256=2f304fa3bfdb6f3292657c130f5bee4d61d889db034fae7790e865e3f54e53f5; splits=test,validation; target_variants=1"
CVE-2024-21349,43503,description,description_cross_split,risk,"Normalized exact match; sha256=7c9e2929a8cfd25461bdf4597ba8b7bb0dea859ef56fcdff9b5e6cba06b055ba; splits=test,validation; target_variants=1"
CVE-2024-43517,59904,description,description_cross_split,risk,"Normalized exact match; sha256=7c9e2929a8cfd25461bdf4597ba8b7bb0dea859ef56fcdff9b5e6cba06b055ba; splits=test,validation; target_variants=1"
CVE-2023-36709,24665,description,description_cross_split,risk,"Normalized exact match; sha256=80fdd2deeaa116ac09e6ca8f4b76becc8477d044dc2e95ea4a3aa3fd47a6548f; splits=train,validation; target_variants=1"
CVE-2024-20687,42835,description,description_cross_split,risk,"Normalized exact match; sha256=80fdd2deeaa116ac09e6ca8f4b76becc8477d044dc2e95ea4a3aa3fd47a6548f; splits=train,validation; target_variants=1"
CVE-2024-21438,43600,description,description_cross_split,risk,"Normalized exact match; sha256=80fdd2deeaa116ac09e6ca8f4b76becc8477d044dc2e95ea4a3aa3fd47a6548f; splits=train,validation; target_variants=1"
CVE-2023-23379,14171,description,description_cross_split,risk,"Normalized exact match; sha256=19b89f5625ae677c534b86bef1321cad8e519ee8f20d01810cb808dd82fa6f16; splits=test,train,validation; target_variants=3"
CVE-2024-21324,43476,description,description_cross_split,risk,"Normalized exact match; sha256=19b89f5625ae677c534b86bef1321cad8e519ee8f20d01810cb808dd82fa6f16; splits=test,train,validation; target_variants=3"
CVE-2024-29054,49231,description,description_cross_split,risk,"Normalized exact match; sha256=19b89f5625ae677c534b86bef1321cad8e519ee8f20d01810cb808dd82fa6f16; splits=test,train,validation; target_variants=3"
CVE-2024-29055,49232,description,description_cross_split,risk,"Normalized exact match; sha256=19b89f5625ae677c534b86bef1321cad8e519ee8f20d01810cb808dd82fa6f16; splits=test,train,validation; target_variants=3"
CVE-2024-38089,56016,description,description_cross_split,risk,"Normalized exact match; sha256=19b89f5625ae677c534b86bef1321cad8e519ee8f20d01810cb808dd82fa6f16; splits=test,train,validation; target_variants=3"
CVE-2023-24934,15506,description,description_cross_split,risk,"Normalized exact match; sha256=3b95d10bf2d035a75635be37141973a60a088ba185ded9b4b5a6b6b5a84a67d9; splits=train,validation; target_variants=2"
CVE-2024-20671,42818,description,description_cross_split,risk,"Normalized exact match; sha256=3b95d10bf2d035a75635be37141973a60a088ba185ded9b4b5a6b6b5a84a67d9; splits=train,validation; target_variants=2"
CVE-2023-21724,12880,description,description_cross_split,risk,"Normalized exact match; sha256=de649a1f9ed72c753169069b471599976b0db388bbb7d23ffc87628870a686be; splits=test,train; target_variants=1"
CVE-2024-38147,56075,description,description_cross_split,risk,"Normalized exact match; sha256=de649a1f9ed72c753169069b471599976b0db388bbb7d23ffc87628870a686be; splits=test,train; target_variants=1"
CVE-2023-21570,12724,description,description_cross_split,risk,"Normalized exact match; sha256=1c29403185bb23155113e2cc0b8072d67773ffc319b3ffa6cba8bae7499a3afb; splits=test,train,validation; target_variants=7"
CVE-2023-21571,12725,description,description_cross_split,risk,"Normalized exact match; sha256=1c29403185bb23155113e2cc0b8072d67773ffc319b3ffa6cba8bae7499a3afb; splits=test,train,validation; target_variants=7"
CVE-2023-21572,12726,description,description_cross_split,risk,"Normalized exact match; sha256=1c29403185bb23155113e2cc0b8072d67773ffc319b3ffa6cba8bae7499a3afb; splits=test,train,validation; target_variants=7"
CVE-2023-21573,12727,description,description_cross_split,risk,"Normalized exact match; sha256=1c29403185bb23155113e2cc0b8072d67773ffc319b3ffa6cba8bae7499a3afb; splits=test,train,validation; target_variants=7"
CVE-2023-21807,12968,description,description_cross_split,risk,"Normalized exact match; sha256=1c29403185bb23155113e2cc0b8072d67773ffc319b3ffa6cba8bae7499a3afb; splits=test,train,validation; target_variants=7"
CVE-2023-24879,15453,description,description_cross_split,risk,"Normalized exact match; sha256=1c29403185bb23155113e2cc0b8072d67773ffc319b3ffa6cba8bae7499a3afb; splits=test,train,validation; target_variants=7"
CVE-2023-24891,15465,description,description_cross_split,risk,"Normalized exact match; sha256=1c29403185bb23155113e2cc0b8072d67773ffc319b3ffa6cba8bae7499a3afb; splits=test,train,validation; target_variants=7"
CVE-2023-24919,15490,description,description_cross_split,risk,"Normalized exact match; sha256=1c29403185bb23155113e2cc0b8072d67773ffc319b3ffa6cba8bae7499a3afb; splits=test,train,validation; target_variants=7"
CVE-2023-24920,15492,description,description_cross_split,risk,"Normalized exact match; sha256=1c29403185bb23155113e2cc0b8072d67773ffc319b3ffa6cba8bae7499a3afb; splits=test,train,validation; target_variants=7"
CVE-2023-24921,15493,description,description_cross_split,risk,"Normalized exact match; sha256=1c29403185bb23155113e2cc0b8072d67773ffc319b3ffa6cba8bae7499a3afb; splits=test,train,validation; target_variants=7"
CVE-2023-28309,18261,description,description_cross_split,risk,"Normalized exact match; sha256=1c29403185bb23155113e2cc0b8072d67773ffc319b3ffa6cba8bae7499a3afb; splits=test,train,validation; target_variants=7"
CVE-2023-28314,18267,description,description_cross_split,risk,"Normalized exact match; sha256=1c29403185bb23155113e2cc0b8072d67773ffc319b3ffa6cba8bae7499a3afb; splits=test,train,validation; target_variants=7"
CVE-2023-33171,22165,description,description_cross_split,risk,"Normalized exact match; sha256=1c29403185bb23155113e2cc0b8072d67773ffc319b3ffa6cba8bae7499a3afb; splits=test,train,validation; target_variants=7"
CVE-2023-35335,23684,description,description_cross_split,risk,"Normalized exact match; sha256=1c29403185bb23155113e2cc0b8072d67773ffc319b3ffa6cba8bae7499a3afb; splits=test,train,validation; target_variants=7"
CVE-2023-36016,24143,description,description_cross_split,risk,"Normalized exact match; sha256=1c29403185bb23155113e2cc0b8072d67773ffc319b3ffa6cba8bae7499a3afb; splits=test,train,validation; target_variants=7"
CVE-2023-36020,24147,description,description_cross_split,risk,"Normalized exact match; sha256=1c29403185bb23155113e2cc0b8072d67773ffc319b3ffa6cba8bae7499a3afb; splits=test,train,validation; target_variants=7"
CVE-2023-36031,24158,description,description_cross_split,risk,"Normalized exact match; sha256=1c29403185bb23155113e2cc0b8072d67773ffc319b3ffa6cba8bae7499a3afb; splits=test,train,validation; target_variants=7"
CVE-2023-36410,24389,description,description_cross_split,risk,"Normalized exact match; sha256=1c29403185bb23155113e2cc0b8072d67773ffc319b3ffa6cba8bae7499a3afb; splits=test,train,validation; target_variants=7"
CVE-2023-36416,24393,description,description_cross_split,risk,"Normalized exact match; sha256=1c29403185bb23155113e2cc0b8072d67773ffc319b3ffa6cba8bae7499a3afb; splits=test,train,validation; target_variants=7"
CVE-2023-36886,24833,description,description_cross_split,risk,"Normalized exact match; sha256=1c29403185bb23155113e2cc0b8072d67773ffc319b3ffa6cba8bae7499a3afb; splits=test,train,validation; target_variants=7"
CVE-2023-38164,25814,description,description_cross_split,risk,"Normalized exact match; sha256=1c29403185bb23155113e2cc0b8072d67773ffc319b3ffa6cba8bae7499a3afb; splits=test,train,validation; target_variants=7"
CVE-2024-21389,43547,description,description_cross_split,risk,"Normalized exact match; sha256=1c29403185bb23155113e2cc0b8072d67773ffc319b3ffa6cba8bae7499a3afb; splits=test,train,validation; target_variants=7"
CVE-2024-21393,43552,description,description_cross_split,risk,"Normalized exact match; sha256=1c29403185bb23155113e2cc0b8072d67773ffc319b3ffa6cba8bae7499a3afb; splits=test,train,validation; target_variants=7"
CVE-2024-21395,43554,description,description_cross_split,risk,"Normalized exact match; sha256=1c29403185bb23155113e2cc0b8072d67773ffc319b3ffa6cba8bae7499a3afb; splits=test,train,validation; target_variants=7"
CVE-2024-21419,43580,description,description_cross_split,risk,"Normalized exact match; sha256=1c29403185bb23155113e2cc0b8072d67773ffc319b3ffa6cba8bae7499a3afb; splits=test,train,validation; target_variants=7"
CVE-2024-38211,56142,description,description_cross_split,risk,"Normalized exact match; sha256=1c29403185bb23155113e2cc0b8072d67773ffc319b3ffa6cba8bae7499a3afb; splits=test,train,validation; target_variants=7"
CVE-2024-43476,59866,description,description_cross_split,risk,"Normalized exact match; sha256=1c29403185bb23155113e2cc0b8072d67773ffc319b3ffa6cba8bae7499a3afb; splits=test,train,validation; target_variants=7"
CVE-2023-24922,15494,description,description_cross_split,risk,"Normalized exact match; sha256=6b1c7c9953ba37f5e6ad868b15812c4d359ea48d7f4f4f94b0f87e8cb0bd8026; splits=test,train,validation; target_variants=3"
CVE-2023-36429,24405,description,description_cross_split,risk,"Normalized exact match; sha256=6b1c7c9953ba37f5e6ad868b15812c4d359ea48d7f4f4f94b0f87e8cb0bd8026; splits=test,train,validation; target_variants=3"
CVE-2023-36433,24408,description,description_cross_split,risk,"Normalized exact match; sha256=6b1c7c9953ba37f5e6ad868b15812c4d359ea48d7f4f4f94b0f87e8cb0bd8026; splits=test,train,validation; target_variants=3"
CVE-2024-30061,49918,description,description_cross_split,risk,"Normalized exact match; sha256=6b1c7c9953ba37f5e6ad868b15812c4d359ea48d7f4f4f94b0f87e8cb0bd8026; splits=test,train,validation; target_variants=3"
CVE-2024-35263,53837,description,description_cross_split,risk,"Normalized exact match; sha256=6b1c7c9953ba37f5e6ad868b15812c4d359ea48d7f4f4f94b0f87e8cb0bd8026; splits=test,train,validation; target_variants=3"
CVE-2023-38167,25816,description,description_cross_split,risk,"Normalized exact match; sha256=15691fb2bc7ee71f1d1c8e320b79c868c220fc1b5da87c5288c7d52711596b4c; splits=test,train,validation; target_variants=3"
CVE-2024-35248,53825,description,description_cross_split,risk,"Normalized exact match; sha256=15691fb2bc7ee71f1d1c8e320b79c868c220fc1b5da87c5288c7d52711596b4c; splits=test,train,validation; target_variants=3"
CVE-2024-38225,56156,description,description_cross_split,risk,"Normalized exact match; sha256=15691fb2bc7ee71f1d1c8e320b79c868c220fc1b5da87c5288c7d52711596b4c; splits=test,train,validation; target_variants=3"
CVE-2023-36030,24157,description,description_cross_split,risk,"Normalized exact match; sha256=a635544efcd7c37adc8aae5176caf96349ab1f315e475d1476db229ef8996718; splits=test,train; target_variants=2"
CVE-2024-49053,63506,description,description_cross_split,risk,"Normalized exact match; sha256=a635544efcd7c37adc8aae5176caf96349ab1f315e475d1476db229ef8996718; splits=test,train; target_variants=2"
CVE-2021-31937,2836,description,description_cross_split,risk,"Normalized exact match; sha256=5036b38977c0f6302a9ad7f56e93f09485c0c67eab490782aa2c39c58b606a5d; splits=test,train,validation; target_variants=13"
CVE-2021-34475,2987,description,description_cross_split,risk,"Normalized exact match; sha256=5036b38977c0f6302a9ad7f56e93f09485c0c67eab490782aa2c39c58b606a5d; splits=test,train,validation; target_variants=13"
CVE-2022-26899,4750,description,description_cross_split,risk,"Normalized exact match; sha256=5036b38977c0f6302a9ad7f56e93f09485c0c67eab490782aa2c39c58b606a5d; splits=test,train,validation; target_variants=13"
CVE-2022-29144,4903,description,description_cross_split,risk,"Normalized exact match; sha256=5036b38977c0f6302a9ad7f56e93f09485c0c67eab490782aa2c39c58b606a5d; splits=test,train,validation; target_variants=13"
CVE-2022-29146,4904,description,description_cross_split,risk,"Normalized exact match; sha256=5036b38977c0f6302a9ad7f56e93f09485c0c67eab490782aa2c39c58b606a5d; splits=test,train,validation; target_variants=13"
CVE-2023-21795,12955,description,description_cross_split,risk,"Normalized exact match; sha256=5036b38977c0f6302a9ad7f56e93f09485c0c67eab490782aa2c39c58b606a5d; splits=test,train,validation; target_variants=13"
CVE-2023-21796,12956,description,description_cross_split,risk,"Normalized exact match; sha256=5036b38977c0f6302a9ad7f56e93f09485c0c67eab490782aa2c39c58b606a5d; splits=test,train,validation; target_variants=13"
CVE-2023-28261,18217,description,description_cross_split,risk,"Normalized exact match; sha256=5036b38977c0f6302a9ad7f56e93f09485c0c67eab490782aa2c39c58b606a5d; splits=test,train,validation; target_variants=13"
CVE-2023-29350,19236,description,description_cross_split,risk,"Normalized exact match; sha256=5036b38977c0f6302a9ad7f56e93f09485c0c67eab490782aa2c39c58b606a5d; splits=test,train,validation; target_variants=13"
CVE-2023-33143,22135,description,description_cross_split,risk,"Normalized exact match; sha256=5036b38977c0f6302a9ad7f56e93f09485c0c67eab490782aa2c39c58b606a5d; splits=test,train,validation; target_variants=13"
CVE-2023-35618,23766,description,description_cross_split,risk,"Normalized exact match; sha256=5036b38977c0f6302a9ad7f56e93f09485c0c67eab490782aa2c39c58b606a5d; splits=test,train,validation; target_variants=13"
CVE-2023-36024,24150,description,description_cross_split,risk,"Normalized exact match; sha256=5036b38977c0f6302a9ad7f56e93f09485c0c67eab490782aa2c39c58b606a5d; splits=test,train,validation; target_variants=13"
CVE-2023-36027,24153,description,description_cross_split,risk,"Normalized exact match; sha256=5036b38977c0f6302a9ad7f56e93f09485c0c67eab490782aa2c39c58b606a5d; splits=test,train,validation; target_variants=13"
CVE-2023-36562,24527,description,description_cross_split,risk,"Normalized exact match; sha256=5036b38977c0f6302a9ad7f56e93f09485c0c67eab490782aa2c39c58b606a5d; splits=test,train,validation; target_variants=13"
CVE-2023-36735,24689,description,description_cross_split,risk,"Normalized exact match; sha256=5036b38977c0f6302a9ad7f56e93f09485c0c67eab490782aa2c39c58b606a5d; splits=test,train,validation; target_variants=13"
CVE-2023-36741,24695,description,description_cross_split,risk,"Normalized exact match; sha256=5036b38977c0f6302a9ad7f56e93f09485c0c67eab490782aa2c39c58b606a5d; splits=test,train,validation; target_variants=13"
CVE-2023-36787,24737,description,description_cross_split,risk,"Normalized exact match; sha256=5036b38977c0f6302a9ad7f56e93f09485c0c67eab490782aa2c39c58b606a5d; splits=test,train,validation; target_variants=13"
CVE-2023-38187,25834,description,description_cross_split,risk,"Normalized exact match; sha256=5036b38977c0f6302a9ad7f56e93f09485c0c67eab490782aa2c39c58b606a5d; splits=test,train,validation; target_variants=13"
CVE-2024-21326,43478,description,description_cross_split,risk,"Normalized exact match; sha256=5036b38977c0f6302a9ad7f56e93f09485c0c67eab490782aa2c39c58b606a5d; splits=test,train,validation; target_variants=13"
CVE-2024-21337,43490,description,description_cross_split,risk,"Normalized exact match; sha256=5036b38977c0f6302a9ad7f56e93f09485c0c67eab490782aa2c39c58b606a5d; splits=test,train,validation; target_variants=13"
CVE-2024-21385,43543,description,description_cross_split,risk,"Normalized exact match; sha256=5036b38977c0f6302a9ad7f56e93f09485c0c67eab490782aa2c39c58b606a5d; splits=test,train,validation; target_variants=13"
CVE-2024-21388,43546,description,description_cross_split,risk,"Normalized exact match; sha256=5036b38977c0f6302a9ad7f56e93f09485c0c67eab490782aa2c39c58b606a5d; splits=test,train,validation; target_variants=13"
CVE-2024-43472,59863,description,description_cross_split,risk,"Normalized exact match; sha256=5036b38977c0f6302a9ad7f56e93f09485c0c67eab490782aa2c39c58b606a5d; splits=test,train,validation; target_variants=13"
CVE-2021-42307,3272,description,description_cross_split,risk,"Normalized exact match; sha256=74032768e7c81d9e0a22136bb3b3413cb70b5caaacf889b1591802382da8c8d6; splits=test,train,validation; target_variants=8"
CVE-2023-33145,22137,description,description_cross_split,risk,"Normalized exact match; sha256=74032768e7c81d9e0a22136bb3b3413cb70b5caaacf889b1591802382da8c8d6; splits=test,train,validation; target_variants=8"
CVE-2023-36409,24387,description,description_cross_split,risk,"Normalized exact match; sha256=74032768e7c81d9e0a22136bb3b3413cb70b5caaacf889b1591802382da8c8d6; splits=test,train,validation; target_variants=8"
CVE-2023-36880,24828,description,description_cross_split,risk,"Normalized exact match; sha256=74032768e7c81d9e0a22136bb3b3413cb70b5caaacf889b1591802382da8c8d6; splits=test,train,validation; target_variants=8"
CVE-2023-38158,25808,description,description_cross_split,risk,"Normalized exact match; sha256=74032768e7c81d9e0a22136bb3b3413cb70b5caaacf889b1591802382da8c8d6; splits=test,train,validation; target_variants=8"
CVE-2023-38174,25823,description,description_cross_split,risk,"Normalized exact match; sha256=74032768e7c81d9e0a22136bb3b3413cb70b5caaacf889b1591802382da8c8d6; splits=test,train,validation; target_variants=8"
CVE-2024-21423,43584,description,description_cross_split,risk,"Normalized exact match; sha256=74032768e7c81d9e0a22136bb3b3413cb70b5caaacf889b1591802382da8c8d6; splits=test,train,validation; target_variants=8"
CVE-2024-26192,47007,description,description_cross_split,risk,"Normalized exact match; sha256=74032768e7c81d9e0a22136bb3b3413cb70b5caaacf889b1591802382da8c8d6; splits=test,train,validation; target_variants=8"
CVE-2024-29987,49837,description,description_cross_split,risk,"Normalized exact match; sha256=74032768e7c81d9e0a22136bb3b3413cb70b5caaacf889b1591802382da8c8d6; splits=test,train,validation; target_variants=8"
CVE-2024-30056,49912,description,description_cross_split,risk,"Normalized exact match; sha256=74032768e7c81d9e0a22136bb3b3413cb70b5caaacf889b1591802382da8c8d6; splits=test,train,validation; target_variants=8"
CVE-2024-38103,56030,description,description_cross_split,risk,"Normalized exact match; sha256=74032768e7c81d9e0a22136bb3b3413cb70b5caaacf889b1591802382da8c8d6; splits=test,train,validation; target_variants=8"
CVE-2024-38222,56154,description,description_cross_split,risk,"Normalized exact match; sha256=74032768e7c81d9e0a22136bb3b3413cb70b5caaacf889b1591802382da8c8d6; splits=test,train,validation; target_variants=8"
CVE-2024-49025,63480,description,description_cross_split,risk,"Normalized exact match; sha256=74032768e7c81d9e0a22136bb3b3413cb70b5caaacf889b1591802382da8c8d6; splits=test,train,validation; target_variants=8"
CVE-2023-21775,12933,description,description_cross_split,risk,"Normalized exact match; sha256=db95ddb514e37575498fc8f30df72e75ad7c43f7c2f449d59f2cef05987b1726; splits=test,train,validation; target_variants=10"
CVE-2023-23374,14166,description,description_cross_split,risk,"Normalized exact match; sha256=db95ddb514e37575498fc8f30df72e75ad7c43f7c2f449d59f2cef05987b1726; splits=test,train,validation; target_variants=10"
CVE-2023-36008,24135,description,description_cross_split,risk,"Normalized exact match; sha256=db95ddb514e37575498fc8f30df72e75ad7c43f7c2f449d59f2cef05987b1726; splits=test,train,validation; target_variants=10"
CVE-2023-36014,24142,description,description_cross_split,risk,"Normalized exact match; sha256=db95ddb514e37575498fc8f30df72e75ad7c43f7c2f449d59f2cef05987b1726; splits=test,train,validation; target_variants=10"
CVE-2023-36022,24149,description,description_cross_split,risk,"Normalized exact match; sha256=db95ddb514e37575498fc8f30df72e75ad7c43f7c2f449d59f2cef05987b1726; splits=test,train,validation; target_variants=10"
CVE-2023-36034,24160,description,description_cross_split,risk,"Normalized exact match; sha256=db95ddb514e37575498fc8f30df72e75ad7c43f7c2f449d59f2cef05987b1726; splits=test,train,validation; target_variants=10"
CVE-2023-36887,24834,description,description_cross_split,risk,"Normalized exact match; sha256=db95ddb514e37575498fc8f30df72e75ad7c43f7c2f449d59f2cef05987b1726; splits=test,train,validation; target_variants=10"
CVE-2024-21399,43558,description,description_cross_split,risk,"Normalized exact match; sha256=db95ddb514e37575498fc8f30df72e75ad7c43f7c2f449d59f2cef05987b1726; splits=test,train,validation; target_variants=10"
CVE-2024-38209,56139,description,description_cross_split,risk,"Normalized exact match; sha256=db95ddb514e37575498fc8f30df72e75ad7c43f7c2f449d59f2cef05987b1726; splits=test,train,validation; target_variants=10"
CVE-2024-38210,56141,description,description_cross_split,risk,"Normalized exact match; sha256=db95ddb514e37575498fc8f30df72e75ad7c43f7c2f449d59f2cef05987b1726; splits=test,train,validation; target_variants=10"
CVE-2024-38219,56150,description,description_cross_split,risk,"Normalized exact match; sha256=db95ddb514e37575498fc8f30df72e75ad7c43f7c2f449d59f2cef05987b1726; splits=test,train,validation; target_variants=10"
CVE-2024-43489,59878,description,description_cross_split,risk,"Normalized exact match; sha256=db95ddb514e37575498fc8f30df72e75ad7c43f7c2f449d59f2cef05987b1726; splits=test,train,validation; target_variants=10"
CVE-2024-43496,59883,description,description_cross_split,risk,"Normalized exact match; sha256=db95ddb514e37575498fc8f30df72e75ad7c43f7c2f449d59f2cef05987b1726; splits=test,train,validation; target_variants=10"
CVE-2024-43566,59955,description,description_cross_split,risk,"Normalized exact match; sha256=db95ddb514e37575498fc8f30df72e75ad7c43f7c2f449d59f2cef05987b1726; splits=test,train,validation; target_variants=10"
CVE-2024-43578,59966,description,description_cross_split,risk,"Normalized exact match; sha256=db95ddb514e37575498fc8f30df72e75ad7c43f7c2f449d59f2cef05987b1726; splits=test,train,validation; target_variants=10"
CVE-2024-43579,59967,description,description_cross_split,risk,"Normalized exact match; sha256=db95ddb514e37575498fc8f30df72e75ad7c43f7c2f449d59f2cef05987b1726; splits=test,train,validation; target_variants=10"
CVE-2024-43587,59975,description,description_cross_split,risk,"Normalized exact match; sha256=db95ddb514e37575498fc8f30df72e75ad7c43f7c2f449d59f2cef05987b1726; splits=test,train,validation; target_variants=10"
CVE-2024-43595,59983,description,description_cross_split,risk,"Normalized exact match; sha256=db95ddb514e37575498fc8f30df72e75ad7c43f7c2f449d59f2cef05987b1726; splits=test,train,validation; target_variants=10"
CVE-2024-43596,59984,description,description_cross_split,risk,"Normalized exact match; sha256=db95ddb514e37575498fc8f30df72e75ad7c43f7c2f449d59f2cef05987b1726; splits=test,train,validation; target_variants=10"
CVE-2024-49023,63479,description,description_cross_split,risk,"Normalized exact match; sha256=db95ddb514e37575498fc8f30df72e75ad7c43f7c2f449d59f2cef05987b1726; splits=test,train,validation; target_variants=10"
CVE-2021-31982,2837,description,description_cross_split,risk,"Normalized exact match; sha256=e0b79007d67c9235a3d87681341cec31e516b67b023ff82a515ae3ea8efa4aee; splits=train,validation; target_variants=8"
CVE-2021-34506,2988,description,description_cross_split,risk,"Normalized exact match; sha256=e0b79007d67c9235a3d87681341cec31e516b67b023ff82a515ae3ea8efa4aee; splits=train,validation; target_variants=8"
CVE-2023-21719,12875,description,description_cross_split,risk,"Normalized exact match; sha256=e0b79007d67c9235a3d87681341cec31e516b67b023ff82a515ae3ea8efa4aee; splits=train,validation; target_variants=8"
CVE-2023-28284,18236,description,description_cross_split,risk,"Normalized exact match; sha256=e0b79007d67c9235a3d87681341cec31e516b67b023ff82a515ae3ea8efa4aee; splits=train,validation; target_variants=8"
CVE-2023-28286,18238,description,description_cross_split,risk,"Normalized exact match; sha256=e0b79007d67c9235a3d87681341cec31e516b67b023ff82a515ae3ea8efa4aee; splits=train,validation; target_variants=8"
CVE-2023-29345,19230,description,description_cross_split,risk,"Normalized exact match; sha256=e0b79007d67c9235a3d87681341cec31e516b67b023ff82a515ae3ea8efa4aee; splits=train,validation; target_variants=8"
CVE-2023-29354,19240,description,description_cross_split,risk,"Normalized exact match; sha256=e0b79007d67c9235a3d87681341cec31e516b67b023ff82a515ae3ea8efa4aee; splits=train,validation; target_variants=8"
CVE-2023-36878,24826,description,description_cross_split,risk,"Normalized exact match; sha256=e0b79007d67c9235a3d87681341cec31e516b67b023ff82a515ae3ea8efa4aee; splits=train,validation; target_variants=8"
CVE-2023-38157,25807,description,description_cross_split,risk,"Normalized exact match; sha256=e0b79007d67c9235a3d87681341cec31e516b67b023ff82a515ae3ea8efa4aee; splits=train,validation; target_variants=8"
CVE-2024-20675,42822,description,description_cross_split,risk,"Normalized exact match; sha256=e0b79007d67c9235a3d87681341cec31e516b67b023ff82a515ae3ea8efa4aee; splits=train,validation; target_variants=8"
CVE-2024-26163,46976,description,description_cross_split,risk,"Normalized exact match; sha256=e0b79007d67c9235a3d87681341cec31e516b67b023ff82a515ae3ea8efa4aee; splits=train,validation; target_variants=8"
CVE-2024-26246,47064,description,description_cross_split,risk,"Normalized exact match; sha256=e0b79007d67c9235a3d87681341cec31e516b67b023ff82a515ae3ea8efa4aee; splits=train,validation; target_variants=8"
CVE-2024-26247,47065,description,description_cross_split,risk,"Normalized exact match; sha256=e0b79007d67c9235a3d87681341cec31e516b67b023ff82a515ae3ea8efa4aee; splits=train,validation; target_variants=8"
CVE-2024-29991,49842,description,description_cross_split,risk,"Normalized exact match; sha256=e0b79007d67c9235a3d87681341cec31e516b67b023ff82a515ae3ea8efa4aee; splits=train,validation; target_variants=8"
CVE-2022-23264,4496,description,description_cross_split,risk,"Normalized exact match; sha256=11054659fd35f443b6cc19068367136007ca9124387fc2d5ddfd6e8f2254b3a1; splits=test,train,validation; target_variants=8"
CVE-2022-29147,4905,description,description_cross_split,risk,"Normalized exact match; sha256=11054659fd35f443b6cc19068367136007ca9124387fc2d5ddfd6e8f2254b3a1; splits=test,train,validation; target_variants=8"
CVE-2023-21794,12954,description,description_cross_split,risk,"Normalized exact match; sha256=11054659fd35f443b6cc19068367136007ca9124387fc2d5ddfd6e8f2254b3a1; splits=test,train,validation; target_variants=8"
CVE-2023-24935,15507,description,description_cross_split,risk,"Normalized exact match; sha256=11054659fd35f443b6cc19068367136007ca9124387fc2d5ddfd6e8f2254b3a1; splits=test,train,validation; target_variants=8"
CVE-2023-29334,19220,description,description_cross_split,risk,"Normalized exact match; sha256=11054659fd35f443b6cc19068367136007ca9124387fc2d5ddfd6e8f2254b3a1; splits=test,train,validation; target_variants=8"
CVE-2023-35392,23743,description,description_cross_split,risk,"Normalized exact match; sha256=11054659fd35f443b6cc19068367136007ca9124387fc2d5ddfd6e8f2254b3a1; splits=test,train,validation; target_variants=8"
CVE-2023-36026,24152,description,description_cross_split,risk,"Normalized exact match; sha256=11054659fd35f443b6cc19068367136007ca9124387fc2d5ddfd6e8f2254b3a1; splits=test,train,validation; target_variants=8"
CVE-2023-36029,24155,description,description_cross_split,risk,"Normalized exact match; sha256=11054659fd35f443b6cc19068367136007ca9124387fc2d5ddfd6e8f2254b3a1; splits=test,train,validation; target_variants=8"
CVE-2023-36559,24523,description,description_cross_split,risk,"Normalized exact match; sha256=11054659fd35f443b6cc19068367136007ca9124387fc2d5ddfd6e8f2254b3a1; splits=test,train,validation; target_variants=8"
CVE-2023-36727,24682,description,description_cross_split,risk,"Normalized exact match; sha256=11054659fd35f443b6cc19068367136007ca9124387fc2d5ddfd6e8f2254b3a1; splits=test,train,validation; target_variants=8"
CVE-2024-21336,43489,description,description_cross_split,risk,"Normalized exact match; sha256=11054659fd35f443b6cc19068367136007ca9124387fc2d5ddfd6e8f2254b3a1; splits=test,train,validation; target_variants=8"
CVE-2024-21383,43541,description,description_cross_split,risk,"Normalized exact match; sha256=11054659fd35f443b6cc19068367136007ca9124387fc2d5ddfd6e8f2254b3a1; splits=test,train,validation; target_variants=8"
CVE-2024-26188,47002,description,description_cross_split,risk,"Normalized exact match; sha256=11054659fd35f443b6cc19068367136007ca9124387fc2d5ddfd6e8f2254b3a1; splits=test,train,validation; target_variants=8"
CVE-2024-29057,49234,description,description_cross_split,risk,"Normalized exact match; sha256=11054659fd35f443b6cc19068367136007ca9124387fc2d5ddfd6e8f2254b3a1; splits=test,train,validation; target_variants=8"
CVE-2024-29981,49831,description,description_cross_split,risk,"Normalized exact match; sha256=11054659fd35f443b6cc19068367136007ca9124387fc2d5ddfd6e8f2254b3a1; splits=test,train,validation; target_variants=8"
CVE-2024-30055,49911,description,description_cross_split,risk,"Normalized exact match; sha256=11054659fd35f443b6cc19068367136007ca9124387fc2d5ddfd6e8f2254b3a1; splits=test,train,validation; target_variants=8"
CVE-2024-30058,49914,description,description_cross_split,risk,"Normalized exact match; sha256=11054659fd35f443b6cc19068367136007ca9124387fc2d5ddfd6e8f2254b3a1; splits=test,train,validation; target_variants=8"
CVE-2024-38082,56009,description,description_cross_split,risk,"Normalized exact match; sha256=11054659fd35f443b6cc19068367136007ca9124387fc2d5ddfd6e8f2254b3a1; splits=test,train,validation; target_variants=8"
CVE-2024-38083,56010,description,description_cross_split,risk,"Normalized exact match; sha256=11054659fd35f443b6cc19068367136007ca9124387fc2d5ddfd6e8f2254b3a1; splits=test,train,validation; target_variants=8"
CVE-2024-38093,56020,description,description_cross_split,risk,"Normalized exact match; sha256=11054659fd35f443b6cc19068367136007ca9124387fc2d5ddfd6e8f2254b3a1; splits=test,train,validation; target_variants=8"
CVE-2024-38156,56085,description,description_cross_split,risk,"Normalized exact match; sha256=11054659fd35f443b6cc19068367136007ca9124387fc2d5ddfd6e8f2254b3a1; splits=test,train,validation; target_variants=8"
CVE-2024-38221,56153,description,description_cross_split,risk,"Normalized exact match; sha256=11054659fd35f443b6cc19068367136007ca9124387fc2d5ddfd6e8f2254b3a1; splits=test,train,validation; target_variants=8"
CVE-2024-43577,59965,description,description_cross_split,risk,"Normalized exact match; sha256=11054659fd35f443b6cc19068367136007ca9124387fc2d5ddfd6e8f2254b3a1; splits=test,train,validation; target_variants=8"
CVE-2024-43580,59969,description,description_cross_split,risk,"Normalized exact match; sha256=11054659fd35f443b6cc19068367136007ca9124387fc2d5ddfd6e8f2254b3a1; splits=test,train,validation; target_variants=8"
CVE-2024-49041,63495,description,description_cross_split,risk,"Normalized exact match; sha256=11054659fd35f443b6cc19068367136007ca9124387fc2d5ddfd6e8f2254b3a1; splits=test,train,validation; target_variants=8"
CVE-2024-49054,63507,description,description_cross_split,risk,"Normalized exact match; sha256=11054659fd35f443b6cc19068367136007ca9124387fc2d5ddfd6e8f2254b3a1; splits=test,train,validation; target_variants=8"
CVE-2023-24892,15466,description,description_cross_split,risk,"Normalized exact match; sha256=5468bdea27d18e402179f47fb55767ec13d41c2ddf0d121c9e4d1e9a578ea32d; splits=train,validation; target_variants=2"
CVE-2024-29049,49226,description,description_cross_split,risk,"Normalized exact match; sha256=5468bdea27d18e402179f47fb55767ec13d41c2ddf0d121c9e4d1e9a578ea32d; splits=train,validation; target_variants=2"
CVE-2023-38173,25822,description,description_cross_split,risk,"Normalized exact match; sha256=0f5f1a1a2961ccfbbe82d2e5beb0b94499e5a8c87365395d838b2ed11974f1f9; splits=test,train,validation; target_variants=3"
CVE-2024-21387,43545,description,description_cross_split,risk,"Normalized exact match; sha256=0f5f1a1a2961ccfbbe82d2e5beb0b94499e5a8c87365395d838b2ed11974f1f9; splits=test,train,validation; target_variants=3"
CVE-2024-26167,46980,description,description_cross_split,risk,"Normalized exact match; sha256=0f5f1a1a2961ccfbbe82d2e5beb0b94499e5a8c87365395d838b2ed11974f1f9; splits=test,train,validation; target_variants=3"
CVE-2024-38208,56138,description,description_cross_split,risk,"Normalized exact match; sha256=0f5f1a1a2961ccfbbe82d2e5beb0b94499e5a8c87365395d838b2ed11974f1f9; splits=test,train,validation; target_variants=3"
CVE-2023-36883,24831,description,description_cross_split,risk,"Normalized exact match; sha256=fd09d2c2a6b0f8924a4027a76640384d215a68803c29f5508be041f435ea3d72; splits=train,validation; target_variants=2"
CVE-2024-30057,49913,description,description_cross_split,risk,"Normalized exact match; sha256=fd09d2c2a6b0f8924a4027a76640384d215a68803c29f5508be041f435ea3d72; splits=train,validation; target_variants=2"
CVE-2023-23399,14190,description,description_cross_split,risk,"Normalized exact match; sha256=165c2d53c9c824180dfd40dd7f9a69d68ddba2a9aa9692f6f6e54e79ac718141; splits=test,train,validation; target_variants=2"
CVE-2023-24953,15525,description,description_cross_split,risk,"Normalized exact match; sha256=165c2d53c9c824180dfd40dd7f9a69d68ddba2a9aa9692f6f6e54e79ac718141; splits=test,train,validation; target_variants=2"
CVE-2023-32029,21059,description,description_cross_split,risk,"Normalized exact match; sha256=165c2d53c9c824180dfd40dd7f9a69d68ddba2a9aa9692f6f6e54e79ac718141; splits=test,train,validation; target_variants=2"
CVE-2023-33133,22125,description,description_cross_split,risk,"Normalized exact match; sha256=165c2d53c9c824180dfd40dd7f9a69d68ddba2a9aa9692f6f6e54e79ac718141; splits=test,train,validation; target_variants=2"
CVE-2023-33137,22129,description,description_cross_split,risk,"Normalized exact match; sha256=165c2d53c9c824180dfd40dd7f9a69d68ddba2a9aa9692f6f6e54e79ac718141; splits=test,train,validation; target_variants=2"
CVE-2023-33158,22150,description,description_cross_split,risk,"Normalized exact match; sha256=165c2d53c9c824180dfd40dd7f9a69d68ddba2a9aa9692f6f6e54e79ac718141; splits=test,train,validation; target_variants=2"
CVE-2023-33161,22154,description,description_cross_split,risk,"Normalized exact match; sha256=165c2d53c9c824180dfd40dd7f9a69d68ddba2a9aa9692f6f6e54e79ac718141; splits=test,train,validation; target_variants=2"
CVE-2023-36041,24167,description,description_cross_split,risk,"Normalized exact match; sha256=165c2d53c9c824180dfd40dd7f9a69d68ddba2a9aa9692f6f6e54e79ac718141; splits=test,train,validation; target_variants=2"
CVE-2023-36896,24844,description,description_cross_split,risk,"Normalized exact match; sha256=165c2d53c9c824180dfd40dd7f9a69d68ddba2a9aa9692f6f6e54e79ac718141; splits=test,train,validation; target_variants=2"
CVE-2024-26257,47075,description,description_cross_split,risk,"Normalized exact match; sha256=165c2d53c9c824180dfd40dd7f9a69d68ddba2a9aa9692f6f6e54e79ac718141; splits=test,train,validation; target_variants=2"
CVE-2024-30042,49897,description,description_cross_split,risk,"Normalized exact match; sha256=165c2d53c9c824180dfd40dd7f9a69d68ddba2a9aa9692f6f6e54e79ac718141; splits=test,train,validation; target_variants=2"
CVE-2024-38170,56101,description,description_cross_split,risk,"Normalized exact match; sha256=165c2d53c9c824180dfd40dd7f9a69d68ddba2a9aa9692f6f6e54e79ac718141; splits=test,train,validation; target_variants=2"
CVE-2024-38172,56103,description,description_cross_split,risk,"Normalized exact match; sha256=165c2d53c9c824180dfd40dd7f9a69d68ddba2a9aa9692f6f6e54e79ac718141; splits=test,train,validation; target_variants=2"
CVE-2024-43504,59892,description,description_cross_split,risk,"Normalized exact match; sha256=165c2d53c9c824180dfd40dd7f9a69d68ddba2a9aa9692f6f6e54e79ac718141; splits=test,train,validation; target_variants=2"
CVE-2024-49026,63481,description,description_cross_split,risk,"Normalized exact match; sha256=165c2d53c9c824180dfd40dd7f9a69d68ddba2a9aa9692f6f6e54e79ac718141; splits=test,train,validation; target_variants=2"
CVE-2024-49027,63482,description,description_cross_split,risk,"Normalized exact match; sha256=165c2d53c9c824180dfd40dd7f9a69d68ddba2a9aa9692f6f6e54e79ac718141; splits=test,train,validation; target_variants=2"
CVE-2024-49028,63483,description,description_cross_split,risk,"Normalized exact match; sha256=165c2d53c9c824180dfd40dd7f9a69d68ddba2a9aa9692f6f6e54e79ac718141; splits=test,train,validation; target_variants=2"
CVE-2024-49029,63484,description,description_cross_split,risk,"Normalized exact match; sha256=165c2d53c9c824180dfd40dd7f9a69d68ddba2a9aa9692f6f6e54e79ac718141; splits=test,train,validation; target_variants=2"
CVE-2024-49030,63486,description,description_cross_split,risk,"Normalized exact match; sha256=165c2d53c9c824180dfd40dd7f9a69d68ddba2a9aa9692f6f6e54e79ac718141; splits=test,train,validation; target_variants=2"
CVE-2024-49069,63518,description,description_cross_split,risk,"Normalized exact match; sha256=165c2d53c9c824180dfd40dd7f9a69d68ddba2a9aa9692f6f6e54e79ac718141; splits=test,train,validation; target_variants=2"
CVE-2023-21709,12865,description,description_cross_split,risk,"Normalized exact match; sha256=4d81bd39337b0d57b9cb44ad69aaac286b5fed65f6a9ce90aa311c7a4b25ae2f; splits=train,validation; target_variants=2"
CVE-2023-21763,12921,description,description_cross_split,risk,"Normalized exact match; sha256=4d81bd39337b0d57b9cb44ad69aaac286b5fed65f6a9ce90aa311c7a4b25ae2f; splits=train,validation; target_variants=2"
CVE-2023-21764,12922,description,description_cross_split,risk,"Normalized exact match; sha256=4d81bd39337b0d57b9cb44ad69aaac286b5fed65f6a9ce90aa311c7a4b25ae2f; splits=train,validation; target_variants=2"
CVE-2024-21410,43571,description,description_cross_split,risk,"Normalized exact match; sha256=4d81bd39337b0d57b9cb44ad69aaac286b5fed65f6a9ce90aa311c7a4b25ae2f; splits=train,validation; target_variants=2"
CVE-2023-21529,12684,description,description_cross_split,risk,"Normalized exact match; sha256=7400913e12865acf8fb92b5a1ac25f6bcb3917af67cab0488f50cf42d39bd361; splits=train,validation; target_variants=4"
CVE-2023-21706,12862,description,description_cross_split,risk,"Normalized exact match; sha256=7400913e12865acf8fb92b5a1ac25f6bcb3917af67cab0488f50cf42d39bd361; splits=train,validation; target_variants=4"
CVE-2023-21707,12863,description,description_cross_split,risk,"Normalized exact match; sha256=7400913e12865acf8fb92b5a1ac25f6bcb3917af67cab0488f50cf42d39bd361; splits=train,validation; target_variants=4"
CVE-2023-21710,12867,description,description_cross_split,risk,"Normalized exact match; sha256=7400913e12865acf8fb92b5a1ac25f6bcb3917af67cab0488f50cf42d39bd361; splits=train,validation; target_variants=4"
CVE-2023-28310,18263,description,description_cross_split,risk,"Normalized exact match; sha256=7400913e12865acf8fb92b5a1ac25f6bcb3917af67cab0488f50cf42d39bd361; splits=train,validation; target_variants=4"
CVE-2023-32031,21062,description,description_cross_split,risk,"Normalized exact match; sha256=7400913e12865acf8fb92b5a1ac25f6bcb3917af67cab0488f50cf42d39bd361; splits=train,validation; target_variants=4"
CVE-2023-35388,23738,description,description_cross_split,risk,"Normalized exact match; sha256=7400913e12865acf8fb92b5a1ac25f6bcb3917af67cab0488f50cf42d39bd361; splits=train,validation; target_variants=4"
CVE-2023-36439,24414,description,description_cross_split,risk,"Normalized exact match; sha256=7400913e12865acf8fb92b5a1ac25f6bcb3917af67cab0488f50cf42d39bd361; splits=train,validation; target_variants=4"
CVE-2023-36744,24698,description,description_cross_split,risk,"Normalized exact match; sha256=7400913e12865acf8fb92b5a1ac25f6bcb3917af67cab0488f50cf42d39bd361; splits=train,validation; target_variants=4"
CVE-2023-36745,24699,description,description_cross_split,risk,"Normalized exact match; sha256=7400913e12865acf8fb92b5a1ac25f6bcb3917af67cab0488f50cf42d39bd361; splits=train,validation; target_variants=4"
CVE-2023-36756,24711,description,description_cross_split,risk,"Normalized exact match; sha256=7400913e12865acf8fb92b5a1ac25f6bcb3917af67cab0488f50cf42d39bd361; splits=train,validation; target_variants=4"
CVE-2023-36778,24732,description,description_cross_split,risk,"Normalized exact match; sha256=7400913e12865acf8fb92b5a1ac25f6bcb3917af67cab0488f50cf42d39bd361; splits=train,validation; target_variants=4"
CVE-2023-38182,25830,description,description_cross_split,risk,"Normalized exact match; sha256=7400913e12865acf8fb92b5a1ac25f6bcb3917af67cab0488f50cf42d39bd361; splits=train,validation; target_variants=4"
CVE-2023-38185,25832,description,description_cross_split,risk,"Normalized exact match; sha256=7400913e12865acf8fb92b5a1ac25f6bcb3917af67cab0488f50cf42d39bd361; splits=train,validation; target_variants=4"
CVE-2024-26198,47013,description,description_cross_split,risk,"Normalized exact match; sha256=7400913e12865acf8fb92b5a1ac25f6bcb3917af67cab0488f50cf42d39bd361; splits=train,validation; target_variants=4"
CVE-2023-21745,12902,description,description_cross_split,risk,"Normalized exact match; sha256=2987a6bf16655624371bce40a0e754f0299519a7ad3015641a2f27441a6f6209; splits=test,train; target_variants=3"
CVE-2023-21762,12920,description,description_cross_split,risk,"Normalized exact match; sha256=2987a6bf16655624371bce40a0e754f0299519a7ad3015641a2f27441a6f6209; splits=test,train; target_variants=3"
CVE-2023-36035,24161,description,description_cross_split,risk,"Normalized exact match; sha256=2987a6bf16655624371bce40a0e754f0299519a7ad3015641a2f27441a6f6209; splits=test,train; target_variants=3"
CVE-2023-36039,24165,description,description_cross_split,risk,"Normalized exact match; sha256=2987a6bf16655624371bce40a0e754f0299519a7ad3015641a2f27441a6f6209; splits=test,train; target_variants=3"
CVE-2023-36050,24175,description,description_cross_split,risk,"Normalized exact match; sha256=2987a6bf16655624371bce40a0e754f0299519a7ad3015641a2f27441a6f6209; splits=test,train; target_variants=3"
CVE-2023-36757,24712,description,description_cross_split,risk,"Normalized exact match; sha256=2987a6bf16655624371bce40a0e754f0299519a7ad3015641a2f27441a6f6209; splits=test,train; target_variants=3"
CVE-2023-38181,25829,description,description_cross_split,risk,"Normalized exact match; sha256=2987a6bf16655624371bce40a0e754f0299519a7ad3015641a2f27441a6f6209; splits=test,train; target_variants=3"
CVE-2024-49040,63494,description,description_cross_split,risk,"Normalized exact match; sha256=2987a6bf16655624371bce40a0e754f0299519a7ad3015641a2f27441a6f6209; splits=test,train; target_variants=3"
CVE-2023-35347,23697,description,description_cross_split,risk,"Normalized exact match; sha256=a8bc0e62c30f46c6290be118a0b40c6fb500c4e6884fdb3effaccf01cb6c639e; splits=train,validation; target_variants=2"
CVE-2024-26158,46970,description,description_cross_split,risk,"Normalized exact match; sha256=a8bc0e62c30f46c6290be118a0b40c6fb500c4e6884fdb3effaccf01cb6c639e; splits=train,validation; target_variants=2"
CVE-2023-36428,24404,description,description_cross_split,risk,"Normalized exact match; sha256=a20c9ad61ddc20fc50701bbae46652718526b30e60b24e67adb4ffb9f4997671; splits=train,validation; target_variants=2"
CVE-2024-20692,42841,description,description_cross_split,risk,"Normalized exact match; sha256=a20c9ad61ddc20fc50701bbae46652718526b30e60b24e67adb4ffb9f4997671; splits=train,validation; target_variants=2"
CVE-2024-26209,47024,description,description_cross_split,risk,"Normalized exact match; sha256=a20c9ad61ddc20fc50701bbae46652718526b30e60b24e67adb4ffb9f4997671; splits=train,validation; target_variants=2"
CVE-2023-21769,12927,description,description_cross_split,risk,"Normalized exact match; sha256=e5304de17ef557b697f2f3c7af5fe3d3cc39b3d2b7af30880c5f024a574d75fb; splits=test,train,validation; target_variants=2"
CVE-2023-28302,18254,description,description_cross_split,risk,"Normalized exact match; sha256=e5304de17ef557b697f2f3c7af5fe3d3cc39b3d2b7af30880c5f024a574d75fb; splits=test,train,validation; target_variants=2"
CVE-2023-32044,21075,description,description_cross_split,risk,"Normalized exact match; sha256=e5304de17ef557b697f2f3c7af5fe3d3cc39b3d2b7af30880c5f024a574d75fb; splits=test,train,validation; target_variants=2"
CVE-2023-32045,21076,description,description_cross_split,risk,"Normalized exact match; sha256=e5304de17ef557b697f2f3c7af5fe3d3cc39b3d2b7af30880c5f024a574d75fb; splits=test,train,validation; target_variants=2"
CVE-2023-35376,23725,description,description_cross_split,risk,"Normalized exact match; sha256=e5304de17ef557b697f2f3c7af5fe3d3cc39b3d2b7af30880c5f024a574d75fb; splits=test,train,validation; target_variants=2"
CVE-2023-35377,23726,description,description_cross_split,risk,"Normalized exact match; sha256=e5304de17ef557b697f2f3c7af5fe3d3cc39b3d2b7af30880c5f024a574d75fb; splits=test,train,validation; target_variants=2"
CVE-2023-36431,24407,description,description_cross_split,risk,"Normalized exact match; sha256=e5304de17ef557b697f2f3c7af5fe3d3cc39b3d2b7af30880c5f024a574d75fb; splits=test,train,validation; target_variants=2"
CVE-2023-36579,24545,description,description_cross_split,risk,"Normalized exact match; sha256=e5304de17ef557b697f2f3c7af5fe3d3cc39b3d2b7af30880c5f024a574d75fb; splits=test,train,validation; target_variants=2"
CVE-2023-36581,24547,description,description_cross_split,risk,"Normalized exact match; sha256=e5304de17ef557b697f2f3c7af5fe3d3cc39b3d2b7af30880c5f024a574d75fb; splits=test,train,validation; target_variants=2"
CVE-2023-36606,24565,description,description_cross_split,risk,"Normalized exact match; sha256=e5304de17ef557b697f2f3c7af5fe3d3cc39b3d2b7af30880c5f024a574d75fb; splits=test,train,validation; target_variants=2"
CVE-2023-36909,24857,description,description_cross_split,risk,"Normalized exact match; sha256=e5304de17ef557b697f2f3c7af5fe3d3cc39b3d2b7af30880c5f024a574d75fb; splits=test,train,validation; target_variants=2"
CVE-2023-36912,24861,description,description_cross_split,risk,"Normalized exact match; sha256=e5304de17ef557b697f2f3c7af5fe3d3cc39b3d2b7af30880c5f024a574d75fb; splits=test,train,validation; target_variants=2"
CVE-2023-38172,25821,description,description_cross_split,risk,"Normalized exact match; sha256=e5304de17ef557b697f2f3c7af5fe3d3cc39b3d2b7af30880c5f024a574d75fb; splits=test,train,validation; target_variants=2"
CVE-2023-38254,25905,description,description_cross_split,risk,"Normalized exact match; sha256=e5304de17ef557b697f2f3c7af5fe3d3cc39b3d2b7af30880c5f024a574d75fb; splits=test,train,validation; target_variants=2"
CVE-2024-20661,42808,description,description_cross_split,risk,"Normalized exact match; sha256=e5304de17ef557b697f2f3c7af5fe3d3cc39b3d2b7af30880c5f024a574d75fb; splits=test,train,validation; target_variants=2"
CVE-2024-49096,63548,description,description_cross_split,risk,"Normalized exact match; sha256=e5304de17ef557b697f2f3c7af5fe3d3cc39b3d2b7af30880c5f024a574d75fb; splits=test,train,validation; target_variants=2"
CVE-2023-21537,12690,description,description_cross_split,risk,"Normalized exact match; sha256=c92a72912565caca8a3a6c7ef87aeb1db27668abdc26647fae2c9f0107aeadb5; splits=train,validation; target_variants=2"
CVE-2024-21354,43509,description,description_cross_split,risk,"Normalized exact match; sha256=c92a72912565caca8a3a6c7ef87aeb1db27668abdc26647fae2c9f0107aeadb5; splits=train,validation; target_variants=2"
CVE-2024-21355,43510,description,description_cross_split,risk,"Normalized exact match; sha256=c92a72912565caca8a3a6c7ef87aeb1db27668abdc26647fae2c9f0107aeadb5; splits=train,validation; target_variants=2"
CVE-2024-21405,43565,description,description_cross_split,risk,"Normalized exact match; sha256=c92a72912565caca8a3a6c7ef87aeb1db27668abdc26647fae2c9f0107aeadb5; splits=train,validation; target_variants=2"
CVE-2023-21554,12707,description,description_cross_split,risk,"Normalized exact match; sha256=4959c41420c62caeb818fb55549fa9169136b3776bfa71d50f21da35cee38ec8; splits=test,train,validation; target_variants=7"
CVE-2023-32057,21088,description,description_cross_split,risk,"Normalized exact match; sha256=4959c41420c62caeb818fb55549fa9169136b3776bfa71d50f21da35cee38ec8; splits=test,train,validation; target_variants=7"
CVE-2023-35309,23657,description,description_cross_split,risk,"Normalized exact match; sha256=4959c41420c62caeb818fb55549fa9169136b3776bfa71d50f21da35cee38ec8; splits=test,train,validation; target_variants=7"
CVE-2023-35349,23699,description,description_cross_split,risk,"Normalized exact match; sha256=4959c41420c62caeb818fb55549fa9169136b3776bfa71d50f21da35cee38ec8; splits=test,train,validation; target_variants=7"
CVE-2023-35385,23735,description,description_cross_split,risk,"Normalized exact match; sha256=4959c41420c62caeb818fb55549fa9169136b3776bfa71d50f21da35cee38ec8; splits=test,train,validation; target_variants=7"
CVE-2023-36570,24536,description,description_cross_split,risk,"Normalized exact match; sha256=4959c41420c62caeb818fb55549fa9169136b3776bfa71d50f21da35cee38ec8; splits=test,train,validation; target_variants=7"
CVE-2023-36571,24537,description,description_cross_split,risk,"Normalized exact match; sha256=4959c41420c62caeb818fb55549fa9169136b3776bfa71d50f21da35cee38ec8; splits=test,train,validation; target_variants=7"
CVE-2023-36572,24538,description,description_cross_split,risk,"Normalized exact match; sha256=4959c41420c62caeb818fb55549fa9169136b3776bfa71d50f21da35cee38ec8; splits=test,train,validation; target_variants=7"
CVE-2023-36573,24539,description,description_cross_split,risk,"Normalized exact match; sha256=4959c41420c62caeb818fb55549fa9169136b3776bfa71d50f21da35cee38ec8; splits=test,train,validation; target_variants=7"
CVE-2023-36574,24540,description,description_cross_split,risk,"Normalized exact match; sha256=4959c41420c62caeb818fb55549fa9169136b3776bfa71d50f21da35cee38ec8; splits=test,train,validation; target_variants=7"
CVE-2023-36575,24541,description,description_cross_split,risk,"Normalized exact match; sha256=4959c41420c62caeb818fb55549fa9169136b3776bfa71d50f21da35cee38ec8; splits=test,train,validation; target_variants=7"
CVE-2023-36578,24544,description,description_cross_split,risk,"Normalized exact match; sha256=4959c41420c62caeb818fb55549fa9169136b3776bfa71d50f21da35cee38ec8; splits=test,train,validation; target_variants=7"
CVE-2023-36582,24548,description,description_cross_split,risk,"Normalized exact match; sha256=4959c41420c62caeb818fb55549fa9169136b3776bfa71d50f21da35cee38ec8; splits=test,train,validation; target_variants=7"
CVE-2023-36583,24549,description,description_cross_split,risk,"Normalized exact match; sha256=4959c41420c62caeb818fb55549fa9169136b3776bfa71d50f21da35cee38ec8; splits=test,train,validation; target_variants=7"
CVE-2023-36589,24552,description,description_cross_split,risk,"Normalized exact match; sha256=4959c41420c62caeb818fb55549fa9169136b3776bfa71d50f21da35cee38ec8; splits=test,train,validation; target_variants=7"
CVE-2023-36590,24554,description,description_cross_split,risk,"Normalized exact match; sha256=4959c41420c62caeb818fb55549fa9169136b3776bfa71d50f21da35cee38ec8; splits=test,train,validation; target_variants=7"
CVE-2023-36591,24555,description,description_cross_split,risk,"Normalized exact match; sha256=4959c41420c62caeb818fb55549fa9169136b3776bfa71d50f21da35cee38ec8; splits=test,train,validation; target_variants=7"
CVE-2023-36592,24556,description,description_cross_split,risk,"Normalized exact match; sha256=4959c41420c62caeb818fb55549fa9169136b3776bfa71d50f21da35cee38ec8; splits=test,train,validation; target_variants=7"
CVE-2023-36593,24557,description,description_cross_split,risk,"Normalized exact match; sha256=4959c41420c62caeb818fb55549fa9169136b3776bfa71d50f21da35cee38ec8; splits=test,train,validation; target_variants=7"
CVE-2023-36697,24655,description,description_cross_split,risk,"Normalized exact match; sha256=4959c41420c62caeb818fb55549fa9169136b3776bfa71d50f21da35cee38ec8; splits=test,train,validation; target_variants=7"
CVE-2023-36910,24859,description,description_cross_split,risk,"Normalized exact match; sha256=4959c41420c62caeb818fb55549fa9169136b3776bfa71d50f21da35cee38ec8; splits=test,train,validation; target_variants=7"
CVE-2023-36911,24860,description,description_cross_split,risk,"Normalized exact match; sha256=4959c41420c62caeb818fb55549fa9169136b3776bfa71d50f21da35cee38ec8; splits=test,train,validation; target_variants=7"
CVE-2024-21363,43519,description,description_cross_split,risk,"Normalized exact match; sha256=4959c41420c62caeb818fb55549fa9169136b3776bfa71d50f21da35cee38ec8; splits=test,train,validation; target_variants=7"
CVE-2024-26208,47023,description,description_cross_split,risk,"Normalized exact match; sha256=4959c41420c62caeb818fb55549fa9169136b3776bfa71d50f21da35cee38ec8; splits=test,train,validation; target_variants=7"
CVE-2024-26232,47049,description,description_cross_split,risk,"Normalized exact match; sha256=4959c41420c62caeb818fb55549fa9169136b3776bfa71d50f21da35cee38ec8; splits=test,train,validation; target_variants=7"
CVE-2024-30080,49939,description,description_cross_split,risk,"Normalized exact match; sha256=4959c41420c62caeb818fb55549fa9169136b3776bfa71d50f21da35cee38ec8; splits=test,train,validation; target_variants=7"
CVE-2024-49118,63571,description,description_cross_split,risk,"Normalized exact match; sha256=4959c41420c62caeb818fb55549fa9169136b3776bfa71d50f21da35cee38ec8; splits=test,train,validation; target_variants=7"
CVE-2024-49122,63576,description,description_cross_split,risk,"Normalized exact match; sha256=4959c41420c62caeb818fb55549fa9169136b3776bfa71d50f21da35cee38ec8; splits=test,train,validation; target_variants=7"
CVE-2023-35383,23733,description,description_cross_split,risk,"Normalized exact match; sha256=c363fa86e80a7d331e2db90259f33c746bb67040643255ece6cabb6381741da0; splits=test,train,validation; target_variants=3"
CVE-2023-36913,24862,description,description_cross_split,risk,"Normalized exact match; sha256=c363fa86e80a7d331e2db90259f33c746bb67040643255ece6cabb6381741da0; splits=test,train,validation; target_variants=3"
CVE-2024-20660,42807,description,description_cross_split,risk,"Normalized exact match; sha256=c363fa86e80a7d331e2db90259f33c746bb67040643255ece6cabb6381741da0; splits=test,train,validation; target_variants=3"
CVE-2024-20664,42811,description,description_cross_split,risk,"Normalized exact match; sha256=c363fa86e80a7d331e2db90259f33c746bb67040643255ece6cabb6381741da0; splits=test,train,validation; target_variants=3"
CVE-2024-21314,43466,description,description_cross_split,risk,"Normalized exact match; sha256=c363fa86e80a7d331e2db90259f33c746bb67040643255ece6cabb6381741da0; splits=test,train,validation; target_variants=3"
CVE-2024-38017,55942,description,description_cross_split,risk,"Normalized exact match; sha256=c363fa86e80a7d331e2db90259f33c746bb67040643255ece6cabb6381741da0; splits=test,train,validation; target_variants=3"
CVE-2023-21704,12860,description,description_cross_split,risk,"Normalized exact match; sha256=48a169dbc8accb41f7a55f9ac9d2aa9409986ec2a7ff40ee4ae8ac6b4a2367e0; splits=train,validation; target_variants=3"
CVE-2023-21718,12874,description,description_cross_split,risk,"Normalized exact match; sha256=48a169dbc8accb41f7a55f9ac9d2aa9409986ec2a7ff40ee4ae8ac6b4a2367e0; splits=train,validation; target_variants=3"
CVE-2023-29356,19242,description,description_cross_split,risk,"Normalized exact match; sha256=48a169dbc8accb41f7a55f9ac9d2aa9409986ec2a7ff40ee4ae8ac6b4a2367e0; splits=train,validation; target_variants=3"
CVE-2023-32025,21055,description,description_cross_split,risk,"Normalized exact match; sha256=48a169dbc8accb41f7a55f9ac9d2aa9409986ec2a7ff40ee4ae8ac6b4a2367e0; splits=train,validation; target_variants=3"
CVE-2023-32026,21056,description,description_cross_split,risk,"Normalized exact match; sha256=48a169dbc8accb41f7a55f9ac9d2aa9409986ec2a7ff40ee4ae8ac6b4a2367e0; splits=train,validation; target_variants=3"
CVE-2023-32027,21057,description,description_cross_split,risk,"Normalized exact match; sha256=48a169dbc8accb41f7a55f9ac9d2aa9409986ec2a7ff40ee4ae8ac6b4a2367e0; splits=train,validation; target_variants=3"
CVE-2023-36420,24398,description,description_cross_split,risk,"Normalized exact match; sha256=48a169dbc8accb41f7a55f9ac9d2aa9409986ec2a7ff40ee4ae8ac6b4a2367e0; splits=train,validation; target_variants=3"
CVE-2023-36730,24686,description,description_cross_split,risk,"Normalized exact match; sha256=48a169dbc8accb41f7a55f9ac9d2aa9409986ec2a7ff40ee4ae8ac6b4a2367e0; splits=train,validation; target_variants=3"
CVE-2023-36785,24735,description,description_cross_split,risk,"Normalized exact match; sha256=48a169dbc8accb41f7a55f9ac9d2aa9409986ec2a7ff40ee4ae8ac6b4a2367e0; splits=train,validation; target_variants=3"
CVE-2024-28929,49110,description,description_cross_split,risk,"Normalized exact match; sha256=48a169dbc8accb41f7a55f9ac9d2aa9409986ec2a7ff40ee4ae8ac6b4a2367e0; splits=train,validation; target_variants=3"
CVE-2024-28930,49112,description,description_cross_split,risk,"Normalized exact match; sha256=48a169dbc8accb41f7a55f9ac9d2aa9409986ec2a7ff40ee4ae8ac6b4a2367e0; splits=train,validation; target_variants=3"
CVE-2024-28931,49113,description,description_cross_split,risk,"Normalized exact match; sha256=48a169dbc8accb41f7a55f9ac9d2aa9409986ec2a7ff40ee4ae8ac6b4a2367e0; splits=train,validation; target_variants=3"
CVE-2024-28932,49114,description,description_cross_split,risk,"Normalized exact match; sha256=48a169dbc8accb41f7a55f9ac9d2aa9409986ec2a7ff40ee4ae8ac6b4a2367e0; splits=train,validation; target_variants=3"
CVE-2024-28933,49115,description,description_cross_split,risk,"Normalized exact match; sha256=48a169dbc8accb41f7a55f9ac9d2aa9409986ec2a7ff40ee4ae8ac6b4a2367e0; splits=train,validation; target_variants=3"
CVE-2024-28934,49116,description,description_cross_split,risk,"Normalized exact match; sha256=48a169dbc8accb41f7a55f9ac9d2aa9409986ec2a7ff40ee4ae8ac6b4a2367e0; splits=train,validation; target_variants=3"
CVE-2024-28935,49117,description,description_cross_split,risk,"Normalized exact match; sha256=48a169dbc8accb41f7a55f9ac9d2aa9409986ec2a7ff40ee4ae8ac6b4a2367e0; splits=train,validation; target_variants=3"
CVE-2024-28936,49118,description,description_cross_split,risk,"Normalized exact match; sha256=48a169dbc8accb41f7a55f9ac9d2aa9409986ec2a7ff40ee4ae8ac6b4a2367e0; splits=train,validation; target_variants=3"
CVE-2024-28937,49119,description,description_cross_split,risk,"Normalized exact match; sha256=48a169dbc8accb41f7a55f9ac9d2aa9409986ec2a7ff40ee4ae8ac6b4a2367e0; splits=train,validation; target_variants=3"
CVE-2024-28938,49120,description,description_cross_split,risk,"Normalized exact match; sha256=48a169dbc8accb41f7a55f9ac9d2aa9409986ec2a7ff40ee4ae8ac6b4a2367e0; splits=train,validation; target_variants=3"
CVE-2024-28941,49124,description,description_cross_split,risk,"Normalized exact match; sha256=48a169dbc8accb41f7a55f9ac9d2aa9409986ec2a7ff40ee4ae8ac6b4a2367e0; splits=train,validation; target_variants=3"
CVE-2024-28943,49126,description,description_cross_split,risk,"Normalized exact match; sha256=48a169dbc8accb41f7a55f9ac9d2aa9409986ec2a7ff40ee4ae8ac6b4a2367e0; splits=train,validation; target_variants=3"
CVE-2024-29043,49220,description,description_cross_split,risk,"Normalized exact match; sha256=48a169dbc8accb41f7a55f9ac9d2aa9409986ec2a7ff40ee4ae8ac6b4a2367e0; splits=train,validation; target_variants=3"
CVE-2023-21732,12888,description,description_cross_split,risk,"Normalized exact match; sha256=8e8049a3a5a662b926fc93a264be0a4dd96c6ba8ace4cbad23f7c02470b1191a; splits=train,validation; target_variants=3"
CVE-2023-21797,12957,description,description_cross_split,risk,"Normalized exact match; sha256=8e8049a3a5a662b926fc93a264be0a4dd96c6ba8ace4cbad23f7c02470b1191a; splits=train,validation; target_variants=3"
CVE-2023-21798,12958,description,description_cross_split,risk,"Normalized exact match; sha256=8e8049a3a5a662b926fc93a264be0a4dd96c6ba8ace4cbad23f7c02470b1191a; splits=train,validation; target_variants=3"
CVE-2023-29373,19261,description,description_cross_split,risk,"Normalized exact match; sha256=8e8049a3a5a662b926fc93a264be0a4dd96c6ba8ace4cbad23f7c02470b1191a; splits=train,validation; target_variants=3"
CVE-2023-32038,21068,description,description_cross_split,risk,"Normalized exact match; sha256=8e8049a3a5a662b926fc93a264be0a4dd96c6ba8ace4cbad23f7c02470b1191a; splits=train,validation; target_variants=3"
CVE-2023-35639,23784,description,description_cross_split,risk,"Normalized exact match; sha256=8e8049a3a5a662b926fc93a264be0a4dd96c6ba8ace4cbad23f7c02470b1191a; splits=train,validation; target_variants=3"
CVE-2024-20654,42800,description,description_cross_split,risk,"Normalized exact match; sha256=8e8049a3a5a662b926fc93a264be0a4dd96c6ba8ace4cbad23f7c02470b1191a; splits=train,validation; target_variants=3"
CVE-2024-21347,43501,description,description_cross_split,risk,"Normalized exact match; sha256=8e8049a3a5a662b926fc93a264be0a4dd96c6ba8ace4cbad23f7c02470b1191a; splits=train,validation; target_variants=3"
CVE-2024-21440,43603,description,description_cross_split,risk,"Normalized exact match; sha256=8e8049a3a5a662b926fc93a264be0a4dd96c6ba8ace4cbad23f7c02470b1191a; splits=train,validation; target_variants=3"
CVE-2024-21451,43615,description,description_cross_split,risk,"Normalized exact match; sha256=8e8049a3a5a662b926fc93a264be0a4dd96c6ba8ace4cbad23f7c02470b1191a; splits=train,validation; target_variants=3"
CVE-2024-26159,46971,description,description_cross_split,risk,"Normalized exact match; sha256=8e8049a3a5a662b926fc93a264be0a4dd96c6ba8ace4cbad23f7c02470b1191a; splits=train,validation; target_variants=3"
CVE-2024-26162,46975,description,description_cross_split,risk,"Normalized exact match; sha256=8e8049a3a5a662b926fc93a264be0a4dd96c6ba8ace4cbad23f7c02470b1191a; splits=train,validation; target_variants=3"
CVE-2023-33148,22139,description,description_cross_split,risk,"Normalized exact match; sha256=1dfd482938ff123718b20861570fa5bb8617a90a4cb4745ca7ed5ed79ed928dd; splits=test,train,validation; target_variants=4"
CVE-2023-36569,24534,description,description_cross_split,risk,"Normalized exact match; sha256=1dfd482938ff123718b20861570fa5bb8617a90a4cb4745ca7ed5ed79ed928dd; splits=test,train,validation; target_variants=4"
CVE-2023-36765,24721,description,description_cross_split,risk,"Normalized exact match; sha256=1dfd482938ff123718b20861570fa5bb8617a90a4cb4745ca7ed5ed79ed928dd; splits=test,train,validation; target_variants=4"
CVE-2024-26199,47014,description,description_cross_split,risk,"Normalized exact match; sha256=1dfd482938ff123718b20861570fa5bb8617a90a4cb4745ca7ed5ed79ed928dd; splits=test,train,validation; target_variants=4"
CVE-2024-43600,59988,description,description_cross_split,risk,"Normalized exact match; sha256=1dfd482938ff123718b20861570fa5bb8617a90a4cb4745ca7ed5ed79ed928dd; splits=test,train,validation; target_variants=4"
CVE-2024-49059,63510,description,description_cross_split,risk,"Normalized exact match; sha256=1dfd482938ff123718b20861570fa5bb8617a90a4cb4745ca7ed5ed79ed928dd; splits=test,train,validation; target_variants=4"
CVE-2023-33149,22140,description,description_cross_split,risk,"Normalized exact match; sha256=65912acaf2941cfedee3d17af475805fa948e96cc003175de69aa20301df9649; splits=test,train; target_variants=1"
CVE-2023-36045,24170,description,description_cross_split,risk,"Normalized exact match; sha256=65912acaf2941cfedee3d17af475805fa948e96cc003175de69aa20301df9649; splits=test,train; target_variants=1"
CVE-2024-49031,63487,description,description_cross_split,risk,"Normalized exact match; sha256=65912acaf2941cfedee3d17af475805fa948e96cc003175de69aa20301df9649; splits=test,train; target_variants=1"
CVE-2024-49032,63488,description,description_cross_split,risk,"Normalized exact match; sha256=65912acaf2941cfedee3d17af475805fa948e96cc003175de69aa20301df9649; splits=test,train; target_variants=1"
CVE-2023-21734,12890,description,description_cross_split,risk,"Normalized exact match; sha256=f18eb38e26edaae34f359ff2628fd027f3a07e062125502e8c13420f78784d3e; splits=test,train,validation; target_variants=5"
CVE-2023-21735,12891,description,description_cross_split,risk,"Normalized exact match; sha256=f18eb38e26edaae34f359ff2628fd027f3a07e062125502e8c13420f78784d3e; splits=test,train,validation; target_variants=5"
CVE-2023-28285,18237,description,description_cross_split,risk,"Normalized exact match; sha256=f18eb38e26edaae34f359ff2628fd027f3a07e062125502e8c13420f78784d3e; splits=test,train,validation; target_variants=5"
CVE-2023-29344,19229,description,description_cross_split,risk,"Normalized exact match; sha256=f18eb38e26edaae34f359ff2628fd027f3a07e062125502e8c13420f78784d3e; splits=test,train,validation; target_variants=5"
CVE-2023-33146,22138,description,description_cross_split,risk,"Normalized exact match; sha256=f18eb38e26edaae34f359ff2628fd027f3a07e062125502e8c13420f78784d3e; splits=test,train,validation; target_variants=5"
CVE-2023-35371,23721,description,description_cross_split,risk,"Normalized exact match; sha256=f18eb38e26edaae34f359ff2628fd027f3a07e062125502e8c13420f78784d3e; splits=test,train,validation; target_variants=5"
CVE-2024-20673,42820,description,description_cross_split,risk,"Normalized exact match; sha256=f18eb38e26edaae34f359ff2628fd027f3a07e062125502e8c13420f78784d3e; splits=test,train,validation; target_variants=5"
CVE-2024-30101,49962,description,description_cross_split,risk,"Normalized exact match; sha256=f18eb38e26edaae34f359ff2628fd027f3a07e062125502e8c13420f78784d3e; splits=test,train,validation; target_variants=5"
CVE-2024-30102,49963,description,description_cross_split,risk,"Normalized exact match; sha256=f18eb38e26edaae34f359ff2628fd027f3a07e062125502e8c13420f78784d3e; splits=test,train,validation; target_variants=5"
CVE-2024-30104,49965,description,description_cross_split,risk,"Normalized exact match; sha256=f18eb38e26edaae34f359ff2628fd027f3a07e062125502e8c13420f78784d3e; splits=test,train,validation; target_variants=5"
CVE-2024-43576,59964,description,description_cross_split,risk,"Normalized exact match; sha256=f18eb38e26edaae34f359ff2628fd027f3a07e062125502e8c13420f78784d3e; splits=test,train,validation; target_variants=5"
CVE-2024-43616,60003,description,description_cross_split,risk,"Normalized exact match; sha256=f18eb38e26edaae34f359ff2628fd027f3a07e062125502e8c13420f78784d3e; splits=test,train,validation; target_variants=5"
CVE-2024-49065,63516,description,description_cross_split,risk,"Normalized exact match; sha256=f18eb38e26edaae34f359ff2628fd027f3a07e062125502e8c13420f78784d3e; splits=test,train,validation; target_variants=5"
CVE-2023-41764,28698,description,description_cross_split,risk,"Normalized exact match; sha256=611047f7ca99d10206e5939bf987f11da379a12ec931fae1face9ce57cf1858a; splits=test,train; target_variants=3"
CVE-2024-38200,56131,description,description_cross_split,risk,"Normalized exact match; sha256=611047f7ca99d10206e5939bf987f11da379a12ec931fae1face9ce57cf1858a; splits=test,train; target_variants=3"
CVE-2024-43609,59995,description,description_cross_split,risk,"Normalized exact match; sha256=611047f7ca99d10206e5939bf987f11da379a12ec931fae1face9ce57cf1858a; splits=test,train; target_variants=3"
CVE-2023-21736,12892,description,description_cross_split,risk,"Normalized exact match; sha256=12ab6f9179c747777acbc77567aa711da77bb8f2563c5134018374025e4ca198; splits=test,train; target_variants=1"
CVE-2023-21737,12893,description,description_cross_split,risk,"Normalized exact match; sha256=12ab6f9179c747777acbc77567aa711da77bb8f2563c5134018374025e4ca198; splits=test,train; target_variants=1"
CVE-2023-21738,12894,description,description_cross_split,risk,"Normalized exact match; sha256=12ab6f9179c747777acbc77567aa711da77bb8f2563c5134018374025e4ca198; splits=test,train; target_variants=1"
CVE-2023-35372,23722,description,description_cross_split,risk,"Normalized exact match; sha256=12ab6f9179c747777acbc77567aa711da77bb8f2563c5134018374025e4ca198; splits=test,train; target_variants=1"
CVE-2023-36865,24814,description,description_cross_split,risk,"Normalized exact match; sha256=12ab6f9179c747777acbc77567aa711da77bb8f2563c5134018374025e4ca198; splits=test,train; target_variants=1"
CVE-2023-36866,24815,description,description_cross_split,risk,"Normalized exact match; sha256=12ab6f9179c747777acbc77567aa711da77bb8f2563c5134018374025e4ca198; splits=test,train; target_variants=1"
CVE-2024-38016,55941,description,description_cross_split,risk,"Normalized exact match; sha256=12ab6f9179c747777acbc77567aa711da77bb8f2563c5134018374025e4ca198; splits=test,train; target_variants=1"
CVE-2024-38169,56099,description,description_cross_split,risk,"Normalized exact match; sha256=12ab6f9179c747777acbc77567aa711da77bb8f2563c5134018374025e4ca198; splits=test,train; target_variants=1"
CVE-2024-43463,59854,description,description_cross_split,risk,"Normalized exact match; sha256=12ab6f9179c747777acbc77567aa711da77bb8f2563c5134018374025e4ca198; splits=test,train; target_variants=1"
CVE-2024-43505,59893,description,description_cross_split,risk,"Normalized exact match; sha256=12ab6f9179c747777acbc77567aa711da77bb8f2563c5134018374025e4ca198; splits=test,train; target_variants=1"
CVE-2024-28906,49086,description,description_cross_split,risk,"Normalized exact match; sha256=e62f4b0907163710f21eac1327ee34dbf335e74b5d8b922f9da4d6cbc6b86b84; splits=test,validation; target_variants=2"
CVE-2024-28908,49088,description,description_cross_split,risk,"Normalized exact match; sha256=e62f4b0907163710f21eac1327ee34dbf335e74b5d8b922f9da4d6cbc6b86b84; splits=test,validation; target_variants=2"
CVE-2024-28909,49089,description,description_cross_split,risk,"Normalized exact match; sha256=e62f4b0907163710f21eac1327ee34dbf335e74b5d8b922f9da4d6cbc6b86b84; splits=test,validation; target_variants=2"
CVE-2024-28910,49091,description,description_cross_split,risk,"Normalized exact match; sha256=e62f4b0907163710f21eac1327ee34dbf335e74b5d8b922f9da4d6cbc6b86b84; splits=test,validation; target_variants=2"
CVE-2024-28911,49092,description,description_cross_split,risk,"Normalized exact match; sha256=e62f4b0907163710f21eac1327ee34dbf335e74b5d8b922f9da4d6cbc6b86b84; splits=test,validation; target_variants=2"
CVE-2024-28912,49093,description,description_cross_split,risk,"Normalized exact match; sha256=e62f4b0907163710f21eac1327ee34dbf335e74b5d8b922f9da4d6cbc6b86b84; splits=test,validation; target_variants=2"
CVE-2024-28913,49094,description,description_cross_split,risk,"Normalized exact match; sha256=e62f4b0907163710f21eac1327ee34dbf335e74b5d8b922f9da4d6cbc6b86b84; splits=test,validation; target_variants=2"
CVE-2024-28914,49095,description,description_cross_split,risk,"Normalized exact match; sha256=e62f4b0907163710f21eac1327ee34dbf335e74b5d8b922f9da4d6cbc6b86b84; splits=test,validation; target_variants=2"
CVE-2024-28915,49096,description,description_cross_split,risk,"Normalized exact match; sha256=e62f4b0907163710f21eac1327ee34dbf335e74b5d8b922f9da4d6cbc6b86b84; splits=test,validation; target_variants=2"
CVE-2024-28926,49107,description,description_cross_split,risk,"Normalized exact match; sha256=e62f4b0907163710f21eac1327ee34dbf335e74b5d8b922f9da4d6cbc6b86b84; splits=test,validation; target_variants=2"
CVE-2024-28927,49108,description,description_cross_split,risk,"Normalized exact match; sha256=e62f4b0907163710f21eac1327ee34dbf335e74b5d8b922f9da4d6cbc6b86b84; splits=test,validation; target_variants=2"
CVE-2024-28939,49121,description,description_cross_split,risk,"Normalized exact match; sha256=e62f4b0907163710f21eac1327ee34dbf335e74b5d8b922f9da4d6cbc6b86b84; splits=test,validation; target_variants=2"
CVE-2024-28940,49123,description,description_cross_split,risk,"Normalized exact match; sha256=e62f4b0907163710f21eac1327ee34dbf335e74b5d8b922f9da4d6cbc6b86b84; splits=test,validation; target_variants=2"
CVE-2024-28942,49125,description,description_cross_split,risk,"Normalized exact match; sha256=e62f4b0907163710f21eac1327ee34dbf335e74b5d8b922f9da4d6cbc6b86b84; splits=test,validation; target_variants=2"
CVE-2024-28944,49127,description,description_cross_split,risk,"Normalized exact match; sha256=e62f4b0907163710f21eac1327ee34dbf335e74b5d8b922f9da4d6cbc6b86b84; splits=test,validation; target_variants=2"
CVE-2024-28945,49128,description,description_cross_split,risk,"Normalized exact match; sha256=e62f4b0907163710f21eac1327ee34dbf335e74b5d8b922f9da4d6cbc6b86b84; splits=test,validation; target_variants=2"
CVE-2024-29044,49221,description,description_cross_split,risk,"Normalized exact match; sha256=e62f4b0907163710f21eac1327ee34dbf335e74b5d8b922f9da4d6cbc6b86b84; splits=test,validation; target_variants=2"
CVE-2024-29045,49222,description,description_cross_split,risk,"Normalized exact match; sha256=e62f4b0907163710f21eac1327ee34dbf335e74b5d8b922f9da4d6cbc6b86b84; splits=test,validation; target_variants=2"
CVE-2024-29046,49223,description,description_cross_split,risk,"Normalized exact match; sha256=e62f4b0907163710f21eac1327ee34dbf335e74b5d8b922f9da4d6cbc6b86b84; splits=test,validation; target_variants=2"
CVE-2024-29047,49224,description,description_cross_split,risk,"Normalized exact match; sha256=e62f4b0907163710f21eac1327ee34dbf335e74b5d8b922f9da4d6cbc6b86b84; splits=test,validation; target_variants=2"
CVE-2024-29048,49225,description,description_cross_split,risk,"Normalized exact match; sha256=e62f4b0907163710f21eac1327ee34dbf335e74b5d8b922f9da4d6cbc6b86b84; splits=test,validation; target_variants=2"
CVE-2024-29982,49832,description,description_cross_split,risk,"Normalized exact match; sha256=e62f4b0907163710f21eac1327ee34dbf335e74b5d8b922f9da4d6cbc6b86b84; splits=test,validation; target_variants=2"
CVE-2024-29983,49833,description,description_cross_split,risk,"Normalized exact match; sha256=e62f4b0907163710f21eac1327ee34dbf335e74b5d8b922f9da4d6cbc6b86b84; splits=test,validation; target_variants=2"
CVE-2024-29984,49834,description,description_cross_split,risk,"Normalized exact match; sha256=e62f4b0907163710f21eac1327ee34dbf335e74b5d8b922f9da4d6cbc6b86b84; splits=test,validation; target_variants=2"
CVE-2024-29985,49835,description,description_cross_split,risk,"Normalized exact match; sha256=e62f4b0907163710f21eac1327ee34dbf335e74b5d8b922f9da4d6cbc6b86b84; splits=test,validation; target_variants=2"
CVE-2024-37334,55467,description,description_cross_split,risk,"Normalized exact match; sha256=e62f4b0907163710f21eac1327ee34dbf335e74b5d8b922f9da4d6cbc6b86b84; splits=test,validation; target_variants=2"
CVE-2023-23397,14188,description,description_cross_split,risk,"Normalized exact match; sha256=2325acca8d2a534327ea6376309c1769b79abfed922f8b22087a7ca8d2c0dc16; splits=train,validation; target_variants=2"
CVE-2024-21402,43562,description,description_cross_split,risk,"Normalized exact match; sha256=2325acca8d2a534327ea6376309c1769b79abfed922f8b22087a7ca8d2c0dc16; splits=train,validation; target_variants=2"
CVE-2023-33131,22123,description,description_cross_split,risk,"Normalized exact match; sha256=9000dd5164ac384f2de8fb23f9ba49d607b00615f0b2af9fc7ceb5564465969f; splits=test,train,validation; target_variants=5"
CVE-2023-33153,22145,description,description_cross_split,risk,"Normalized exact match; sha256=9000dd5164ac384f2de8fb23f9ba49d607b00615f0b2af9fc7ceb5564465969f; splits=test,train,validation; target_variants=5"
CVE-2023-36895,24843,description,description_cross_split,risk,"Normalized exact match; sha256=9000dd5164ac384f2de8fb23f9ba49d607b00615f0b2af9fc7ceb5564465969f; splits=test,train,validation; target_variants=5"
CVE-2024-21378,43535,description,description_cross_split,risk,"Normalized exact match; sha256=9000dd5164ac384f2de8fb23f9ba49d607b00615f0b2af9fc7ceb5564465969f; splits=test,train,validation; target_variants=5"
CVE-2024-21413,43574,description,description_cross_split,risk,"Normalized exact match; sha256=9000dd5164ac384f2de8fb23f9ba49d607b00615f0b2af9fc7ceb5564465969f; splits=test,train,validation; target_variants=5"
CVE-2024-30103,49964,description,description_cross_split,risk,"Normalized exact match; sha256=9000dd5164ac384f2de8fb23f9ba49d607b00615f0b2af9fc7ceb5564465969f; splits=test,train,validation; target_variants=5"
CVE-2024-38021,55947,description,description_cross_split,risk,"Normalized exact match; sha256=9000dd5164ac384f2de8fb23f9ba49d607b00615f0b2af9fc7ceb5564465969f; splits=test,train,validation; target_variants=5"
CVE-2024-38173,56104,description,description_cross_split,risk,"Normalized exact match; sha256=9000dd5164ac384f2de8fb23f9ba49d607b00615f0b2af9fc7ceb5564465969f; splits=test,train,validation; target_variants=5"
CVE-2023-33151,22143,description,description_cross_split,risk,"Normalized exact match; sha256=3bd503a66d6d5c263dad464e6b070776eb7a970a65a2d0c0b12e5823d99a5719; splits=test,train; target_variants=1"
CVE-2023-36893,24841,description,description_cross_split,risk,"Normalized exact match; sha256=3bd503a66d6d5c263dad464e6b070776eb7a970a65a2d0c0b12e5823d99a5719; splits=test,train; target_variants=1"
CVE-2024-38020,55946,description,description_cross_split,risk,"Normalized exact match; sha256=3bd503a66d6d5c263dad464e6b070776eb7a970a65a2d0c0b12e5823d99a5719; splits=test,train; target_variants=1"
CVE-2023-21715,12871,description,description_cross_split,risk,"Normalized exact match; sha256=9b2ef8b9af421eec0f9043b1f97557f478add1ea76a7fb420ad75d9603798ae2; splits=test,train; target_variants=1"
CVE-2024-38226,56157,description,description_cross_split,risk,"Normalized exact match; sha256=9b2ef8b9af421eec0f9043b1f97557f478add1ea76a7fb420ad75d9603798ae2; splits=test,train; target_variants=1"
CVE-2023-36435,24410,description,description_cross_split,risk,"Normalized exact match; sha256=e4d1d98bbf1878edc02a93a355a1bc47fa61e9138064e3c31013f49268eee7ad; splits=train,validation; target_variants=1"
CVE-2023-38171,25820,description,description_cross_split,risk,"Normalized exact match; sha256=e4d1d98bbf1878edc02a93a355a1bc47fa61e9138064e3c31013f49268eee7ad; splits=train,validation; target_variants=1"
CVE-2024-26190,47005,description,description_cross_split,risk,"Normalized exact match; sha256=e4d1d98bbf1878edc02a93a355a1bc47fa61e9138064e3c31013f49268eee7ad; splits=train,validation; target_variants=1"
CVE-2023-33157,22149,description,description_cross_split,risk,"Normalized exact match; sha256=18c094be5c497ea20eead3951598bfaa25927dbdce7ff8080856b6d463d27f8f; splits=test,train; target_variants=3"
CVE-2024-38094,56021,description,description_cross_split,risk,"Normalized exact match; sha256=18c094be5c497ea20eead3951598bfaa25927dbdce7ff8080856b6d463d27f8f; splits=test,train; target_variants=3"
CVE-2024-49070,63520,description,description_cross_split,risk,"Normalized exact match; sha256=18c094be5c497ea20eead3951598bfaa25927dbdce7ff8080856b6d463d27f8f; splits=test,train; target_variants=3"
CVE-2023-33129,22120,description,description_cross_split,risk,"Normalized exact match; sha256=d16e579b7364eca470781a8d1067d136f36386a04fd863e206ff1533c6b0fb5e; splits=test,train; target_variants=2"
CVE-2024-43466,59857,description,description_cross_split,risk,"Normalized exact match; sha256=d16e579b7364eca470781a8d1067d136f36386a04fd863e206ff1533c6b0fb5e; splits=test,train; target_variants=2"
CVE-2023-24954,15526,description,description_cross_split,risk,"Normalized exact match; sha256=649779b054efe8bbac185e3e391f4075841a5101128d0f7c098cb0cfd6cd1bc0; splits=test,train,validation; target_variants=2"
CVE-2023-36890,24838,description,description_cross_split,risk,"Normalized exact match; sha256=649779b054efe8bbac185e3e391f4075841a5101128d0f7c098cb0cfd6cd1bc0; splits=test,train,validation; target_variants=2"
CVE-2023-36894,24842,description,description_cross_split,risk,"Normalized exact match; sha256=649779b054efe8bbac185e3e391f4075841a5101128d0f7c098cb0cfd6cd1bc0; splits=test,train,validation; target_variants=2"
CVE-2024-30043,49898,description,description_cross_split,risk,"Normalized exact match; sha256=649779b054efe8bbac185e3e391f4075841a5101128d0f7c098cb0cfd6cd1bc0; splits=test,train,validation; target_variants=2"
CVE-2024-32987,52221,description,description_cross_split,risk,"Normalized exact match; sha256=649779b054efe8bbac185e3e391f4075841a5101128d0f7c098cb0cfd6cd1bc0; splits=test,train,validation; target_variants=2"
CVE-2023-21742,12899,description,description_cross_split,risk,"Normalized exact match; sha256=906132a1c4ef8078d92e42b03d6cd4bfce50dd847d02cfb328f7d1938258791e; splits=test,train,validation; target_variants=4"
CVE-2023-21744,12901,description,description_cross_split,risk,"Normalized exact match; sha256=906132a1c4ef8078d92e42b03d6cd4bfce50dd847d02cfb328f7d1938258791e; splits=test,train,validation; target_variants=4"
CVE-2023-24955,15527,description,description_cross_split,risk,"Normalized exact match; sha256=906132a1c4ef8078d92e42b03d6cd4bfce50dd847d02cfb328f7d1938258791e; splits=test,train,validation; target_variants=4"
CVE-2023-33134,22126,description,description_cross_split,risk,"Normalized exact match; sha256=906132a1c4ef8078d92e42b03d6cd4bfce50dd847d02cfb328f7d1938258791e; splits=test,train,validation; target_variants=4"
CVE-2023-33160,22153,description,description_cross_split,risk,"Normalized exact match; sha256=906132a1c4ef8078d92e42b03d6cd4bfce50dd847d02cfb328f7d1938258791e; splits=test,train,validation; target_variants=4"
CVE-2023-38177,25826,description,description_cross_split,risk,"Normalized exact match; sha256=906132a1c4ef8078d92e42b03d6cd4bfce50dd847d02cfb328f7d1938258791e; splits=test,train,validation; target_variants=4"
CVE-2024-21318,43470,description,description_cross_split,risk,"Normalized exact match; sha256=906132a1c4ef8078d92e42b03d6cd4bfce50dd847d02cfb328f7d1938258791e; splits=test,train,validation; target_variants=4"
CVE-2024-21426,43587,description,description_cross_split,risk,"Normalized exact match; sha256=906132a1c4ef8078d92e42b03d6cd4bfce50dd847d02cfb328f7d1938258791e; splits=test,train,validation; target_variants=4"
CVE-2024-30044,49899,description,description_cross_split,risk,"Normalized exact match; sha256=906132a1c4ef8078d92e42b03d6cd4bfce50dd847d02cfb328f7d1938258791e; splits=test,train,validation; target_variants=4"
CVE-2024-30100,49961,description,description_cross_split,risk,"Normalized exact match; sha256=906132a1c4ef8078d92e42b03d6cd4bfce50dd847d02cfb328f7d1938258791e; splits=test,train,validation; target_variants=4"
CVE-2024-38018,55943,description,description_cross_split,risk,"Normalized exact match; sha256=906132a1c4ef8078d92e42b03d6cd4bfce50dd847d02cfb328f7d1938258791e; splits=test,train,validation; target_variants=4"
CVE-2024-38023,55949,description,description_cross_split,risk,"Normalized exact match; sha256=906132a1c4ef8078d92e42b03d6cd4bfce50dd847d02cfb328f7d1938258791e; splits=test,train,validation; target_variants=4"
CVE-2024-38024,55950,description,description_cross_split,risk,"Normalized exact match; sha256=906132a1c4ef8078d92e42b03d6cd4bfce50dd847d02cfb328f7d1938258791e; splits=test,train,validation; target_variants=4"
CVE-2024-38227,56158,description,description_cross_split,risk,"Normalized exact match; sha256=906132a1c4ef8078d92e42b03d6cd4bfce50dd847d02cfb328f7d1938258791e; splits=test,train,validation; target_variants=4"
CVE-2024-38228,56159,description,description_cross_split,risk,"Normalized exact match; sha256=906132a1c4ef8078d92e42b03d6cd4bfce50dd847d02cfb328f7d1938258791e; splits=test,train,validation; target_variants=4"
CVE-2024-43464,59855,description,description_cross_split,risk,"Normalized exact match; sha256=906132a1c4ef8078d92e42b03d6cd4bfce50dd847d02cfb328f7d1938258791e; splits=test,train,validation; target_variants=4"
CVE-2023-23395,14186,description,description_cross_split,risk,"Normalized exact match; sha256=6f107fc8271506e27315752ff6276803ef7df1b546d8d55d6d1b4176ec0f1416; splits=train,validation; target_variants=7"
CVE-2023-24950,15524,description,description_cross_split,risk,"Normalized exact match; sha256=6f107fc8271506e27315752ff6276803ef7df1b546d8d55d6d1b4176ec0f1416; splits=train,validation; target_variants=7"
CVE-2023-28288,18240,description,description_cross_split,risk,"Normalized exact match; sha256=6f107fc8271506e27315752ff6276803ef7df1b546d8d55d6d1b4176ec0f1416; splits=train,validation; target_variants=7"
CVE-2023-33130,22122,description,description_cross_split,risk,"Normalized exact match; sha256=6f107fc8271506e27315752ff6276803ef7df1b546d8d55d6d1b4176ec0f1416; splits=train,validation; target_variants=7"
CVE-2023-33132,22124,description,description_cross_split,risk,"Normalized exact match; sha256=6f107fc8271506e27315752ff6276803ef7df1b546d8d55d6d1b4176ec0f1416; splits=train,validation; target_variants=7"
CVE-2023-33159,22151,description,description_cross_split,risk,"Normalized exact match; sha256=6f107fc8271506e27315752ff6276803ef7df1b546d8d55d6d1b4176ec0f1416; splits=train,validation; target_variants=7"
CVE-2023-36891,24839,description,description_cross_split,risk,"Normalized exact match; sha256=6f107fc8271506e27315752ff6276803ef7df1b546d8d55d6d1b4176ec0f1416; splits=train,validation; target_variants=7"
CVE-2023-36892,24840,description,description_cross_split,risk,"Normalized exact match; sha256=6f107fc8271506e27315752ff6276803ef7df1b546d8d55d6d1b4176ec0f1416; splits=train,validation; target_variants=7"
CVE-2024-26251,47069,description,description_cross_split,risk,"Normalized exact match; sha256=6f107fc8271506e27315752ff6276803ef7df1b546d8d55d6d1b4176ec0f1416; splits=train,validation; target_variants=7"
CVE-2024-30097,49957,description,description_cross_split,risk,"Normalized exact match; sha256=765fc24bf3b167fc5cbff3347ca58ef4d6da0610f4dc5444f0491fb61c2267ce; splits=test,validation; target_variants=2"
CVE-2024-43574,59962,description,description_cross_split,risk,"Normalized exact match; sha256=765fc24bf3b167fc5cbff3347ca58ef4d6da0610f4dc5444f0491fb61c2267ce; splits=test,validation; target_variants=2"
CVE-2023-21528,12683,description,description_cross_split,risk,"Normalized exact match; sha256=3c2875026cd23643401377c562cd469c744f96e1dd4df09f4a28499463ea9833; splits=test,train; target_variants=4"
CVE-2023-21705,12861,description,description_cross_split,risk,"Normalized exact match; sha256=3c2875026cd23643401377c562cd469c744f96e1dd4df09f4a28499463ea9833; splits=test,train; target_variants=4"
CVE-2023-21713,12869,description,description_cross_split,risk,"Normalized exact match; sha256=3c2875026cd23643401377c562cd469c744f96e1dd4df09f4a28499463ea9833; splits=test,train; target_variants=4"
CVE-2023-23384,14176,description,description_cross_split,risk,"Normalized exact match; sha256=3c2875026cd23643401377c562cd469c744f96e1dd4df09f4a28499463ea9833; splits=test,train; target_variants=4"
CVE-2024-49021,63478,description,description_cross_split,risk,"Normalized exact match; sha256=3c2875026cd23643401377c562cd469c744f96e1dd4df09f4a28499463ea9833; splits=test,train; target_variants=4"
CVE-2023-29360,19247,description,description_cross_split,risk,"Normalized exact match; sha256=8bbac699301ecd7a09d72b002116799c35c3c2aa087b4b2e4197671056a71409; splits=train,validation; target_variants=3"
CVE-2024-30089,49948,description,description_cross_split,risk,"Normalized exact match; sha256=8bbac699301ecd7a09d72b002116799c35c3c2aa087b4b2e4197671056a71409; splits=train,validation; target_variants=3"
CVE-2024-30090,49950,description,description_cross_split,risk,"Normalized exact match; sha256=8bbac699301ecd7a09d72b002116799c35c3c2aa087b4b2e4197671056a71409; splits=train,validation; target_variants=3"
CVE-2023-36598,24560,description,description_cross_split,risk,"Normalized exact match; sha256=007b248d58fa69a17251a8d1134e797ab7fe8166b7f6deeee88b5c19c4753e82; splits=train,validation; target_variants=2"
CVE-2024-21353,43508,description,description_cross_split,risk,"Normalized exact match; sha256=007b248d58fa69a17251a8d1134e797ab7fe8166b7f6deeee88b5c19c4753e82; splits=train,validation; target_variants=2"
CVE-2023-21681,12837,description,description_cross_split,risk,"Normalized exact match; sha256=0e9283414b91aa0efc58cf2c66fc01bc5cc897b88ca1cf5c6b5075123539e65d; splits=test,train,validation; target_variants=1"
CVE-2023-21685,12841,description,description_cross_split,risk,"Normalized exact match; sha256=0e9283414b91aa0efc58cf2c66fc01bc5cc897b88ca1cf5c6b5075123539e65d; splits=test,train,validation; target_variants=1"
CVE-2023-21686,12842,description,description_cross_split,risk,"Normalized exact match; sha256=0e9283414b91aa0efc58cf2c66fc01bc5cc897b88ca1cf5c6b5075123539e65d; splits=test,train,validation; target_variants=1"
CVE-2023-21799,12959,description,description_cross_split,risk,"Normalized exact match; sha256=0e9283414b91aa0efc58cf2c66fc01bc5cc897b88ca1cf5c6b5075123539e65d; splits=test,train,validation; target_variants=1"
CVE-2023-28275,18230,description,description_cross_split,risk,"Normalized exact match; sha256=0e9283414b91aa0efc58cf2c66fc01bc5cc897b88ca1cf5c6b5075123539e65d; splits=test,train,validation; target_variants=1"
CVE-2023-29372,19260,description,description_cross_split,risk,"Normalized exact match; sha256=0e9283414b91aa0efc58cf2c66fc01bc5cc897b88ca1cf5c6b5075123539e65d; splits=test,train,validation; target_variants=1"
CVE-2023-36006,24133,description,description_cross_split,risk,"Normalized exact match; sha256=0e9283414b91aa0efc58cf2c66fc01bc5cc897b88ca1cf5c6b5075123539e65d; splits=test,train,validation; target_variants=1"
CVE-2023-36402,24380,description,description_cross_split,risk,"Normalized exact match; sha256=0e9283414b91aa0efc58cf2c66fc01bc5cc897b88ca1cf5c6b5075123539e65d; splits=test,train,validation; target_variants=1"
CVE-2023-36577,24543,description,description_cross_split,risk,"Normalized exact match; sha256=0e9283414b91aa0efc58cf2c66fc01bc5cc897b88ca1cf5c6b5075123539e65d; splits=test,train,validation; target_variants=1"
CVE-2023-36882,24830,description,description_cross_split,risk,"Normalized exact match; sha256=0e9283414b91aa0efc58cf2c66fc01bc5cc897b88ca1cf5c6b5075123539e65d; splits=test,train,validation; target_variants=1"
CVE-2024-21350,43505,description,description_cross_split,risk,"Normalized exact match; sha256=0e9283414b91aa0efc58cf2c66fc01bc5cc897b88ca1cf5c6b5075123539e65d; splits=test,train,validation; target_variants=1"
CVE-2024-21352,43507,description,description_cross_split,risk,"Normalized exact match; sha256=0e9283414b91aa0efc58cf2c66fc01bc5cc897b88ca1cf5c6b5075123539e65d; splits=test,train,validation; target_variants=1"
CVE-2024-21358,43513,description,description_cross_split,risk,"Normalized exact match; sha256=0e9283414b91aa0efc58cf2c66fc01bc5cc897b88ca1cf5c6b5075123539e65d; splits=test,train,validation; target_variants=1"
CVE-2024-21359,43514,description,description_cross_split,risk,"Normalized exact match; sha256=0e9283414b91aa0efc58cf2c66fc01bc5cc897b88ca1cf5c6b5075123539e65d; splits=test,train,validation; target_variants=1"
CVE-2024-21360,43516,description,description_cross_split,risk,"Normalized exact match; sha256=0e9283414b91aa0efc58cf2c66fc01bc5cc897b88ca1cf5c6b5075123539e65d; splits=test,train,validation; target_variants=1"
CVE-2024-21361,43517,description,description_cross_split,risk,"Normalized exact match; sha256=0e9283414b91aa0efc58cf2c66fc01bc5cc897b88ca1cf5c6b5075123539e65d; splits=test,train,validation; target_variants=1"
CVE-2024-21365,43521,description,description_cross_split,risk,"Normalized exact match; sha256=0e9283414b91aa0efc58cf2c66fc01bc5cc897b88ca1cf5c6b5075123539e65d; splits=test,train,validation; target_variants=1"
CVE-2024-21366,43522,description,description_cross_split,risk,"Normalized exact match; sha256=0e9283414b91aa0efc58cf2c66fc01bc5cc897b88ca1cf5c6b5075123539e65d; splits=test,train,validation; target_variants=1"
CVE-2024-21367,43523,description,description_cross_split,risk,"Normalized exact match; sha256=0e9283414b91aa0efc58cf2c66fc01bc5cc897b88ca1cf5c6b5075123539e65d; splits=test,train,validation; target_variants=1"
CVE-2024-21368,43524,description,description_cross_split,risk,"Normalized exact match; sha256=0e9283414b91aa0efc58cf2c66fc01bc5cc897b88ca1cf5c6b5075123539e65d; splits=test,train,validation; target_variants=1"
CVE-2024-21369,43525,description,description_cross_split,risk,"Normalized exact match; sha256=0e9283414b91aa0efc58cf2c66fc01bc5cc897b88ca1cf5c6b5075123539e65d; splits=test,train,validation; target_variants=1"
CVE-2024-21370,43527,description,description_cross_split,risk,"Normalized exact match; sha256=0e9283414b91aa0efc58cf2c66fc01bc5cc897b88ca1cf5c6b5075123539e65d; splits=test,train,validation; target_variants=1"
CVE-2024-21375,43532,description,description_cross_split,risk,"Normalized exact match; sha256=0e9283414b91aa0efc58cf2c66fc01bc5cc897b88ca1cf5c6b5075123539e65d; splits=test,train,validation; target_variants=1"
CVE-2024-21391,43550,description,description_cross_split,risk,"Normalized exact match; sha256=0e9283414b91aa0efc58cf2c66fc01bc5cc897b88ca1cf5c6b5075123539e65d; splits=test,train,validation; target_variants=1"
CVE-2024-21420,43582,description,description_cross_split,risk,"Normalized exact match; sha256=0e9283414b91aa0efc58cf2c66fc01bc5cc897b88ca1cf5c6b5075123539e65d; splits=test,train,validation; target_variants=1"
CVE-2024-21441,43604,description,description_cross_split,risk,"Normalized exact match; sha256=0e9283414b91aa0efc58cf2c66fc01bc5cc897b88ca1cf5c6b5075123539e65d; splits=test,train,validation; target_variants=1"
CVE-2024-21444,43607,description,description_cross_split,risk,"Normalized exact match; sha256=0e9283414b91aa0efc58cf2c66fc01bc5cc897b88ca1cf5c6b5075123539e65d; splits=test,train,validation; target_variants=1"
CVE-2024-21450,43614,description,description_cross_split,risk,"Normalized exact match; sha256=0e9283414b91aa0efc58cf2c66fc01bc5cc897b88ca1cf5c6b5075123539e65d; splits=test,train,validation; target_variants=1"
CVE-2024-26161,46974,description,description_cross_split,risk,"Normalized exact match; sha256=0e9283414b91aa0efc58cf2c66fc01bc5cc897b88ca1cf5c6b5075123539e65d; splits=test,train,validation; target_variants=1"
CVE-2024-26166,46979,description,description_cross_split,risk,"Normalized exact match; sha256=0e9283414b91aa0efc58cf2c66fc01bc5cc897b88ca1cf5c6b5075123539e65d; splits=test,train,validation; target_variants=1"
CVE-2024-26210,47026,description,description_cross_split,risk,"Normalized exact match; sha256=0e9283414b91aa0efc58cf2c66fc01bc5cc897b88ca1cf5c6b5075123539e65d; splits=test,train,validation; target_variants=1"
CVE-2024-26244,47062,description,description_cross_split,risk,"Normalized exact match; sha256=0e9283414b91aa0efc58cf2c66fc01bc5cc897b88ca1cf5c6b5075123539e65d; splits=test,train,validation; target_variants=1"
CVE-2024-30006,49858,description,description_cross_split,risk,"Normalized exact match; sha256=0e9283414b91aa0efc58cf2c66fc01bc5cc897b88ca1cf5c6b5075123539e65d; splits=test,train,validation; target_variants=1"
CVE-2024-43519,59906,description,description_cross_split,risk,"Normalized exact match; sha256=0e9283414b91aa0efc58cf2c66fc01bc5cc897b88ca1cf5c6b5075123539e65d; splits=test,train,validation; target_variants=1"
CVE-2023-21716,12872,description,description_cross_split,risk,"Normalized exact match; sha256=c356a6765c989a854d2c1c7885eb6cd81ece6b43e4e78fa01766fb4a6c6d8b37; splits=train,validation; target_variants=3"
CVE-2023-28311,18264,description,description_cross_split,risk,"Normalized exact match; sha256=c356a6765c989a854d2c1c7885eb6cd81ece6b43e4e78fa01766fb4a6c6d8b37; splits=train,validation; target_variants=3"
CVE-2023-36762,24718,description,description_cross_split,risk,"Normalized exact match; sha256=c356a6765c989a854d2c1c7885eb6cd81ece6b43e4e78fa01766fb4a6c6d8b37; splits=train,validation; target_variants=3"
CVE-2024-21379,43536,description,description_cross_split,risk,"Normalized exact match; sha256=c356a6765c989a854d2c1c7885eb6cd81ece6b43e4e78fa01766fb4a6c6d8b37; splits=train,validation; target_variants=3"
CVE-2023-29335,19221,description,description_cross_split,risk,"Normalized exact match; sha256=ac5863c85c9a68676998da71322993ef0591f05175ff8fd8ff5a44335d134759; splits=test,train; target_variants=1"
CVE-2024-49033,63489,description,description_cross_split,risk,"Normalized exact match; sha256=ac5863c85c9a68676998da71322993ef0591f05175ff8fd8ff5a44335d134759; splits=test,train; target_variants=1"
CVE-2024-5410,66855,description,description_cross_split,risk,"Normalized exact match; sha256=54b4b14242d315bb933ab526191e07f70bd6e09fd0f99c8a185454a0ab64c69e; splits=test,validation; target_variants=1"
CVE-2024-55546,67407,description,description_cross_split,risk,"Normalized exact match; sha256=54b4b14242d315bb933ab526191e07f70bd6e09fd0f99c8a185454a0ab64c69e; splits=test,validation; target_variants=1"
CVE-2023-45625,31279,description,description_cross_split,risk,"Normalized exact match; sha256=6c3c4854895d315e7f9bf7d0dfba78b69fefc6426baa8e481c2709bf3c59f72c; splits=train,validation; target_variants=2"
CVE-2024-31476,51093,description,description_cross_split,risk,"Normalized exact match; sha256=6c3c4854895d315e7f9bf7d0dfba78b69fefc6426baa8e481c2709bf3c59f72c; splits=train,validation; target_variants=2"
CVE-2024-31477,51094,description,description_cross_split,risk,"Normalized exact match; sha256=6c3c4854895d315e7f9bf7d0dfba78b69fefc6426baa8e481c2709bf3c59f72c; splits=train,validation; target_variants=2"
CVE-2023-21688,12844,description,description_cross_split,risk,"Normalized exact match; sha256=4f713cba8a887802f02678213bbf672c5f39004d8bb036a7e6a48ff935a5c492; splits=test,train; target_variants=2"
CVE-2024-43553,59941,description,description_cross_split,risk,"Normalized exact match; sha256=4f713cba8a887802f02678213bbf672c5f39004d8bb036a7e6a48ff935a5c492; splits=test,train; target_variants=2"
CVE-2023-29346,19231,description,description_cross_split,risk,"Normalized exact match; sha256=4b3add7701bef668589489ac1f8dff2bdcd85cd108458d329be3114344e706de; splits=test,train,validation; target_variants=1"
CVE-2024-21446,43609,description,description_cross_split,risk,"Normalized exact match; sha256=4b3add7701bef668589489ac1f8dff2bdcd85cd108458d329be3114344e706de; splits=test,train,validation; target_variants=1"
CVE-2024-30027,49880,description,description_cross_split,risk,"Normalized exact match; sha256=4b3add7701bef668589489ac1f8dff2bdcd85cd108458d329be3114344e706de; splits=test,train,validation; target_variants=1"
CVE-2024-38117,56042,description,description_cross_split,risk,"Normalized exact match; sha256=4b3add7701bef668589489ac1f8dff2bdcd85cd108458d329be3114344e706de; splits=test,train,validation; target_variants=1"
CVE-2023-4721,32502,description,description_cross_split,risk,"Normalized exact match; sha256=291397522fd7e0125ba4448a51bba4c9659a0fd75c8fbae6f728914fcd370160; splits=train,validation; target_variants=2"
CVE-2023-4778,32899,description,description_cross_split,risk,"Normalized exact match; sha256=291397522fd7e0125ba4448a51bba4c9659a0fd75c8fbae6f728914fcd370160; splits=train,validation; target_variants=2"
CVE-2024-0322,38810,description,description_cross_split,risk,"Normalized exact match; sha256=291397522fd7e0125ba4448a51bba4c9659a0fd75c8fbae6f728914fcd370160; splits=train,validation; target_variants=2"
CVE-2023-46758,32167,description,description_cross_split,risk,"Normalized exact match; sha256=2e6ebe66b6180d3328f860afcc21f8f3c755607097eade58c4e064676ed686e7; splits=train,validation; target_variants=1"
CVE-2023-52116,35927,description,description_cross_split,risk,"Normalized exact match; sha256=2e6ebe66b6180d3328f860afcc21f8f3c755607097eade58c4e064676ed686e7; splits=train,validation; target_variants=1"
CVE-2023-21806,12967,description,description_cross_split,risk,"Normalized exact match; sha256=48c50802eda2ac18eaa707fb54a85c7eef74339d0c73181404665c78995078fb; splits=test,train; target_variants=3"
CVE-2024-43481,59871,description,description_cross_split,risk,"Normalized exact match; sha256=48c50802eda2ac18eaa707fb54a85c7eef74339d0c73181404665c78995078fb; splits=test,train; target_variants=3"
CVE-2024-43612,59999,description,description_cross_split,risk,"Normalized exact match; sha256=48c50802eda2ac18eaa707fb54a85c7eef74339d0c73181404665c78995078fb; splits=test,train; target_variants=3"
CVE-2023-24905,15479,description,description_cross_split,risk,"Normalized exact match; sha256=f914e20e562275b5a04b82e3bf66953e5a0f6c8cd021da9566313ca781f6878f; splits=test,train,validation; target_variants=4"
CVE-2023-29362,19249,description,description_cross_split,risk,"Normalized exact match; sha256=f914e20e562275b5a04b82e3bf66953e5a0f6c8cd021da9566313ca781f6878f; splits=test,train,validation; target_variants=4"
CVE-2024-21307,43458,description,description_cross_split,risk,"Normalized exact match; sha256=f914e20e562275b5a04b82e3bf66953e5a0f6c8cd021da9566313ca781f6878f; splits=test,train,validation; target_variants=4"
CVE-2024-43533,59921,description,description_cross_split,risk,"Normalized exact match; sha256=f914e20e562275b5a04b82e3bf66953e5a0f6c8cd021da9566313ca781f6878f; splits=test,train,validation; target_variants=4"
CVE-2024-43599,59986,description,description_cross_split,risk,"Normalized exact match; sha256=f914e20e562275b5a04b82e3bf66953e5a0f6c8cd021da9566313ca781f6878f; splits=test,train,validation; target_variants=4"
CVE-2024-49105,63557,description,description_cross_split,risk,"Normalized exact match; sha256=f914e20e562275b5a04b82e3bf66953e5a0f6c8cd021da9566313ca781f6878f; splits=test,train,validation; target_variants=4"
CVE-2023-21708,12864,description,description_cross_split,risk,"Normalized exact match; sha256=ec6d8f22a39cdfda688d53af1610aa3045db58d0855cbbddc09a93cc2c92de86; splits=train,validation; target_variants=3"
CVE-2023-21727,12883,description,description_cross_split,risk,"Normalized exact match; sha256=ec6d8f22a39cdfda688d53af1610aa3045db58d0855cbbddc09a93cc2c92de86; splits=train,validation; target_variants=3"
CVE-2023-23405,14197,description,description_cross_split,risk,"Normalized exact match; sha256=ec6d8f22a39cdfda688d53af1610aa3045db58d0855cbbddc09a93cc2c92de86; splits=train,validation; target_variants=3"
CVE-2023-24869,15447,description,description_cross_split,risk,"Normalized exact match; sha256=ec6d8f22a39cdfda688d53af1610aa3045db58d0855cbbddc09a93cc2c92de86; splits=train,validation; target_variants=3"
CVE-2023-24908,15482,description,description_cross_split,risk,"Normalized exact match; sha256=ec6d8f22a39cdfda688d53af1610aa3045db58d0855cbbddc09a93cc2c92de86; splits=train,validation; target_variants=3"
CVE-2023-35300,23650,description,description_cross_split,risk,"Normalized exact match; sha256=ec6d8f22a39cdfda688d53af1610aa3045db58d0855cbbddc09a93cc2c92de86; splits=train,validation; target_variants=3"
CVE-2024-20678,42825,description,description_cross_split,risk,"Normalized exact match; sha256=ec6d8f22a39cdfda688d53af1610aa3045db58d0855cbbddc09a93cc2c92de86; splits=train,validation; target_variants=3"
CVE-2023-24932,15505,description,description_cross_split,risk,"Normalized exact match; sha256=84a7275951e07ff863d1d5c2cd6fd1b67256f07c31ee2169addb0f373db8f6ce; splits=test,train,validation; target_variants=14"
CVE-2024-20669,42815,description,description_cross_split,risk,"Normalized exact match; sha256=84a7275951e07ff863d1d5c2cd6fd1b67256f07c31ee2169addb0f373db8f6ce; splits=test,train,validation; target_variants=14"
CVE-2024-20688,42836,description,description_cross_split,risk,"Normalized exact match; sha256=84a7275951e07ff863d1d5c2cd6fd1b67256f07c31ee2169addb0f373db8f6ce; splits=test,train,validation; target_variants=14"
CVE-2024-20689,42837,description,description_cross_split,risk,"Normalized exact match; sha256=84a7275951e07ff863d1d5c2cd6fd1b67256f07c31ee2169addb0f373db8f6ce; splits=test,train,validation; target_variants=14"
CVE-2024-26168,46981,description,description_cross_split,risk,"Normalized exact match; sha256=84a7275951e07ff863d1d5c2cd6fd1b67256f07c31ee2169addb0f373db8f6ce; splits=test,train,validation; target_variants=14"
CVE-2024-26171,46985,description,description_cross_split,risk,"Normalized exact match; sha256=84a7275951e07ff863d1d5c2cd6fd1b67256f07c31ee2169addb0f373db8f6ce; splits=test,train,validation; target_variants=14"
CVE-2024-26175,46989,description,description_cross_split,risk,"Normalized exact match; sha256=84a7275951e07ff863d1d5c2cd6fd1b67256f07c31ee2169addb0f373db8f6ce; splits=test,train,validation; target_variants=14"
CVE-2024-26180,46995,description,description_cross_split,risk,"Normalized exact match; sha256=84a7275951e07ff863d1d5c2cd6fd1b67256f07c31ee2169addb0f373db8f6ce; splits=test,train,validation; target_variants=14"
CVE-2024-26184,46999,description,description_cross_split,risk,"Normalized exact match; sha256=84a7275951e07ff863d1d5c2cd6fd1b67256f07c31ee2169addb0f373db8f6ce; splits=test,train,validation; target_variants=14"
CVE-2024-26189,47003,description,description_cross_split,risk,"Normalized exact match; sha256=84a7275951e07ff863d1d5c2cd6fd1b67256f07c31ee2169addb0f373db8f6ce; splits=test,train,validation; target_variants=14"
CVE-2024-26194,47009,description,description_cross_split,risk,"Normalized exact match; sha256=84a7275951e07ff863d1d5c2cd6fd1b67256f07c31ee2169addb0f373db8f6ce; splits=test,train,validation; target_variants=14"
CVE-2024-26240,47058,description,description_cross_split,risk,"Normalized exact match; sha256=84a7275951e07ff863d1d5c2cd6fd1b67256f07c31ee2169addb0f373db8f6ce; splits=test,train,validation; target_variants=14"
CVE-2024-26250,47068,description,description_cross_split,risk,"Normalized exact match; sha256=84a7275951e07ff863d1d5c2cd6fd1b67256f07c31ee2169addb0f373db8f6ce; splits=test,train,validation; target_variants=14"
CVE-2024-28896,49075,description,description_cross_split,risk,"Normalized exact match; sha256=84a7275951e07ff863d1d5c2cd6fd1b67256f07c31ee2169addb0f373db8f6ce; splits=test,train,validation; target_variants=14"
CVE-2024-28897,49076,description,description_cross_split,risk,"Normalized exact match; sha256=84a7275951e07ff863d1d5c2cd6fd1b67256f07c31ee2169addb0f373db8f6ce; splits=test,train,validation; target_variants=14"
CVE-2024-28898,49077,description,description_cross_split,risk,"Normalized exact match; sha256=84a7275951e07ff863d1d5c2cd6fd1b67256f07c31ee2169addb0f373db8f6ce; splits=test,train,validation; target_variants=14"
CVE-2024-28899,49078,description,description_cross_split,risk,"Normalized exact match; sha256=84a7275951e07ff863d1d5c2cd6fd1b67256f07c31ee2169addb0f373db8f6ce; splits=test,train,validation; target_variants=14"
CVE-2024-28903,49083,description,description_cross_split,risk,"Normalized exact match; sha256=84a7275951e07ff863d1d5c2cd6fd1b67256f07c31ee2169addb0f373db8f6ce; splits=test,train,validation; target_variants=14"
CVE-2024-28919,49099,description,description_cross_split,risk,"Normalized exact match; sha256=84a7275951e07ff863d1d5c2cd6fd1b67256f07c31ee2169addb0f373db8f6ce; splits=test,train,validation; target_variants=14"
CVE-2024-28920,49101,description,description_cross_split,risk,"Normalized exact match; sha256=84a7275951e07ff863d1d5c2cd6fd1b67256f07c31ee2169addb0f373db8f6ce; splits=test,train,validation; target_variants=14"
CVE-2024-28921,49102,description,description_cross_split,risk,"Normalized exact match; sha256=84a7275951e07ff863d1d5c2cd6fd1b67256f07c31ee2169addb0f373db8f6ce; splits=test,train,validation; target_variants=14"
CVE-2024-28922,49103,description,description_cross_split,risk,"Normalized exact match; sha256=84a7275951e07ff863d1d5c2cd6fd1b67256f07c31ee2169addb0f373db8f6ce; splits=test,train,validation; target_variants=14"
CVE-2024-28923,49104,description,description_cross_split,risk,"Normalized exact match; sha256=84a7275951e07ff863d1d5c2cd6fd1b67256f07c31ee2169addb0f373db8f6ce; splits=test,train,validation; target_variants=14"
CVE-2024-28924,49105,description,description_cross_split,risk,"Normalized exact match; sha256=84a7275951e07ff863d1d5c2cd6fd1b67256f07c31ee2169addb0f373db8f6ce; splits=test,train,validation; target_variants=14"
CVE-2024-28925,49106,description,description_cross_split,risk,"Normalized exact match; sha256=84a7275951e07ff863d1d5c2cd6fd1b67256f07c31ee2169addb0f373db8f6ce; splits=test,train,validation; target_variants=14"
CVE-2024-29061,49238,description,description_cross_split,risk,"Normalized exact match; sha256=84a7275951e07ff863d1d5c2cd6fd1b67256f07c31ee2169addb0f373db8f6ce; splits=test,train,validation; target_variants=14"
CVE-2024-29062,49239,description,description_cross_split,risk,"Normalized exact match; sha256=84a7275951e07ff863d1d5c2cd6fd1b67256f07c31ee2169addb0f373db8f6ce; splits=test,train,validation; target_variants=14"
CVE-2024-37969,55899,description,description_cross_split,risk,"Normalized exact match; sha256=84a7275951e07ff863d1d5c2cd6fd1b67256f07c31ee2169addb0f373db8f6ce; splits=test,train,validation; target_variants=14"
CVE-2024-37970,55901,description,description_cross_split,risk,"Normalized exact match; sha256=84a7275951e07ff863d1d5c2cd6fd1b67256f07c31ee2169addb0f373db8f6ce; splits=test,train,validation; target_variants=14"
CVE-2024-37971,55902,description,description_cross_split,risk,"Normalized exact match; sha256=84a7275951e07ff863d1d5c2cd6fd1b67256f07c31ee2169addb0f373db8f6ce; splits=test,train,validation; target_variants=14"
CVE-2024-37972,55903,description,description_cross_split,risk,"Normalized exact match; sha256=84a7275951e07ff863d1d5c2cd6fd1b67256f07c31ee2169addb0f373db8f6ce; splits=test,train,validation; target_variants=14"
CVE-2024-37973,55904,description,description_cross_split,risk,"Normalized exact match; sha256=84a7275951e07ff863d1d5c2cd6fd1b67256f07c31ee2169addb0f373db8f6ce; splits=test,train,validation; target_variants=14"
CVE-2024-37974,55905,description,description_cross_split,risk,"Normalized exact match; sha256=84a7275951e07ff863d1d5c2cd6fd1b67256f07c31ee2169addb0f373db8f6ce; splits=test,train,validation; target_variants=14"
CVE-2024-37975,55906,description,description_cross_split,risk,"Normalized exact match; sha256=84a7275951e07ff863d1d5c2cd6fd1b67256f07c31ee2169addb0f373db8f6ce; splits=test,train,validation; target_variants=14"
CVE-2024-37977,55908,description,description_cross_split,risk,"Normalized exact match; sha256=84a7275951e07ff863d1d5c2cd6fd1b67256f07c31ee2169addb0f373db8f6ce; splits=test,train,validation; target_variants=14"
CVE-2024-37978,55909,description,description_cross_split,risk,"Normalized exact match; sha256=84a7275951e07ff863d1d5c2cd6fd1b67256f07c31ee2169addb0f373db8f6ce; splits=test,train,validation; target_variants=14"
CVE-2024-37981,55913,description,description_cross_split,risk,"Normalized exact match; sha256=84a7275951e07ff863d1d5c2cd6fd1b67256f07c31ee2169addb0f373db8f6ce; splits=test,train,validation; target_variants=14"
CVE-2024-37984,55916,description,description_cross_split,risk,"Normalized exact match; sha256=84a7275951e07ff863d1d5c2cd6fd1b67256f07c31ee2169addb0f373db8f6ce; splits=test,train,validation; target_variants=14"
CVE-2024-37986,55918,description,description_cross_split,risk,"Normalized exact match; sha256=84a7275951e07ff863d1d5c2cd6fd1b67256f07c31ee2169addb0f373db8f6ce; splits=test,train,validation; target_variants=14"
CVE-2024-37987,55919,description,description_cross_split,risk,"Normalized exact match; sha256=84a7275951e07ff863d1d5c2cd6fd1b67256f07c31ee2169addb0f373db8f6ce; splits=test,train,validation; target_variants=14"
CVE-2024-37988,55920,description,description_cross_split,risk,"Normalized exact match; sha256=84a7275951e07ff863d1d5c2cd6fd1b67256f07c31ee2169addb0f373db8f6ce; splits=test,train,validation; target_variants=14"
CVE-2024-37989,55921,description,description_cross_split,risk,"Normalized exact match; sha256=84a7275951e07ff863d1d5c2cd6fd1b67256f07c31ee2169addb0f373db8f6ce; splits=test,train,validation; target_variants=14"
CVE-2024-38010,55936,description,description_cross_split,risk,"Normalized exact match; sha256=84a7275951e07ff863d1d5c2cd6fd1b67256f07c31ee2169addb0f373db8f6ce; splits=test,train,validation; target_variants=14"
CVE-2024-38011,55937,description,description_cross_split,risk,"Normalized exact match; sha256=84a7275951e07ff863d1d5c2cd6fd1b67256f07c31ee2169addb0f373db8f6ce; splits=test,train,validation; target_variants=14"
CVE-2024-38065,55991,description,description_cross_split,risk,"Normalized exact match; sha256=84a7275951e07ff863d1d5c2cd6fd1b67256f07c31ee2169addb0f373db8f6ce; splits=test,train,validation; target_variants=14"
CVE-2023-23424,14218,description,description_cross_split,risk,"Normalized exact match; sha256=65e5730ba108ad2ab21347731cbd5f8ebe68ddb42af18c186a223c43d1f896c7; splits=test,train; target_variants=2"
CVE-2024-47151,62285,description,description_cross_split,risk,"Normalized exact match; sha256=65e5730ba108ad2ab21347731cbd5f8ebe68ddb42af18c186a223c43d1f896c7; splits=test,train; target_variants=2"
CVE-2023-23427,14220,description,description_cross_split,risk,"Normalized exact match; sha256=04e4dd328670f1c1651ffea7734b6f4ab67b6ae0f6d8ed25ae3cffd2d38b1b46; splits=test,train; target_variants=2"
CVE-2023-23428,14221,description,description_cross_split,risk,"Normalized exact match; sha256=04e4dd328670f1c1651ffea7734b6f4ab67b6ae0f6d8ed25ae3cffd2d38b1b46; splits=test,train; target_variants=2"
CVE-2023-23429,14222,description,description_cross_split,risk,"Normalized exact match; sha256=04e4dd328670f1c1651ffea7734b6f4ab67b6ae0f6d8ed25ae3cffd2d38b1b46; splits=test,train; target_variants=2"
CVE-2023-23430,14224,description,description_cross_split,risk,"Normalized exact match; sha256=04e4dd328670f1c1651ffea7734b6f4ab67b6ae0f6d8ed25ae3cffd2d38b1b46; splits=test,train; target_variants=2"
CVE-2023-51431,35391,description,description_cross_split,risk,"Normalized exact match; sha256=04e4dd328670f1c1651ffea7734b6f4ab67b6ae0f6d8ed25ae3cffd2d38b1b46; splits=test,train; target_variants=2"
CVE-2024-47148,62281,description,description_cross_split,risk,"Normalized exact match; sha256=04e4dd328670f1c1651ffea7734b6f4ab67b6ae0f6d8ed25ae3cffd2d38b1b46; splits=test,train; target_variants=2"
CVE-2024-47149,62282,description,description_cross_split,risk,"Normalized exact match; sha256=04e4dd328670f1c1651ffea7734b6f4ab67b6ae0f6d8ed25ae3cffd2d38b1b46; splits=test,train; target_variants=2"
CVE-2024-47157,62290,description,description_cross_split,risk,"Normalized exact match; sha256=04e4dd328670f1c1651ffea7734b6f4ab67b6ae0f6d8ed25ae3cffd2d38b1b46; splits=test,train; target_variants=2"
CVE-2023-23434,14228,description,description_cross_split,risk,"Normalized exact match; sha256=8aa8585833da218b53e29bb97f34ec4568f6f288dc5ea2fd23d7a8dfec6464a2; splits=test,train; target_variants=1"
CVE-2023-23439,14233,description,description_cross_split,risk,"Normalized exact match; sha256=8aa8585833da218b53e29bb97f34ec4568f6f288dc5ea2fd23d7a8dfec6464a2; splits=test,train; target_variants=1"
CVE-2023-23440,14235,description,description_cross_split,risk,"Normalized exact match; sha256=8aa8585833da218b53e29bb97f34ec4568f6f288dc5ea2fd23d7a8dfec6464a2; splits=test,train; target_variants=1"
CVE-2024-47150,62284,description,description_cross_split,risk,"Normalized exact match; sha256=8aa8585833da218b53e29bb97f34ec4568f6f288dc5ea2fd23d7a8dfec6464a2; splits=test,train; target_variants=1"
CVE-2024-47153,62286,description,description_cross_split,risk,"Normalized exact match; sha256=8aa8585833da218b53e29bb97f34ec4568f6f288dc5ea2fd23d7a8dfec6464a2; splits=test,train; target_variants=1"
CVE-2024-47154,62287,description,description_cross_split,risk,"Normalized exact match; sha256=8aa8585833da218b53e29bb97f34ec4568f6f288dc5ea2fd23d7a8dfec6464a2; splits=test,train; target_variants=1"
CVE-2024-47155,62288,description,description_cross_split,risk,"Normalized exact match; sha256=8aa8585833da218b53e29bb97f34ec4568f6f288dc5ea2fd23d7a8dfec6464a2; splits=test,train; target_variants=1"
CVE-2024-47156,62289,description,description_cross_split,risk,"Normalized exact match; sha256=8aa8585833da218b53e29bb97f34ec4568f6f288dc5ea2fd23d7a8dfec6464a2; splits=test,train; target_variants=1"
CVE-2024-8992,70852,description,description_cross_split,risk,"Normalized exact match; sha256=8aa8585833da218b53e29bb97f34ec4568f6f288dc5ea2fd23d7a8dfec6464a2; splits=test,train; target_variants=1"
CVE-2024-8993,70853,description,description_cross_split,risk,"Normalized exact match; sha256=8aa8585833da218b53e29bb97f34ec4568f6f288dc5ea2fd23d7a8dfec6464a2; splits=test,train; target_variants=1"
CVE-2024-8994,70854,description,description_cross_split,risk,"Normalized exact match; sha256=8aa8585833da218b53e29bb97f34ec4568f6f288dc5ea2fd23d7a8dfec6464a2; splits=test,train; target_variants=1"
CVE-2023-4756,32721,description,description_cross_split,risk,"Normalized exact match; sha256=433bb9ee0fbbb6dc6a028fe2bcebae242cff827762fd659c8198fcd225e96b75; splits=train,validation; target_variants=2"
CVE-2024-0321,38809,description,description_cross_split,risk,"Normalized exact match; sha256=433bb9ee0fbbb6dc6a028fe2bcebae242cff827762fd659c8198fcd225e96b75; splits=train,validation; target_variants=2"
CVE-2022-42828,6703,description,description_cross_split,risk,"Normalized exact match; sha256=08436ac4b59d1728765b5c24a453b3e8e8ec4f44ea8ac149f43d6b0f73eb8c5a; splits=train,validation; target_variants=2"
CVE-2022-46721,7888,description,description_cross_split,risk,"Normalized exact match; sha256=08436ac4b59d1728765b5c24a453b3e8e8ec4f44ea8ac149f43d6b0f73eb8c5a; splits=train,validation; target_variants=2"
CVE-2022-47915,8505,description,description_cross_split,risk,"Normalized exact match; sha256=08436ac4b59d1728765b5c24a453b3e8e8ec4f44ea8ac149f43d6b0f73eb8c5a; splits=train,validation; target_variants=2"
CVE-2022-47965,8522,description,description_cross_split,risk,"Normalized exact match; sha256=08436ac4b59d1728765b5c24a453b3e8e8ec4f44ea8ac149f43d6b0f73eb8c5a; splits=train,validation; target_variants=2"
CVE-2023-40057,27339,description,description_cross_split,risk,"Normalized exact match; sha256=11d28c28a9a00b7814e339b393a0962c452c82e0e040b51aaf8e704ba6442b33; splits=test,validation; target_variants=2"
CVE-2024-23471,45068,description,description_cross_split,risk,"Normalized exact match; sha256=11d28c28a9a00b7814e339b393a0962c452c82e0e040b51aaf8e704ba6442b33; splits=test,validation; target_variants=2"
CVE-2023-45614,31267,description,description_cross_split,risk,"Normalized exact match; sha256=a1ce812104c4049179a15ea0e5c034c2c5b2359eeac7186ef5f68ea8be2301d2; splits=train,validation; target_variants=1"
CVE-2023-45615,31268,description,description_cross_split,risk,"Normalized exact match; sha256=a1ce812104c4049179a15ea0e5c034c2c5b2359eeac7186ef5f68ea8be2301d2; splits=train,validation; target_variants=1"
CVE-2024-31466,51082,description,description_cross_split,risk,"Normalized exact match; sha256=a1ce812104c4049179a15ea0e5c034c2c5b2359eeac7186ef5f68ea8be2301d2; splits=train,validation; target_variants=1"
CVE-2024-31467,51083,description,description_cross_split,risk,"Normalized exact match; sha256=a1ce812104c4049179a15ea0e5c034c2c5b2359eeac7186ef5f68ea8be2301d2; splits=train,validation; target_variants=1"
CVE-2023-25833,16277,description,description_cross_split,risk,"Normalized exact match; sha256=d01157856e1dc046af286a9f587ae1cf25c5134e018706ca0fb90aee35eabdc8; splits=test,train; target_variants=1"
CVE-2024-38039,55964,description,description_cross_split,risk,"Normalized exact match; sha256=d01157856e1dc046af286a9f587ae1cf25c5134e018706ca0fb90aee35eabdc8; splits=test,train; target_variants=1"
CVE-2023-25829,16272,description,description_cross_split,risk,"Normalized exact match; sha256=09909bcc27a66f1e71fe7862225dbd5ccfce31db2ad81afbbb1b68ec2fe7ab52; splits=test,train; target_variants=1"
CVE-2024-38037,55962,description,description_cross_split,risk,"Normalized exact match; sha256=09909bcc27a66f1e71fe7862225dbd5ccfce31db2ad81afbbb1b68ec2fe7ab52; splits=test,train; target_variants=1"
CVE-2020-17163,1870,description,description_cross_split,risk,"Normalized exact match; sha256=bf7f533830f6feb8bb90c02eecbf4a8b46c8d57258716800bd39c0662b9ae405; splits=test,train; target_variants=2"
CVE-2024-49050,63503,description,description_cross_split,risk,"Normalized exact match; sha256=bf7f533830f6feb8bb90c02eecbf4a8b46c8d57258716800bd39c0662b9ae405; splits=test,train; target_variants=2"
CVE-2023-21567,12720,description,description_cross_split,risk,"Normalized exact match; sha256=252853855375cbaac3108c97e677fabe1d7db559059da2d1f262798a30e06da4; splits=train,validation; target_variants=3"
CVE-2023-36042,24168,description,description_cross_split,risk,"Normalized exact match; sha256=252853855375cbaac3108c97e677fabe1d7db559059da2d1f262798a30e06da4; splits=train,validation; target_variants=3"
CVE-2024-30046,49901,description,description_cross_split,risk,"Normalized exact match; sha256=252853855375cbaac3108c97e677fabe1d7db559059da2d1f262798a30e06da4; splits=train,validation; target_variants=3"
CVE-2023-21566,12719,description,description_cross_split,risk,"Normalized exact match; sha256=e887719228ac345ec69debfc1974bfbd2ae84ffc74a3f457aa653eb460d006c1; splits=test,train,validation; target_variants=4"
CVE-2023-28262,18218,description,description_cross_split,risk,"Normalized exact match; sha256=e887719228ac345ec69debfc1974bfbd2ae84ffc74a3f457aa653eb460d006c1; splits=test,train,validation; target_variants=4"
CVE-2023-36758,24713,description,description_cross_split,risk,"Normalized exact match; sha256=e887719228ac345ec69debfc1974bfbd2ae84ffc74a3f457aa653eb460d006c1; splits=test,train,validation; target_variants=4"
CVE-2023-36759,24714,description,description_cross_split,risk,"Normalized exact match; sha256=e887719228ac345ec69debfc1974bfbd2ae84ffc74a3f457aa653eb460d006c1; splits=test,train,validation; target_variants=4"
CVE-2024-20656,42802,description,description_cross_split,risk,"Normalized exact match; sha256=e887719228ac345ec69debfc1974bfbd2ae84ffc74a3f457aa653eb460d006c1; splits=test,train,validation; target_variants=4"
CVE-2024-29060,49237,description,description_cross_split,risk,"Normalized exact match; sha256=e887719228ac345ec69debfc1974bfbd2ae84ffc74a3f457aa653eb460d006c1; splits=test,train,validation; target_variants=4"
CVE-2024-49044,63498,description,description_cross_split,risk,"Normalized exact match; sha256=e887719228ac345ec69debfc1974bfbd2ae84ffc74a3f457aa653eb460d006c1; splits=test,train,validation; target_variants=4"
CVE-2023-21815,12975,description,description_cross_split,risk,"Normalized exact match; sha256=818884163644d78cfa463edb704eee864338ea7feb7ba28124be955ea0da5fb6; splits=train,validation; target_variants=3"
CVE-2023-23381,14173,description,description_cross_split,risk,"Normalized exact match; sha256=818884163644d78cfa463edb704eee864338ea7feb7ba28124be955ea0da5fb6; splits=train,validation; target_variants=3"
CVE-2023-28296,18247,description,description_cross_split,risk,"Normalized exact match; sha256=818884163644d78cfa463edb704eee864338ea7feb7ba28124be955ea0da5fb6; splits=train,validation; target_variants=3"
CVE-2023-36792,24742,description,description_cross_split,risk,"Normalized exact match; sha256=818884163644d78cfa463edb704eee864338ea7feb7ba28124be955ea0da5fb6; splits=train,validation; target_variants=3"
CVE-2023-36793,24743,description,description_cross_split,risk,"Normalized exact match; sha256=818884163644d78cfa463edb704eee864338ea7feb7ba28124be955ea0da5fb6; splits=train,validation; target_variants=3"
CVE-2023-36794,24744,description,description_cross_split,risk,"Normalized exact match; sha256=818884163644d78cfa463edb704eee864338ea7feb7ba28124be955ea0da5fb6; splits=train,validation; target_variants=3"
CVE-2023-36796,24745,description,description_cross_split,risk,"Normalized exact match; sha256=818884163644d78cfa463edb704eee864338ea7feb7ba28124be955ea0da5fb6; splits=train,validation; target_variants=3"
CVE-2024-30052,49908,description,description_cross_split,risk,"Normalized exact match; sha256=818884163644d78cfa463edb704eee864338ea7feb7ba28124be955ea0da5fb6; splits=train,validation; target_variants=3"
CVE-2023-34043,22807,description,description_cross_split,risk,"Normalized exact match; sha256=a0a037636291817874557ab1597280bd66830e73a4fc37ea0f1cb13e31f1640b; splits=train,validation; target_variants=1"
CVE-2024-22235,44278,description,description_cross_split,risk,"Normalized exact match; sha256=a0a037636291817874557ab1597280bd66830e73a4fc37ea0f1cb13e31f1640b; splits=train,validation; target_variants=1"
CVE-2024-21047,43206,description,description_cross_split,risk,"Normalized exact match; sha256=2bd16019692597fbf04f2abf3c84d40d2e7645374172ff91cbad34d33aba1649; splits=test,validation; target_variants=1"
CVE-2024-21159,43325,description,description_cross_split,risk,"Normalized exact match; sha256=2bd16019692597fbf04f2abf3c84d40d2e7645374172ff91cbad34d33aba1649; splits=test,validation; target_variants=1"
CVE-2024-21160,43327,description,description_cross_split,risk,"Normalized exact match; sha256=2bd16019692597fbf04f2abf3c84d40d2e7645374172ff91cbad34d33aba1649; splits=test,validation; target_variants=1"
CVE-2024-20965,43120,description,description_cross_split,risk,"Normalized exact match; sha256=af86f45315e97458fa8607bd4d8f65ba00aa45cc7501387978e6108dc65585a2; splits=test,validation; target_variants=1"
CVE-2024-20966,43121,description,description_cross_split,risk,"Normalized exact match; sha256=af86f45315e97458fa8607bd4d8f65ba00aa45cc7501387978e6108dc65585a2; splits=test,validation; target_variants=1"
CVE-2024-20970,43126,description,description_cross_split,risk,"Normalized exact match; sha256=af86f45315e97458fa8607bd4d8f65ba00aa45cc7501387978e6108dc65585a2; splits=test,validation; target_variants=1"
CVE-2024-20971,43127,description,description_cross_split,risk,"Normalized exact match; sha256=af86f45315e97458fa8607bd4d8f65ba00aa45cc7501387978e6108dc65585a2; splits=test,validation; target_variants=1"
CVE-2024-20972,43128,description,description_cross_split,risk,"Normalized exact match; sha256=af86f45315e97458fa8607bd4d8f65ba00aa45cc7501387978e6108dc65585a2; splits=test,validation; target_variants=1"
CVE-2024-20974,43130,description,description_cross_split,risk,"Normalized exact match; sha256=af86f45315e97458fa8607bd4d8f65ba00aa45cc7501387978e6108dc65585a2; splits=test,validation; target_variants=1"
CVE-2024-20976,43132,description,description_cross_split,risk,"Normalized exact match; sha256=af86f45315e97458fa8607bd4d8f65ba00aa45cc7501387978e6108dc65585a2; splits=test,validation; target_variants=1"
CVE-2024-20978,43134,description,description_cross_split,risk,"Normalized exact match; sha256=af86f45315e97458fa8607bd4d8f65ba00aa45cc7501387978e6108dc65585a2; splits=test,validation; target_variants=1"
CVE-2024-20982,43139,description,description_cross_split,risk,"Normalized exact match; sha256=af86f45315e97458fa8607bd4d8f65ba00aa45cc7501387978e6108dc65585a2; splits=test,validation; target_variants=1"
CVE-2024-20993,43149,description,description_cross_split,risk,"Normalized exact match; sha256=af86f45315e97458fa8607bd4d8f65ba00aa45cc7501387978e6108dc65585a2; splits=test,validation; target_variants=1"
CVE-2024-21137,43303,description,description_cross_split,risk,"Normalized exact match; sha256=af86f45315e97458fa8607bd4d8f65ba00aa45cc7501387978e6108dc65585a2; splits=test,validation; target_variants=1"
CVE-2024-21055,43214,description,description_cross_split,risk,"Normalized exact match; sha256=bfaf5263fb86d1385dfa5007b0f767ec71c9a461ab538a284c13728602170e3b; splits=test,validation; target_variants=1"
CVE-2024-21057,43216,description,description_cross_split,risk,"Normalized exact match; sha256=bfaf5263fb86d1385dfa5007b0f767ec71c9a461ab538a284c13728602170e3b; splits=test,validation; target_variants=1"
CVE-2024-21200,43368,description,description_cross_split,risk,"Normalized exact match; sha256=bfaf5263fb86d1385dfa5007b0f767ec71c9a461ab538a284c13728602170e3b; splits=test,validation; target_variants=1"
CVE-2024-20998,43154,description,description_cross_split,risk,"Normalized exact match; sha256=d2dff3282a706befb676b5b6a8def995d68c2cc9e8c2decdbf79cb41dc859111; splits=test,validation; target_variants=1"
CVE-2024-21009,43165,description,description_cross_split,risk,"Normalized exact match; sha256=d2dff3282a706befb676b5b6a8def995d68c2cc9e8c2decdbf79cb41dc859111; splits=test,validation; target_variants=1"
CVE-2024-21054,43213,description,description_cross_split,risk,"Normalized exact match; sha256=d2dff3282a706befb676b5b6a8def995d68c2cc9e8c2decdbf79cb41dc859111; splits=test,validation; target_variants=1"
CVE-2024-21062,43222,description,description_cross_split,risk,"Normalized exact match; sha256=d2dff3282a706befb676b5b6a8def995d68c2cc9e8c2decdbf79cb41dc859111; splits=test,validation; target_variants=1"
CVE-2024-21135,43301,description,description_cross_split,risk,"Normalized exact match; sha256=d2dff3282a706befb676b5b6a8def995d68c2cc9e8c2decdbf79cb41dc859111; splits=test,validation; target_variants=1"
CVE-2023-22127,13305,description,description_cross_split,risk,"Normalized exact match; sha256=ab9e3d759bd90bf7773a07f142eda49602c806b99b81059331c44b8a58f53327; splits=train,validation; target_variants=1"
CVE-2024-20930,43085,description,description_cross_split,risk,"Normalized exact match; sha256=ab9e3d759bd90bf7773a07f142eda49602c806b99b81059331c44b8a58f53327; splits=train,validation; target_variants=1"
CVE-2023-22069,13243,description,description_cross_split,risk,"Normalized exact match; sha256=1785b558f09c578a2b8cffbe79145860d5f2c4d4395951db41824e99f8af62d4; splits=test,train; target_variants=1"
CVE-2023-22089,13265,description,description_cross_split,risk,"Normalized exact match; sha256=1785b558f09c578a2b8cffbe79145860d5f2c4d4395951db41824e99f8af62d4; splits=test,train; target_variants=1"
CVE-2024-21181,43350,description,description_cross_split,risk,"Normalized exact match; sha256=1785b558f09c578a2b8cffbe79145860d5f2c4d4395951db41824e99f8af62d4; splits=test,train; target_variants=1"
CVE-2024-21216,43385,description,description_cross_split,risk,"Normalized exact match; sha256=1785b558f09c578a2b8cffbe79145860d5f2c4d4395951db41824e99f8af62d4; splits=test,train; target_variants=1"
CVE-2023-22086,13262,description,description_cross_split,risk,"Normalized exact match; sha256=c1109b8ba180b8974c04aa344470e5a0e56fb90d6dfdde54b729fd76c6bffad3; splits=test,train,validation; target_variants=1"
CVE-2023-22108,13286,description,description_cross_split,risk,"Normalized exact match; sha256=c1109b8ba180b8974c04aa344470e5a0e56fb90d6dfdde54b729fd76c6bffad3; splits=test,train,validation; target_variants=1"
CVE-2024-20931,43086,description,description_cross_split,risk,"Normalized exact match; sha256=c1109b8ba180b8974c04aa344470e5a0e56fb90d6dfdde54b729fd76c6bffad3; splits=test,train,validation; target_variants=1"
CVE-2024-21006,43162,description,description_cross_split,risk,"Normalized exact match; sha256=c1109b8ba180b8974c04aa344470e5a0e56fb90d6dfdde54b729fd76c6bffad3; splits=test,train,validation; target_variants=1"
CVE-2024-21007,43163,description,description_cross_split,risk,"Normalized exact match; sha256=c1109b8ba180b8974c04aa344470e5a0e56fb90d6dfdde54b729fd76c6bffad3; splits=test,train,validation; target_variants=1"
CVE-2024-21182,43351,description,description_cross_split,risk,"Normalized exact match; sha256=c1109b8ba180b8974c04aa344470e5a0e56fb90d6dfdde54b729fd76c6bffad3; splits=test,train,validation; target_variants=1"
CVE-2024-21183,43352,description,description_cross_split,risk,"Normalized exact match; sha256=c1109b8ba180b8974c04aa344470e5a0e56fb90d6dfdde54b729fd76c6bffad3; splits=test,train,validation; target_variants=1"
CVE-2024-21234,43395,description,description_cross_split,risk,"Normalized exact match; sha256=c1109b8ba180b8974c04aa344470e5a0e56fb90d6dfdde54b729fd76c6bffad3; splits=test,train,validation; target_variants=1"
CVE-2023-41298,28402,description,description_cross_split,risk,"Normalized exact match; sha256=9c78197b493d3ab950be86358a5e8aecd15a7fd31c4f434af5b83a229f0e03fd; splits=train,validation; target_variants=1"
CVE-2024-27895,48403,description,description_cross_split,risk,"Normalized exact match; sha256=9c78197b493d3ab950be86358a5e8aecd15a7fd31c4f434af5b83a229f0e03fd; splits=train,validation; target_variants=1"
CVE-2022-35750,5599,description,description_cross_split,risk,"Normalized exact match; sha256=4a9effeccbe6f38ee7878b3def055cdf151d76c37f970003dd186b3039584141; splits=test,train,validation; target_variants=2"
CVE-2023-24902,15476,description,description_cross_split,risk,"Normalized exact match; sha256=4a9effeccbe6f38ee7878b3def055cdf151d76c37f970003dd186b3039584141; splits=test,train,validation; target_variants=2"
CVE-2023-24914,15489,description,description_cross_split,risk,"Normalized exact match; sha256=4a9effeccbe6f38ee7878b3def055cdf151d76c37f970003dd186b3039584141; splits=test,train,validation; target_variants=2"
CVE-2023-29336,19222,description,description_cross_split,risk,"Normalized exact match; sha256=4a9effeccbe6f38ee7878b3def055cdf151d76c37f970003dd186b3039584141; splits=test,train,validation; target_variants=2"
CVE-2023-35337,23686,description,description_cross_split,risk,"Normalized exact match; sha256=4a9effeccbe6f38ee7878b3def055cdf151d76c37f970003dd186b3039584141; splits=test,train,validation; target_variants=2"
CVE-2023-35631,23777,description,description_cross_split,risk,"Normalized exact match; sha256=4a9effeccbe6f38ee7878b3def055cdf151d76c37f970003dd186b3039584141; splits=test,train,validation; target_variants=2"
CVE-2023-36011,24139,description,description_cross_split,risk,"Normalized exact match; sha256=4a9effeccbe6f38ee7878b3def055cdf151d76c37f970003dd186b3039584141; splits=test,train,validation; target_variants=2"
CVE-2023-36731,24687,description,description_cross_split,risk,"Normalized exact match; sha256=4a9effeccbe6f38ee7878b3def055cdf151d76c37f970003dd186b3039584141; splits=test,train,validation; target_variants=2"
CVE-2023-36732,24688,description,description_cross_split,risk,"Normalized exact match; sha256=4a9effeccbe6f38ee7878b3def055cdf151d76c37f970003dd186b3039584141; splits=test,train,validation; target_variants=2"
CVE-2023-36743,24697,description,description_cross_split,risk,"Normalized exact match; sha256=4a9effeccbe6f38ee7878b3def055cdf151d76c37f970003dd186b3039584141; splits=test,train,validation; target_variants=2"
CVE-2023-36776,24730,description,description_cross_split,risk,"Normalized exact match; sha256=4a9effeccbe6f38ee7878b3def055cdf151d76c37f970003dd186b3039584141; splits=test,train,validation; target_variants=2"
CVE-2023-41772,28707,description,description_cross_split,risk,"Normalized exact match; sha256=4a9effeccbe6f38ee7878b3def055cdf151d76c37f970003dd186b3039584141; splits=test,train,validation; target_variants=2"
CVE-2024-20683,42831,description,description_cross_split,risk,"Normalized exact match; sha256=4a9effeccbe6f38ee7878b3def055cdf151d76c37f970003dd186b3039584141; splits=test,train,validation; target_variants=2"
CVE-2024-20686,42834,description,description_cross_split,risk,"Normalized exact match; sha256=4a9effeccbe6f38ee7878b3def055cdf151d76c37f970003dd186b3039584141; splits=test,train,validation; target_variants=2"
CVE-2024-21346,43500,description,description_cross_split,risk,"Normalized exact match; sha256=4a9effeccbe6f38ee7878b3def055cdf151d76c37f970003dd186b3039584141; splits=test,train,validation; target_variants=2"
CVE-2024-26241,47059,description,description_cross_split,risk,"Normalized exact match; sha256=4a9effeccbe6f38ee7878b3def055cdf151d76c37f970003dd186b3039584141; splits=test,train,validation; target_variants=2"
CVE-2024-30028,49881,description,description_cross_split,risk,"Normalized exact match; sha256=4a9effeccbe6f38ee7878b3def055cdf151d76c37f970003dd186b3039584141; splits=test,train,validation; target_variants=2"
CVE-2024-30030,49884,description,description_cross_split,risk,"Normalized exact match; sha256=4a9effeccbe6f38ee7878b3def055cdf151d76c37f970003dd186b3039584141; splits=test,train,validation; target_variants=2"
CVE-2024-30038,49892,description,description_cross_split,risk,"Normalized exact match; sha256=4a9effeccbe6f38ee7878b3def055cdf151d76c37f970003dd186b3039584141; splits=test,train,validation; target_variants=2"
CVE-2024-30082,49941,description,description_cross_split,risk,"Normalized exact match; sha256=4a9effeccbe6f38ee7878b3def055cdf151d76c37f970003dd186b3039584141; splits=test,train,validation; target_variants=2"
CVE-2024-30087,49946,description,description_cross_split,risk,"Normalized exact match; sha256=4a9effeccbe6f38ee7878b3def055cdf151d76c37f970003dd186b3039584141; splits=test,train,validation; target_variants=2"
CVE-2024-30091,49951,description,description_cross_split,risk,"Normalized exact match; sha256=4a9effeccbe6f38ee7878b3def055cdf151d76c37f970003dd186b3039584141; splits=test,train,validation; target_variants=2"
CVE-2024-38059,55984,description,description_cross_split,risk,"Normalized exact match; sha256=4a9effeccbe6f38ee7878b3def055cdf151d76c37f970003dd186b3039584141; splits=test,train,validation; target_variants=2"
CVE-2024-38246,56179,description,description_cross_split,risk,"Normalized exact match; sha256=4a9effeccbe6f38ee7878b3def055cdf151d76c37f970003dd186b3039584141; splits=test,train,validation; target_variants=2"
CVE-2024-43636,60021,description,description_cross_split,risk,"Normalized exact match; sha256=4a9effeccbe6f38ee7878b3def055cdf151d76c37f970003dd186b3039584141; splits=test,train,validation; target_variants=2"
CVE-2023-21768,12926,description,description_cross_split,risk,"Normalized exact match; sha256=6faa28392e14aae8d6f4a113f77c52965a9c67a8a1c0542da7e29a2e7acc1d45; splits=test,train; target_variants=2"
CVE-2023-28218,18176,description,description_cross_split,risk,"Normalized exact match; sha256=6faa28392e14aae8d6f4a113f77c52965a9c67a8a1c0542da7e29a2e7acc1d45; splits=test,train; target_variants=2"
CVE-2023-35632,23778,description,description_cross_split,risk,"Normalized exact match; sha256=6faa28392e14aae8d6f4a113f77c52965a9c67a8a1c0542da7e29a2e7acc1d45; splits=test,train; target_variants=2"
CVE-2024-38141,56069,description,description_cross_split,risk,"Normalized exact match; sha256=6faa28392e14aae8d6f4a113f77c52965a9c67a8a1c0542da7e29a2e7acc1d45; splits=test,train; target_variants=2"
CVE-2024-38193,56123,description,description_cross_split,risk,"Normalized exact match; sha256=6faa28392e14aae8d6f4a113f77c52965a9c67a8a1c0542da7e29a2e7acc1d45; splits=test,train; target_variants=2"
CVE-2024-43563,59952,description,description_cross_split,risk,"Normalized exact match; sha256=6faa28392e14aae8d6f4a113f77c52965a9c67a8a1c0542da7e29a2e7acc1d45; splits=test,train; target_variants=2"
CVE-2023-29364,19251,description,description_cross_split,risk,"Normalized exact match; sha256=1b960d23f40befcced14f872856867b23f0063ff5c305745d24449961779c3ff; splits=train,validation; target_variants=3"
CVE-2023-36047,24172,description,description_cross_split,risk,"Normalized exact match; sha256=1b960d23f40befcced14f872856867b23f0063ff5c305745d24449961779c3ff; splits=train,validation; target_variants=3"
CVE-2024-21447,43610,description,description_cross_split,risk,"Normalized exact match; sha256=1b960d23f40befcced14f872856867b23f0063ff5c305745d24449961779c3ff; splits=train,validation; target_variants=3"
CVE-2024-29056,49233,description,description_cross_split,risk,"Normalized exact match; sha256=1b960d23f40befcced14f872856867b23f0063ff5c305745d24449961779c3ff; splits=train,validation; target_variants=3"
CVE-2023-24944,15517,description,description_cross_split,risk,"Normalized exact match; sha256=e319f0f2590e20f174de85f275d754e4738a1d5c86d09490de30a40e441ef34e; splits=test,train; target_variants=2"
CVE-2024-38123,56049,description,description_cross_split,risk,"Normalized exact match; sha256=e319f0f2590e20f174de85f275d754e4738a1d5c86d09490de30a40e441ef34e; splits=test,train; target_variants=2"
CVE-2022-35757,5606,description,description_cross_split,risk,"Normalized exact match; sha256=0bee2ea8bab413e4b385600f4a8a9b2fe8349478d6f00d45d9ad3ad69eda529a; splits=test,train,validation; target_variants=3"
CVE-2023-29361,19248,description,description_cross_split,risk,"Normalized exact match; sha256=0bee2ea8bab413e4b385600f4a8a9b2fe8349478d6f00d45d9ad3ad69eda529a; splits=test,train,validation; target_variants=3"
CVE-2023-33155,22147,description,description_cross_split,risk,"Normalized exact match; sha256=0bee2ea8bab413e4b385600f4a8a9b2fe8349478d6f00d45d9ad3ad69eda529a; splits=test,train,validation; target_variants=3"
CVE-2023-35355,23705,description,description_cross_split,risk,"Normalized exact match; sha256=0bee2ea8bab413e4b385600f4a8a9b2fe8349478d6f00d45d9ad3ad69eda529a; splits=test,train,validation; target_variants=3"
CVE-2023-36036,24162,description,description_cross_split,risk,"Normalized exact match; sha256=0bee2ea8bab413e4b385600f4a8a9b2fe8349478d6f00d45d9ad3ad69eda529a; splits=test,train,validation; target_variants=3"
CVE-2023-36696,24654,description,description_cross_split,risk,"Normalized exact match; sha256=0bee2ea8bab413e4b385600f4a8a9b2fe8349478d6f00d45d9ad3ad69eda529a; splits=test,train,validation; target_variants=3"
CVE-2023-36904,24852,description,description_cross_split,risk,"Normalized exact match; sha256=0bee2ea8bab413e4b385600f4a8a9b2fe8349478d6f00d45d9ad3ad69eda529a; splits=test,train,validation; target_variants=3"
CVE-2024-21310,43462,description,description_cross_split,risk,"Normalized exact match; sha256=0bee2ea8bab413e4b385600f4a8a9b2fe8349478d6f00d45d9ad3ad69eda529a; splits=test,train,validation; target_variants=3"
CVE-2024-30085,49944,description,description_cross_split,risk,"Normalized exact match; sha256=0bee2ea8bab413e4b385600f4a8a9b2fe8349478d6f00d45d9ad3ad69eda529a; splits=test,train,validation; target_variants=3"
CVE-2024-38215,56146,description,description_cross_split,risk,"Normalized exact match; sha256=0bee2ea8bab413e4b385600f4a8a9b2fe8349478d6f00d45d9ad3ad69eda529a; splits=test,train,validation; target_variants=3"
CVE-2024-49114,63567,description,description_cross_split,risk,"Normalized exact match; sha256=0bee2ea8bab413e4b385600f4a8a9b2fe8349478d6f00d45d9ad3ad69eda529a; splits=test,train,validation; target_variants=3"
CVE-2023-28229,18188,description,description_cross_split,risk,"Normalized exact match; sha256=ac0335f49b454a8c30e69b1fcc3223961a5961ec9bf9df11f972431e8a8ecfa4; splits=train,validation; target_variants=2"
CVE-2023-35340,23690,description,description_cross_split,risk,"Normalized exact match; sha256=ac0335f49b454a8c30e69b1fcc3223961a5961ec9bf9df11f972431e8a8ecfa4; splits=train,validation; target_variants=2"
CVE-2024-30031,49885,description,description_cross_split,risk,"Normalized exact match; sha256=ac0335f49b454a8c30e69b1fcc3223961a5961ec9bf9df11f972431e8a8ecfa4; splits=train,validation; target_variants=2"
CVE-2023-21812,12973,description,description_cross_split,risk,"Normalized exact match; sha256=c624b5ebcca05d89fac22595ad55723c34997f663efa7e5d9030857726f61672; splits=test,train,validation; target_variants=2"
CVE-2023-23376,14168,description,description_cross_split,risk,"Normalized exact match; sha256=c624b5ebcca05d89fac22595ad55723c34997f663efa7e5d9030857726f61672; splits=test,train,validation; target_variants=2"
CVE-2023-28252,18210,description,description_cross_split,risk,"Normalized exact match; sha256=c624b5ebcca05d89fac22595ad55723c34997f663efa7e5d9030857726f61672; splits=test,train,validation; target_variants=2"
CVE-2023-35299,23649,description,description_cross_split,risk,"Normalized exact match; sha256=c624b5ebcca05d89fac22595ad55723c34997f663efa7e5d9030857726f61672; splits=test,train,validation; target_variants=2"
CVE-2023-36424,24401,description,description_cross_split,risk,"Normalized exact match; sha256=c624b5ebcca05d89fac22595ad55723c34997f663efa7e5d9030857726f61672; splits=test,train,validation; target_variants=2"
CVE-2023-36900,24849,description,description_cross_split,risk,"Normalized exact match; sha256=c624b5ebcca05d89fac22595ad55723c34997f663efa7e5d9030857726f61672; splits=test,train,validation; target_variants=2"
CVE-2023-38143,25794,description,description_cross_split,risk,"Normalized exact match; sha256=c624b5ebcca05d89fac22595ad55723c34997f663efa7e5d9030857726f61672; splits=test,train,validation; target_variants=2"
CVE-2023-38144,25795,description,description_cross_split,risk,"Normalized exact match; sha256=c624b5ebcca05d89fac22595ad55723c34997f663efa7e5d9030857726f61672; splits=test,train,validation; target_variants=2"
CVE-2024-29996,49847,description,description_cross_split,risk,"Normalized exact match; sha256=c624b5ebcca05d89fac22595ad55723c34997f663efa7e5d9030857726f61672; splits=test,train,validation; target_variants=2"
CVE-2024-30025,49879,description,description_cross_split,risk,"Normalized exact match; sha256=c624b5ebcca05d89fac22595ad55723c34997f663efa7e5d9030857726f61672; splits=test,train,validation; target_variants=2"
CVE-2024-30037,49891,description,description_cross_split,risk,"Normalized exact match; sha256=c624b5ebcca05d89fac22595ad55723c34997f663efa7e5d9030857726f61672; splits=test,train,validation; target_variants=2"
CVE-2024-38196,56126,description,description_cross_split,risk,"Normalized exact match; sha256=c624b5ebcca05d89fac22595ad55723c34997f663efa7e5d9030857726f61672; splits=test,train,validation; target_variants=2"
CVE-2024-43501,59889,description,description_cross_split,risk,"Normalized exact match; sha256=c624b5ebcca05d89fac22595ad55723c34997f663efa7e5d9030857726f61672; splits=test,train,validation; target_variants=2"
CVE-2024-49088,63539,description,description_cross_split,risk,"Normalized exact match; sha256=c624b5ebcca05d89fac22595ad55723c34997f663efa7e5d9030857726f61672; splits=test,train,validation; target_variants=2"
CVE-2024-49090,63542,description,description_cross_split,risk,"Normalized exact match; sha256=c624b5ebcca05d89fac22595ad55723c34997f663efa7e5d9030857726f61672; splits=test,train,validation; target_variants=2"
CVE-2024-49138,63586,description,description_cross_split,risk,"Normalized exact match; sha256=c624b5ebcca05d89fac22595ad55723c34997f663efa7e5d9030857726f61672; splits=test,train,validation; target_variants=2"
CVE-2024-26185,47000,description,description_cross_split,risk,"Normalized exact match; sha256=91658c51ff0e436af3573980b08cc3bf7c68cbad01735d13d33163275932f326; splits=test,validation; target_variants=1"
CVE-2024-38165,56095,description,description_cross_split,risk,"Normalized exact match; sha256=91658c51ff0e436af3573980b08cc3bf7c68cbad01735d13d33163275932f326; splits=test,validation; target_variants=1"
CVE-2023-32012,21042,description,description_cross_split,risk,"Normalized exact match; sha256=e745140a49c6cdd843e44a8b57f5e9371fda12e0b1d2ed106dc3d9b5237a2380; splits=train,validation; target_variants=2"
CVE-2023-36723,24678,description,description_cross_split,risk,"Normalized exact match; sha256=e745140a49c6cdd843e44a8b57f5e9371fda12e0b1d2ed106dc3d9b5237a2380; splits=train,validation; target_variants=2"
CVE-2024-30076,49934,description,description_cross_split,risk,"Normalized exact match; sha256=e745140a49c6cdd843e44a8b57f5e9371fda12e0b1d2ed106dc3d9b5237a2380; splits=train,validation; target_variants=2"
CVE-2023-21540,12694,description,description_cross_split,risk,"Normalized exact match; sha256=45e298d830f8c6767544118fc9e7c74e11c439d08f19f8c7ad0d3142de71cecc; splits=test,train; target_variants=2"
CVE-2023-21550,12703,description,description_cross_split,risk,"Normalized exact match; sha256=45e298d830f8c6767544118fc9e7c74e11c439d08f19f8c7ad0d3142de71cecc; splits=test,train; target_variants=2"
CVE-2023-21559,12712,description,description_cross_split,risk,"Normalized exact match; sha256=45e298d830f8c6767544118fc9e7c74e11c439d08f19f8c7ad0d3142de71cecc; splits=test,train; target_variants=2"
CVE-2023-33174,22168,description,description_cross_split,risk,"Normalized exact match; sha256=45e298d830f8c6767544118fc9e7c74e11c439d08f19f8c7ad0d3142de71cecc; splits=test,train; target_variants=2"
CVE-2024-43546,59934,description,description_cross_split,risk,"Normalized exact match; sha256=45e298d830f8c6767544118fc9e7c74e11c439d08f19f8c7ad0d3142de71cecc; splits=test,train; target_variants=2"
CVE-2023-36906,24854,description,description_cross_split,risk,"Normalized exact match; sha256=79538ec477f22ed1b8ff6da718998a80bea3a35d59f3b42eb83f7c6355bb1518; splits=train,validation; target_variants=2"
CVE-2023-36907,24855,description,description_cross_split,risk,"Normalized exact match; sha256=79538ec477f22ed1b8ff6da718998a80bea3a35d59f3b42eb83f7c6355bb1518; splits=train,validation; target_variants=2"
CVE-2024-21311,43463,description,description_cross_split,risk,"Normalized exact match; sha256=79538ec477f22ed1b8ff6da718998a80bea3a35d59f3b42eb83f7c6355bb1518; splits=train,validation; target_variants=2"
CVE-2024-30016,49869,description,description_cross_split,risk,"Normalized exact match; sha256=79538ec477f22ed1b8ff6da718998a80bea3a35d59f3b42eb83f7c6355bb1518; splits=train,validation; target_variants=2"
CVE-2024-30096,49956,description,description_cross_split,risk,"Normalized exact match; sha256=79538ec477f22ed1b8ff6da718998a80bea3a35d59f3b42eb83f7c6355bb1518; splits=train,validation; target_variants=2"
CVE-2023-23416,14209,description,description_cross_split,risk,"Normalized exact match; sha256=9276d5cb4b9bf9d909faa9b66d4eb4802deb093e554f1b24c21ed2aebf96321d; splits=train,validation; target_variants=3"
CVE-2024-20682,42830,description,description_cross_split,risk,"Normalized exact match; sha256=9276d5cb4b9bf9d909faa9b66d4eb4802deb093e554f1b24c21ed2aebf96321d; splits=train,validation; target_variants=3"
CVE-2024-29050,49228,description,description_cross_split,risk,"Normalized exact match; sha256=9276d5cb4b9bf9d909faa9b66d4eb4802deb093e554f1b24c21ed2aebf96321d; splits=train,validation; target_variants=3"
CVE-2024-30020,49874,description,description_cross_split,risk,"Normalized exact match; sha256=9276d5cb4b9bf9d909faa9b66d4eb4802deb093e554f1b24c21ed2aebf96321d; splits=train,validation; target_variants=3"
CVE-2024-26228,47044,description,description_cross_split,risk,"Normalized exact match; sha256=4a038fb8c33a60418f3a5c02432ded3b31912ea68ffb7dae4380215851e4f679; splits=test,validation; target_variants=2"
CVE-2024-30098,49958,description,description_cross_split,risk,"Normalized exact match; sha256=4a038fb8c33a60418f3a5c02432ded3b31912ea68ffb7dae4380215851e4f679; splits=test,validation; target_variants=2"
CVE-2023-36567,24532,description,description_cross_split,risk,"Normalized exact match; sha256=1cbaa0d2665d555c035d7dab8fc2aead9588c43ae43ec5bc24200d0b9836e421; splits=train,validation; target_variants=2"
CVE-2023-36706,24663,description,description_cross_split,risk,"Normalized exact match; sha256=1cbaa0d2665d555c035d7dab8fc2aead9588c43ae43ec5bc24200d0b9836e421; splits=train,validation; target_variants=2"
CVE-2024-30036,49890,description,description_cross_split,risk,"Normalized exact match; sha256=1cbaa0d2665d555c035d7dab8fc2aead9588c43ae43ec5bc24200d0b9836e421; splits=train,validation; target_variants=2"
CVE-2023-35322,23672,description,description_cross_split,risk,"Normalized exact match; sha256=61ed67cbeac317e26d268b9bf2defae3edb3a3284eb037124c3ab3f88f74f583; splits=test,train; target_variants=2"
CVE-2024-38138,56065,description,description_cross_split,risk,"Normalized exact match; sha256=61ed67cbeac317e26d268b9bf2defae3edb3a3284eb037124c3ab3f88f74f583; splits=test,train; target_variants=2"
CVE-2023-21820,12981,description,description_cross_split,risk,"Normalized exact match; sha256=6c6594c75093d2fe87726977635f6ea4356686e05330e75c7490a816c9192f7e; splits=train,validation; target_variants=4"
CVE-2023-36425,24402,description,description_cross_split,risk,"Normalized exact match; sha256=6c6594c75093d2fe87726977635f6ea4356686e05330e75c7490a816c9192f7e; splits=train,validation; target_variants=4"
CVE-2024-29066,49242,description,description_cross_split,risk,"Normalized exact match; sha256=6c6594c75093d2fe87726977635f6ea4356686e05330e75c7490a816c9192f7e; splits=train,validation; target_variants=4"
CVE-2024-30063,49920,description,description_cross_split,risk,"Normalized exact match; sha256=6c6594c75093d2fe87726977635f6ea4356686e05330e75c7490a816c9192f7e; splits=train,validation; target_variants=4"
CVE-2023-23400,14192,description,description_cross_split,risk,"Normalized exact match; sha256=da4a7629c2a1dd909c3c0717d558bc0b590ba8065d6d11fe0a0f8b65521c9dbf; splits=train,validation; target_variants=2"
CVE-2023-28254,18212,description,description_cross_split,risk,"Normalized exact match; sha256=da4a7629c2a1dd909c3c0717d558bc0b590ba8065d6d11fe0a0f8b65521c9dbf; splits=train,validation; target_variants=2"
CVE-2023-28255,18213,description,description_cross_split,risk,"Normalized exact match; sha256=da4a7629c2a1dd909c3c0717d558bc0b590ba8065d6d11fe0a0f8b65521c9dbf; splits=train,validation; target_variants=2"
CVE-2023-28256,18214,description,description_cross_split,risk,"Normalized exact match; sha256=da4a7629c2a1dd909c3c0717d558bc0b590ba8065d6d11fe0a0f8b65521c9dbf; splits=train,validation; target_variants=2"
CVE-2023-28278,18233,description,description_cross_split,risk,"Normalized exact match; sha256=da4a7629c2a1dd909c3c0717d558bc0b590ba8065d6d11fe0a0f8b65521c9dbf; splits=train,validation; target_variants=2"
CVE-2023-28305,18257,description,description_cross_split,risk,"Normalized exact match; sha256=da4a7629c2a1dd909c3c0717d558bc0b590ba8065d6d11fe0a0f8b65521c9dbf; splits=train,validation; target_variants=2"
CVE-2023-28306,18258,description,description_cross_split,risk,"Normalized exact match; sha256=da4a7629c2a1dd909c3c0717d558bc0b590ba8065d6d11fe0a0f8b65521c9dbf; splits=train,validation; target_variants=2"
CVE-2023-28307,18259,description,description_cross_split,risk,"Normalized exact match; sha256=da4a7629c2a1dd909c3c0717d558bc0b590ba8065d6d11fe0a0f8b65521c9dbf; splits=train,validation; target_variants=2"
CVE-2023-28308,18260,description,description_cross_split,risk,"Normalized exact match; sha256=da4a7629c2a1dd909c3c0717d558bc0b590ba8065d6d11fe0a0f8b65521c9dbf; splits=train,validation; target_variants=2"
CVE-2023-35310,23659,description,description_cross_split,risk,"Normalized exact match; sha256=da4a7629c2a1dd909c3c0717d558bc0b590ba8065d6d11fe0a0f8b65521c9dbf; splits=train,validation; target_variants=2"
CVE-2023-35344,23694,description,description_cross_split,risk,"Normalized exact match; sha256=da4a7629c2a1dd909c3c0717d558bc0b590ba8065d6d11fe0a0f8b65521c9dbf; splits=train,validation; target_variants=2"
CVE-2023-35345,23695,description,description_cross_split,risk,"Normalized exact match; sha256=da4a7629c2a1dd909c3c0717d558bc0b590ba8065d6d11fe0a0f8b65521c9dbf; splits=train,validation; target_variants=2"
CVE-2023-35346,23696,description,description_cross_split,risk,"Normalized exact match; sha256=da4a7629c2a1dd909c3c0717d558bc0b590ba8065d6d11fe0a0f8b65521c9dbf; splits=train,validation; target_variants=2"
CVE-2024-26221,47038,description,description_cross_split,risk,"Normalized exact match; sha256=da4a7629c2a1dd909c3c0717d558bc0b590ba8065d6d11fe0a0f8b65521c9dbf; splits=train,validation; target_variants=2"
CVE-2024-26222,47039,description,description_cross_split,risk,"Normalized exact match; sha256=da4a7629c2a1dd909c3c0717d558bc0b590ba8065d6d11fe0a0f8b65521c9dbf; splits=train,validation; target_variants=2"
CVE-2024-26223,47040,description,description_cross_split,risk,"Normalized exact match; sha256=da4a7629c2a1dd909c3c0717d558bc0b590ba8065d6d11fe0a0f8b65521c9dbf; splits=train,validation; target_variants=2"
CVE-2024-26224,47041,description,description_cross_split,risk,"Normalized exact match; sha256=da4a7629c2a1dd909c3c0717d558bc0b590ba8065d6d11fe0a0f8b65521c9dbf; splits=train,validation; target_variants=2"
CVE-2024-26227,47043,description,description_cross_split,risk,"Normalized exact match; sha256=da4a7629c2a1dd909c3c0717d558bc0b590ba8065d6d11fe0a0f8b65521c9dbf; splits=train,validation; target_variants=2"
CVE-2024-26231,47048,description,description_cross_split,risk,"Normalized exact match; sha256=da4a7629c2a1dd909c3c0717d558bc0b590ba8065d6d11fe0a0f8b65521c9dbf; splits=train,validation; target_variants=2"
CVE-2024-26233,47050,description,description_cross_split,risk,"Normalized exact match; sha256=da4a7629c2a1dd909c3c0717d558bc0b590ba8065d6d11fe0a0f8b65521c9dbf; splits=train,validation; target_variants=2"
CVE-2023-32020,21051,description,description_cross_split,risk,"Normalized exact match; sha256=4f05021245fe9eeeb4896679d0dbf729e9a3f9bf95d6331b187bbe980ba502d0; splits=test,train; target_variants=4"
CVE-2023-35622,23770,description,description_cross_split,risk,"Normalized exact match; sha256=4f05021245fe9eeeb4896679d0dbf729e9a3f9bf95d6331b187bbe980ba502d0; splits=test,train; target_variants=4"
CVE-2024-37968,55898,description,description_cross_split,risk,"Normalized exact match; sha256=4f05021245fe9eeeb4896679d0dbf729e9a3f9bf95d6331b187bbe980ba502d0; splits=test,train; target_variants=4"
CVE-2024-43450,59840,description,description_cross_split,risk,"Normalized exact match; sha256=4f05021245fe9eeeb4896679d0dbf729e9a3f9bf95d6331b187bbe980ba502d0; splits=test,train; target_variants=4"
CVE-2023-28223,18182,description,description_cross_split,risk,"Normalized exact match; sha256=8519652c22150af6fe34b4d886ceb97b1514b47b3e896bc14088a53c8a84adc8; splits=test,train; target_variants=2"
CVE-2024-49091,63543,description,description_cross_split,risk,"Normalized exact match; sha256=8519652c22150af6fe34b4d886ceb97b1514b47b3e896bc14088a53c8a84adc8; splits=test,train; target_variants=2"
CVE-2023-36033,24159,description,description_cross_split,risk,"Normalized exact match; sha256=914aa3b131489755a2147058f1d04fea0884fbd43a0961c1e3f3ad52a8668b34; splits=test,train,validation; target_variants=1"
CVE-2024-30032,49886,description,description_cross_split,risk,"Normalized exact match; sha256=914aa3b131489755a2147058f1d04fea0884fbd43a0961c1e3f3ad52a8668b34; splits=test,train,validation; target_variants=1"
CVE-2024-30035,49889,description,description_cross_split,risk,"Normalized exact match; sha256=914aa3b131489755a2147058f1d04fea0884fbd43a0961c1e3f3ad52a8668b34; splits=test,train,validation; target_variants=1"
CVE-2024-30051,49907,description,description_cross_split,risk,"Normalized exact match; sha256=914aa3b131489755a2147058f1d04fea0884fbd43a0961c1e3f3ad52a8668b34; splits=test,train,validation; target_variants=1"
CVE-2024-38150,56079,description,description_cross_split,risk,"Normalized exact match; sha256=914aa3b131489755a2147058f1d04fea0884fbd43a0961c1e3f3ad52a8668b34; splits=test,train,validation; target_variants=1"
CVE-2024-43629,60014,description,description_cross_split,risk,"Normalized exact match; sha256=914aa3b131489755a2147058f1d04fea0884fbd43a0961c1e3f3ad52a8668b34; splits=test,train,validation; target_variants=1"
CVE-2023-28226,18185,description,description_cross_split,risk,"Normalized exact match; sha256=1539b0db035b9fa464665bb82f95831e52aaa497eea67a7d5d03d3214a0e8a62; splits=test,train; target_variants=2"
CVE-2024-38069,55995,description,description_cross_split,risk,"Normalized exact match; sha256=1539b0db035b9fa464665bb82f95831e52aaa497eea67a7d5d03d3214a0e8a62; splits=test,train; target_variants=2"
CVE-2023-21558,12711,description,description_cross_split,risk,"Normalized exact match; sha256=dca9da81b095279f9f3a59ae48311f30063e3afb3ff0d15d5243e6c193b6cee4; splits=train,validation; target_variants=2"
CVE-2023-28221,18180,description,description_cross_split,risk,"Normalized exact match; sha256=dca9da81b095279f9f3a59ae48311f30063e3afb3ff0d15d5243e6c193b6cee4; splits=train,validation; target_variants=2"
CVE-2023-36721,24676,description,description_cross_split,risk,"Normalized exact match; sha256=dca9da81b095279f9f3a59ae48311f30063e3afb3ff0d15d5243e6c193b6cee4; splits=train,validation; target_variants=2"
CVE-2023-36874,24823,description,description_cross_split,risk,"Normalized exact match; sha256=dca9da81b095279f9f3a59ae48311f30063e3afb3ff0d15d5243e6c193b6cee4; splits=train,validation; target_variants=2"
CVE-2024-26169,46982,description,description_cross_split,risk,"Normalized exact match; sha256=dca9da81b095279f9f3a59ae48311f30063e3afb3ff0d15d5243e6c193b6cee4; splits=train,validation; target_variants=2"
CVE-2023-21694,12851,description,description_cross_split,risk,"Normalized exact match; sha256=c128ed42a6f2720d6c45dd07ac02d1f90d1c4fde3e993445c9ed045930722e62; splits=test,train; target_variants=3"
CVE-2023-35381,23731,description,description_cross_split,risk,"Normalized exact match; sha256=c128ed42a6f2720d6c45dd07ac02d1f90d1c4fde3e993445c9ed045930722e62; splits=test,train; target_variants=3"
CVE-2024-38104,56031,description,description_cross_split,risk,"Normalized exact match; sha256=c128ed42a6f2720d6c45dd07ac02d1f90d1c4fde3e993445c9ed045930722e62; splits=test,train; target_variants=3"
CVE-2023-29368,19255,description,description_cross_split,risk,"Normalized exact match; sha256=d4e24de9ae3a97de3f2c2bda140c39bbdab99cbd6aeb0e001ff8a2e58b50f256; splits=test,train; target_variants=2"
CVE-2024-38034,55960,description,description_cross_split,risk,"Normalized exact match; sha256=d4e24de9ae3a97de3f2c2bda140c39bbdab99cbd6aeb0e001ff8a2e58b50f256; splits=test,train; target_variants=2"
CVE-2023-21804,12965,description,description_cross_split,risk,"Normalized exact match; sha256=9ed8dd5e6fc05d1eeb07c71fa6adc0161e23503f92398ef02e7f764ced929e19; splits=test,train,validation; target_variants=2"
CVE-2023-21822,12982,description,description_cross_split,risk,"Normalized exact match; sha256=9ed8dd5e6fc05d1eeb07c71fa6adc0161e23503f92398ef02e7f764ced929e19; splits=test,train,validation; target_variants=2"
CVE-2023-24861,15439,description,description_cross_split,risk,"Normalized exact match; sha256=9ed8dd5e6fc05d1eeb07c71fa6adc0161e23503f92398ef02e7f764ced929e19; splits=test,train,validation; target_variants=2"
CVE-2023-24899,15472,description,description_cross_split,risk,"Normalized exact match; sha256=9ed8dd5e6fc05d1eeb07c71fa6adc0161e23503f92398ef02e7f764ced929e19; splits=test,train,validation; target_variants=2"
CVE-2023-24910,15485,description,description_cross_split,risk,"Normalized exact match; sha256=9ed8dd5e6fc05d1eeb07c71fa6adc0161e23503f92398ef02e7f764ced929e19; splits=test,train,validation; target_variants=2"
CVE-2023-24912,15487,description,description_cross_split,risk,"Normalized exact match; sha256=9ed8dd5e6fc05d1eeb07c71fa6adc0161e23503f92398ef02e7f764ced929e19; splits=test,train,validation; target_variants=2"
CVE-2023-36594,24558,description,description_cross_split,risk,"Normalized exact match; sha256=9ed8dd5e6fc05d1eeb07c71fa6adc0161e23503f92398ef02e7f764ced929e19; splits=test,train,validation; target_variants=2"
CVE-2023-38159,25809,description,description_cross_split,risk,"Normalized exact match; sha256=9ed8dd5e6fc05d1eeb07c71fa6adc0161e23503f92398ef02e7f764ced929e19; splits=test,train,validation; target_variants=2"
CVE-2024-21437,43599,description,description_cross_split,risk,"Normalized exact match; sha256=9ed8dd5e6fc05d1eeb07c71fa6adc0161e23503f92398ef02e7f764ced929e19; splits=test,train,validation; target_variants=2"
CVE-2024-38079,56005,description,description_cross_split,risk,"Normalized exact match; sha256=9ed8dd5e6fc05d1eeb07c71fa6adc0161e23503f92398ef02e7f764ced929e19; splits=test,train,validation; target_variants=2"
CVE-2024-38085,56012,description,description_cross_split,risk,"Normalized exact match; sha256=9ed8dd5e6fc05d1eeb07c71fa6adc0161e23503f92398ef02e7f764ced929e19; splits=test,train,validation; target_variants=2"
CVE-2024-38247,56180,description,description_cross_split,risk,"Normalized exact match; sha256=9ed8dd5e6fc05d1eeb07c71fa6adc0161e23503f92398ef02e7f764ced929e19; splits=test,train,validation; target_variants=2"
CVE-2024-38249,56182,description,description_cross_split,risk,"Normalized exact match; sha256=9ed8dd5e6fc05d1eeb07c71fa6adc0161e23503f92398ef02e7f764ced929e19; splits=test,train,validation; target_variants=2"
CVE-2024-38250,56184,description,description_cross_split,risk,"Normalized exact match; sha256=9ed8dd5e6fc05d1eeb07c71fa6adc0161e23503f92398ef02e7f764ced929e19; splits=test,train,validation; target_variants=2"
CVE-2024-43509,59896,description,description_cross_split,risk,"Normalized exact match; sha256=9ed8dd5e6fc05d1eeb07c71fa6adc0161e23503f92398ef02e7f764ced929e19; splits=test,train,validation; target_variants=2"
CVE-2024-43556,59944,description,description_cross_split,risk,"Normalized exact match; sha256=9ed8dd5e6fc05d1eeb07c71fa6adc0161e23503f92398ef02e7f764ced929e19; splits=test,train,validation; target_variants=2"
CVE-2023-21823,12983,description,description_cross_split,risk,"Normalized exact match; sha256=0ca3c3683bb6fd38381e7fcb8831ac7eaea1f79d6a41fbe9ccc946e1dc0271a7; splits=test,train; target_variants=2"
CVE-2024-38051,55976,description,description_cross_split,risk,"Normalized exact match; sha256=0ca3c3683bb6fd38381e7fcb8831ac7eaea1f79d6a41fbe9ccc946e1dc0271a7; splits=test,train; target_variants=2"
CVE-2023-29351,19237,description,description_cross_split,risk,"Normalized exact match; sha256=6a1f7cf2f39153a1626bfb981ab214c9234685f301bc3992442ad32aaf22ae4f; splits=train,validation; target_variants=2"
CVE-2024-20657,42803,description,description_cross_split,risk,"Normalized exact match; sha256=6a1f7cf2f39153a1626bfb981ab214c9234685f301bc3992442ad32aaf22ae4f; splits=train,validation; target_variants=2"
CVE-2023-35384,23734,description,description_cross_split,risk,"Normalized exact match; sha256=461340b5c25933f6f3466ebd7aaea436081893bb9a2ab107f127a9093d4b781d; splits=train,validation; target_variants=2"
CVE-2024-20652,42798,description,description_cross_split,risk,"Normalized exact match; sha256=461340b5c25933f6f3466ebd7aaea436081893bb9a2ab107f127a9093d4b781d; splits=train,validation; target_variants=2"
CVE-2023-23411,14204,description,description_cross_split,risk,"Normalized exact match; sha256=ff709c51adb1bf0f473aeceb232312ff3d86dacf2a34b7dc13fc926dc3783272; splits=test,train,validation; target_variants=5"
CVE-2023-32013,21043,description,description_cross_split,risk,"Normalized exact match; sha256=ff709c51adb1bf0f473aeceb232312ff3d86dacf2a34b7dc13fc926dc3783272; splits=test,train,validation; target_variants=5"
CVE-2024-20684,42832,description,description_cross_split,risk,"Normalized exact match; sha256=ff709c51adb1bf0f473aeceb232312ff3d86dacf2a34b7dc13fc926dc3783272; splits=test,train,validation; target_variants=5"
CVE-2024-20699,42848,description,description_cross_split,risk,"Normalized exact match; sha256=ff709c51adb1bf0f473aeceb232312ff3d86dacf2a34b7dc13fc926dc3783272; splits=test,train,validation; target_variants=5"
CVE-2024-21408,43568,description,description_cross_split,risk,"Normalized exact match; sha256=ff709c51adb1bf0f473aeceb232312ff3d86dacf2a34b7dc13fc926dc3783272; splits=test,train,validation; target_variants=5"
CVE-2024-29064,49241,description,description_cross_split,risk,"Normalized exact match; sha256=ff709c51adb1bf0f473aeceb232312ff3d86dacf2a34b7dc13fc926dc3783272; splits=test,train,validation; target_variants=5"
CVE-2024-30011,49864,description,description_cross_split,risk,"Normalized exact match; sha256=ff709c51adb1bf0f473aeceb232312ff3d86dacf2a34b7dc13fc926dc3783272; splits=test,train,validation; target_variants=5"
CVE-2024-38235,56167,description,description_cross_split,risk,"Normalized exact match; sha256=ff709c51adb1bf0f473aeceb232312ff3d86dacf2a34b7dc13fc926dc3783272; splits=test,train,validation; target_variants=5"
CVE-2024-43521,59909,description,description_cross_split,risk,"Normalized exact match; sha256=ff709c51adb1bf0f473aeceb232312ff3d86dacf2a34b7dc13fc926dc3783272; splits=test,train,validation; target_variants=5"
CVE-2024-43567,59956,description,description_cross_split,risk,"Normalized exact match; sha256=ff709c51adb1bf0f473aeceb232312ff3d86dacf2a34b7dc13fc926dc3783272; splits=test,train,validation; target_variants=5"
CVE-2024-43575,59963,description,description_cross_split,risk,"Normalized exact match; sha256=ff709c51adb1bf0f473aeceb232312ff3d86dacf2a34b7dc13fc926dc3783272; splits=test,train,validation; target_variants=5"
CVE-2024-43633,60018,description,description_cross_split,risk,"Normalized exact match; sha256=ff709c51adb1bf0f473aeceb232312ff3d86dacf2a34b7dc13fc926dc3783272; splits=test,train,validation; target_variants=5"
CVE-2022-35751,5600,description,description_cross_split,risk,"Normalized exact match; sha256=44f258fb294ea9e135fa0db1cabdf7d4b6127d4032da130d699d19a53c27901f; splits=test,train; target_variants=3"
CVE-2023-36407,24385,description,description_cross_split,risk,"Normalized exact match; sha256=44f258fb294ea9e135fa0db1cabdf7d4b6127d4032da130d699d19a53c27901f; splits=test,train; target_variants=3"
CVE-2023-36408,24386,description,description_cross_split,risk,"Normalized exact match; sha256=44f258fb294ea9e135fa0db1cabdf7d4b6127d4032da130d699d19a53c27901f; splits=test,train; target_variants=3"
CVE-2023-36427,24403,description,description_cross_split,risk,"Normalized exact match; sha256=44f258fb294ea9e135fa0db1cabdf7d4b6127d4032da130d699d19a53c27901f; splits=test,train; target_variants=3"
CVE-2024-38080,56007,description,description_cross_split,risk,"Normalized exact match; sha256=44f258fb294ea9e135fa0db1cabdf7d4b6127d4032da130d699d19a53c27901f; splits=test,train; target_variants=3"
CVE-2024-38127,56053,description,description_cross_split,risk,"Normalized exact match; sha256=44f258fb294ea9e135fa0db1cabdf7d4b6127d4032da130d699d19a53c27901f; splits=test,train; target_variants=3"
CVE-2024-20700,42850,description,description_cross_split,risk,"Normalized exact match; sha256=cfbe6fc81220f59416a5bdc133a2fd0c1c0982facb1d0ac094cce28b333bcd45; splits=test,validation; target_variants=4"
CVE-2024-21407,43567,description,description_cross_split,risk,"Normalized exact match; sha256=cfbe6fc81220f59416a5bdc133a2fd0c1c0982facb1d0ac094cce28b333bcd45; splits=test,validation; target_variants=4"
CVE-2024-30010,49863,description,description_cross_split,risk,"Normalized exact match; sha256=cfbe6fc81220f59416a5bdc133a2fd0c1c0982facb1d0ac094cce28b333bcd45; splits=test,validation; target_variants=4"
CVE-2024-30017,49870,description,description_cross_split,risk,"Normalized exact match; sha256=cfbe6fc81220f59416a5bdc133a2fd0c1c0982facb1d0ac094cce28b333bcd45; splits=test,validation; target_variants=4"
CVE-2024-30092,49952,description,description_cross_split,risk,"Normalized exact match; sha256=cfbe6fc81220f59416a5bdc133a2fd0c1c0982facb1d0ac094cce28b333bcd45; splits=test,validation; target_variants=4"
CVE-2024-49117,63570,description,description_cross_split,risk,"Normalized exact match; sha256=cfbe6fc81220f59416a5bdc133a2fd0c1c0982facb1d0ac094cce28b333bcd45; splits=test,validation; target_variants=4"
CVE-2023-35342,23692,description,description_cross_split,risk,"Normalized exact match; sha256=f58f01e82f6ca26c73b7af3e07efa61a92899f5c166984dc090b908d1f37b923; splits=test,train; target_variants=2"
CVE-2024-38022,55948,description,description_cross_split,risk,"Normalized exact match; sha256=f58f01e82f6ca26c73b7af3e07efa61a92899f5c166984dc090b908d1f37b923; splits=test,train; target_variants=2"
CVE-2023-21542,12696,description,description_cross_split,risk,"Normalized exact match; sha256=48ed948e5eee6b6ccdd566e7349043eaa0cba971feea2f8fdbf7dc2fa2b6ab4f; splits=test,train,validation; target_variants=3"
CVE-2023-21800,12961,description,description_cross_split,risk,"Normalized exact match; sha256=48ed948e5eee6b6ccdd566e7349043eaa0cba971feea2f8fdbf7dc2fa2b6ab4f; splits=test,train,validation; target_variants=3"
CVE-2023-24904,15478,description,description_cross_split,risk,"Normalized exact match; sha256=48ed948e5eee6b6ccdd566e7349043eaa0cba971feea2f8fdbf7dc2fa2b6ab4f; splits=test,train,validation; target_variants=3"
CVE-2023-32050,21081,description,description_cross_split,risk,"Normalized exact match; sha256=48ed948e5eee6b6ccdd566e7349043eaa0cba971feea2f8fdbf7dc2fa2b6ab4f; splits=test,train,validation; target_variants=3"
CVE-2023-32053,21084,description,description_cross_split,risk,"Normalized exact match; sha256=48ed948e5eee6b6ccdd566e7349043eaa0cba971feea2f8fdbf7dc2fa2b6ab4f; splits=test,train,validation; target_variants=3"
CVE-2023-36705,24662,description,description_cross_split,risk,"Normalized exact match; sha256=48ed948e5eee6b6ccdd566e7349043eaa0cba971feea2f8fdbf7dc2fa2b6ab4f; splits=test,train,validation; target_variants=3"
CVE-2024-21436,43598,description,description_cross_split,risk,"Normalized exact match; sha256=48ed948e5eee6b6ccdd566e7349043eaa0cba971feea2f8fdbf7dc2fa2b6ab4f; splits=test,train,validation; target_variants=3"
CVE-2024-38014,55939,description,description_cross_split,risk,"Normalized exact match; sha256=48ed948e5eee6b6ccdd566e7349043eaa0cba971feea2f8fdbf7dc2fa2b6ab4f; splits=test,train,validation; target_variants=3"
CVE-2023-21527,12682,description,description_cross_split,risk,"Normalized exact match; sha256=b608e710f3a7c8c4651cc90d8af8a913e0f081f3ca375f539b8d2f602d049e85; splits=test,train; target_variants=2"
CVE-2023-21702,12858,description,description_cross_split,risk,"Normalized exact match; sha256=b608e710f3a7c8c4651cc90d8af8a913e0f081f3ca375f539b8d2f602d049e85; splits=test,train; target_variants=2"
CVE-2023-21811,12972,description,description_cross_split,risk,"Normalized exact match; sha256=b608e710f3a7c8c4651cc90d8af8a913e0f081f3ca375f539b8d2f602d049e85; splits=test,train; target_variants=2"
CVE-2024-35270,53842,description,description_cross_split,risk,"Normalized exact match; sha256=b608e710f3a7c8c4651cc90d8af8a913e0f081f3ca375f539b8d2f602d049e85; splits=test,train; target_variants=2"
CVE-2022-35756,5605,description,description_cross_split,risk,"Normalized exact match; sha256=2373f51e8eb601d2a4d5b5025c3aeed3a184172a6e92e1c75ddc218105fc21f3; splits=test,train,validation; target_variants=6"
CVE-2023-21817,12977,description,description_cross_split,risk,"Normalized exact match; sha256=2373f51e8eb601d2a4d5b5025c3aeed3a184172a6e92e1c75ddc218105fc21f3; splits=test,train,validation; target_variants=6"
CVE-2023-28244,18202,description,description_cross_split,risk,"Normalized exact match; sha256=2373f51e8eb601d2a4d5b5025c3aeed3a184172a6e92e1c75ddc218105fc21f3; splits=test,train,validation; target_variants=6"
CVE-2024-26248,47066,description,description_cross_split,risk,"Normalized exact match; sha256=2373f51e8eb601d2a4d5b5025c3aeed3a184172a6e92e1c75ddc218105fc21f3; splits=test,train,validation; target_variants=6"
CVE-2024-29995,49846,description,description_cross_split,risk,"Normalized exact match; sha256=2373f51e8eb601d2a4d5b5025c3aeed3a184172a6e92e1c75ddc218105fc21f3; splits=test,train,validation; target_variants=6"
CVE-2024-38129,56055,description,description_cross_split,risk,"Normalized exact match; sha256=2373f51e8eb601d2a4d5b5025c3aeed3a184172a6e92e1c75ddc218105fc21f3; splits=test,train,validation; target_variants=6"
CVE-2024-38239,56171,description,description_cross_split,risk,"Normalized exact match; sha256=2373f51e8eb601d2a4d5b5025c3aeed3a184172a6e92e1c75ddc218105fc21f3; splits=test,train,validation; target_variants=6"
CVE-2023-28298,18249,description,description_cross_split,risk,"Normalized exact match; sha256=aeddc13b8ff30d4544995e6a0b9614cb7a3646dc6acaada1eaed334147fbc560; splits=test,train,validation; target_variants=3"
CVE-2023-35635,23781,description,description_cross_split,risk,"Normalized exact match; sha256=aeddc13b8ff30d4544995e6a0b9614cb7a3646dc6acaada1eaed334147fbc560; splits=test,train,validation; target_variants=3"
CVE-2024-26181,46996,description,description_cross_split,risk,"Normalized exact match; sha256=aeddc13b8ff30d4544995e6a0b9614cb7a3646dc6acaada1eaed334147fbc560; splits=test,train,validation; target_variants=3"
CVE-2024-43520,59908,description,description_cross_split,risk,"Normalized exact match; sha256=aeddc13b8ff30d4544995e6a0b9614cb7a3646dc6acaada1eaed334147fbc560; splits=test,train,validation; target_variants=3"
CVE-2023-21675,12830,description,description_cross_split,risk,"Normalized exact match; sha256=f12f6af6aeb798de47efa2e39b05e8d516778e0584787438d85b5ada6173fe94; splits=test,train,validation; target_variants=7"
CVE-2023-21747,12904,description,description_cross_split,risk,"Normalized exact match; sha256=f12f6af6aeb798de47efa2e39b05e8d516778e0584787438d85b5ada6173fe94; splits=test,train,validation; target_variants=7"
CVE-2023-21748,12905,description,description_cross_split,risk,"Normalized exact match; sha256=f12f6af6aeb798de47efa2e39b05e8d516778e0584787438d85b5ada6173fe94; splits=test,train,validation; target_variants=7"
CVE-2023-21749,12906,description,description_cross_split,risk,"Normalized exact match; sha256=f12f6af6aeb798de47efa2e39b05e8d516778e0584787438d85b5ada6173fe94; splits=test,train,validation; target_variants=7"
CVE-2023-21750,12907,description,description_cross_split,risk,"Normalized exact match; sha256=f12f6af6aeb798de47efa2e39b05e8d516778e0584787438d85b5ada6173fe94; splits=test,train,validation; target_variants=7"
CVE-2023-21754,12911,description,description_cross_split,risk,"Normalized exact match; sha256=f12f6af6aeb798de47efa2e39b05e8d516778e0584787438d85b5ada6173fe94; splits=test,train,validation; target_variants=7"
CVE-2023-21755,12912,description,description_cross_split,risk,"Normalized exact match; sha256=f12f6af6aeb798de47efa2e39b05e8d516778e0584787438d85b5ada6173fe94; splits=test,train,validation; target_variants=7"
CVE-2023-21772,12930,description,description_cross_split,risk,"Normalized exact match; sha256=f12f6af6aeb798de47efa2e39b05e8d516778e0584787438d85b5ada6173fe94; splits=test,train,validation; target_variants=7"
CVE-2023-21773,12931,description,description_cross_split,risk,"Normalized exact match; sha256=f12f6af6aeb798de47efa2e39b05e8d516778e0584787438d85b5ada6173fe94; splits=test,train,validation; target_variants=7"
CVE-2023-21774,12932,description,description_cross_split,risk,"Normalized exact match; sha256=f12f6af6aeb798de47efa2e39b05e8d516778e0584787438d85b5ada6173fe94; splits=test,train,validation; target_variants=7"
CVE-2023-23420,14214,description,description_cross_split,risk,"Normalized exact match; sha256=f12f6af6aeb798de47efa2e39b05e8d516778e0584787438d85b5ada6173fe94; splits=test,train,validation; target_variants=7"
CVE-2023-23421,14215,description,description_cross_split,risk,"Normalized exact match; sha256=f12f6af6aeb798de47efa2e39b05e8d516778e0584787438d85b5ada6173fe94; splits=test,train,validation; target_variants=7"
CVE-2023-23422,14216,description,description_cross_split,risk,"Normalized exact match; sha256=f12f6af6aeb798de47efa2e39b05e8d516778e0584787438d85b5ada6173fe94; splits=test,train,validation; target_variants=7"
CVE-2023-23423,14217,description,description_cross_split,risk,"Normalized exact match; sha256=f12f6af6aeb798de47efa2e39b05e8d516778e0584787438d85b5ada6173fe94; splits=test,train,validation; target_variants=7"
CVE-2023-24949,15522,description,description_cross_split,risk,"Normalized exact match; sha256=f12f6af6aeb798de47efa2e39b05e8d516778e0584787438d85b5ada6173fe94; splits=test,train,validation; target_variants=7"
CVE-2023-28222,18181,description,description_cross_split,risk,"Normalized exact match; sha256=f12f6af6aeb798de47efa2e39b05e8d516778e0584787438d85b5ada6173fe94; splits=test,train,validation; target_variants=7"
CVE-2023-28236,18195,description,description_cross_split,risk,"Normalized exact match; sha256=f12f6af6aeb798de47efa2e39b05e8d516778e0584787438d85b5ada6173fe94; splits=test,train,validation; target_variants=7"
CVE-2023-28248,18205,description,description_cross_split,risk,"Normalized exact match; sha256=f12f6af6aeb798de47efa2e39b05e8d516778e0584787438d85b5ada6173fe94; splits=test,train,validation; target_variants=7"
CVE-2023-28272,18227,description,description_cross_split,risk,"Normalized exact match; sha256=f12f6af6aeb798de47efa2e39b05e8d516778e0584787438d85b5ada6173fe94; splits=test,train,validation; target_variants=7"
CVE-2023-28293,18245,description,description_cross_split,risk,"Normalized exact match; sha256=f12f6af6aeb798de47efa2e39b05e8d516778e0584787438d85b5ada6173fe94; splits=test,train,validation; target_variants=7"
CVE-2023-35304,23653,description,description_cross_split,risk,"Normalized exact match; sha256=f12f6af6aeb798de47efa2e39b05e8d516778e0584787438d85b5ada6173fe94; splits=test,train,validation; target_variants=7"
CVE-2023-35305,23654,description,description_cross_split,risk,"Normalized exact match; sha256=f12f6af6aeb798de47efa2e39b05e8d516778e0584787438d85b5ada6173fe94; splits=test,train,validation; target_variants=7"
CVE-2023-35356,23706,description,description_cross_split,risk,"Normalized exact match; sha256=f12f6af6aeb798de47efa2e39b05e8d516778e0584787438d85b5ada6173fe94; splits=test,train,validation; target_variants=7"
CVE-2023-35357,23707,description,description_cross_split,risk,"Normalized exact match; sha256=f12f6af6aeb798de47efa2e39b05e8d516778e0584787438d85b5ada6173fe94; splits=test,train,validation; target_variants=7"
CVE-2023-35358,23708,description,description_cross_split,risk,"Normalized exact match; sha256=f12f6af6aeb798de47efa2e39b05e8d516778e0584787438d85b5ada6173fe94; splits=test,train,validation; target_variants=7"
CVE-2023-35359,23709,description,description_cross_split,risk,"Normalized exact match; sha256=f12f6af6aeb798de47efa2e39b05e8d516778e0584787438d85b5ada6173fe94; splits=test,train,validation; target_variants=7"
CVE-2023-35360,23711,description,description_cross_split,risk,"Normalized exact match; sha256=f12f6af6aeb798de47efa2e39b05e8d516778e0584787438d85b5ada6173fe94; splits=test,train,validation; target_variants=7"
CVE-2023-35361,23712,description,description_cross_split,risk,"Normalized exact match; sha256=f12f6af6aeb798de47efa2e39b05e8d516778e0584787438d85b5ada6173fe94; splits=test,train,validation; target_variants=7"
CVE-2023-35363,23714,description,description_cross_split,risk,"Normalized exact match; sha256=f12f6af6aeb798de47efa2e39b05e8d516778e0584787438d85b5ada6173fe94; splits=test,train,validation; target_variants=7"
CVE-2023-35364,23715,description,description_cross_split,risk,"Normalized exact match; sha256=f12f6af6aeb798de47efa2e39b05e8d516778e0584787438d85b5ada6173fe94; splits=test,train,validation; target_variants=7"
CVE-2023-35380,23730,description,description_cross_split,risk,"Normalized exact match; sha256=f12f6af6aeb798de47efa2e39b05e8d516778e0584787438d85b5ada6173fe94; splits=test,train,validation; target_variants=7"
CVE-2023-35382,23732,description,description_cross_split,risk,"Normalized exact match; sha256=f12f6af6aeb798de47efa2e39b05e8d516778e0584787438d85b5ada6173fe94; splits=test,train,validation; target_variants=7"
CVE-2023-35386,23736,description,description_cross_split,risk,"Normalized exact match; sha256=f12f6af6aeb798de47efa2e39b05e8d516778e0584787438d85b5ada6173fe94; splits=test,train,validation; target_variants=7"
CVE-2023-35633,23779,description,description_cross_split,risk,"Normalized exact match; sha256=f12f6af6aeb798de47efa2e39b05e8d516778e0584787438d85b5ada6173fe94; splits=test,train,validation; target_variants=7"
CVE-2023-36403,24381,description,description_cross_split,risk,"Normalized exact match; sha256=f12f6af6aeb798de47efa2e39b05e8d516778e0584787438d85b5ada6173fe94; splits=test,train,validation; target_variants=7"
CVE-2023-36405,24383,description,description_cross_split,risk,"Normalized exact match; sha256=f12f6af6aeb798de47efa2e39b05e8d516778e0584787438d85b5ada6173fe94; splits=test,train,validation; target_variants=7"
CVE-2023-36712,24669,description,description_cross_split,risk,"Normalized exact match; sha256=f12f6af6aeb798de47efa2e39b05e8d516778e0584787438d85b5ada6173fe94; splits=test,train,validation; target_variants=7"
CVE-2023-36725,24680,description,description_cross_split,risk,"Normalized exact match; sha256=f12f6af6aeb798de47efa2e39b05e8d516778e0584787438d85b5ada6173fe94; splits=test,train,validation; target_variants=7"
CVE-2023-38139,25789,description,description_cross_split,risk,"Normalized exact match; sha256=f12f6af6aeb798de47efa2e39b05e8d516778e0584787438d85b5ada6173fe94; splits=test,train,validation; target_variants=7"
CVE-2023-38141,25792,description,description_cross_split,risk,"Normalized exact match; sha256=f12f6af6aeb798de47efa2e39b05e8d516778e0584787438d85b5ada6173fe94; splits=test,train,validation; target_variants=7"
CVE-2023-38142,25793,description,description_cross_split,risk,"Normalized exact match; sha256=f12f6af6aeb798de47efa2e39b05e8d516778e0584787438d85b5ada6173fe94; splits=test,train,validation; target_variants=7"
CVE-2023-38150,25801,description,description_cross_split,risk,"Normalized exact match; sha256=f12f6af6aeb798de47efa2e39b05e8d516778e0584787438d85b5ada6173fe94; splits=test,train,validation; target_variants=7"
CVE-2023-38154,25804,description,description_cross_split,risk,"Normalized exact match; sha256=f12f6af6aeb798de47efa2e39b05e8d516778e0584787438d85b5ada6173fe94; splits=test,train,validation; target_variants=7"
CVE-2024-20693,42842,description,description_cross_split,risk,"Normalized exact match; sha256=f12f6af6aeb798de47efa2e39b05e8d516778e0584787438d85b5ada6173fe94; splits=test,train,validation; target_variants=7"
CVE-2024-20698,42847,description,description_cross_split,risk,"Normalized exact match; sha256=f12f6af6aeb798de47efa2e39b05e8d516778e0584787438d85b5ada6173fe94; splits=test,train,validation; target_variants=7"
CVE-2024-21338,43491,description,description_cross_split,risk,"Normalized exact match; sha256=f12f6af6aeb798de47efa2e39b05e8d516778e0584787438d85b5ada6173fe94; splits=test,train,validation; target_variants=7"
CVE-2024-21345,43499,description,description_cross_split,risk,"Normalized exact match; sha256=f12f6af6aeb798de47efa2e39b05e8d516778e0584787438d85b5ada6173fe94; splits=test,train,validation; target_variants=7"
CVE-2024-21371,43528,description,description_cross_split,risk,"Normalized exact match; sha256=f12f6af6aeb798de47efa2e39b05e8d516778e0584787438d85b5ada6173fe94; splits=test,train,validation; target_variants=7"
CVE-2024-21443,43606,description,description_cross_split,risk,"Normalized exact match; sha256=f12f6af6aeb798de47efa2e39b05e8d516778e0584787438d85b5ada6173fe94; splits=test,train,validation; target_variants=7"
CVE-2024-26173,46987,description,description_cross_split,risk,"Normalized exact match; sha256=f12f6af6aeb798de47efa2e39b05e8d516778e0584787438d85b5ada6173fe94; splits=test,train,validation; target_variants=7"
CVE-2024-26176,46990,description,description_cross_split,risk,"Normalized exact match; sha256=f12f6af6aeb798de47efa2e39b05e8d516778e0584787438d85b5ada6173fe94; splits=test,train,validation; target_variants=7"
CVE-2024-26178,46992,description,description_cross_split,risk,"Normalized exact match; sha256=f12f6af6aeb798de47efa2e39b05e8d516778e0584787438d85b5ada6173fe94; splits=test,train,validation; target_variants=7"
CVE-2024-26182,46997,description,description_cross_split,risk,"Normalized exact match; sha256=f12f6af6aeb798de47efa2e39b05e8d516778e0584787438d85b5ada6173fe94; splits=test,train,validation; target_variants=7"
CVE-2024-26218,47034,description,description_cross_split,risk,"Normalized exact match; sha256=f12f6af6aeb798de47efa2e39b05e8d516778e0584787438d85b5ada6173fe94; splits=test,train,validation; target_variants=7"
CVE-2024-30018,49871,description,description_cross_split,risk,"Normalized exact match; sha256=f12f6af6aeb798de47efa2e39b05e8d516778e0584787438d85b5ada6173fe94; splits=test,train,validation; target_variants=7"
CVE-2024-30064,49921,description,description_cross_split,risk,"Normalized exact match; sha256=f12f6af6aeb798de47efa2e39b05e8d516778e0584787438d85b5ada6173fe94; splits=test,train,validation; target_variants=7"
CVE-2024-30068,49925,description,description_cross_split,risk,"Normalized exact match; sha256=f12f6af6aeb798de47efa2e39b05e8d516778e0584787438d85b5ada6173fe94; splits=test,train,validation; target_variants=7"
CVE-2024-30088,49947,description,description_cross_split,risk,"Normalized exact match; sha256=f12f6af6aeb798de47efa2e39b05e8d516778e0584787438d85b5ada6173fe94; splits=test,train,validation; target_variants=7"
CVE-2024-30099,49959,description,description_cross_split,risk,"Normalized exact match; sha256=f12f6af6aeb798de47efa2e39b05e8d516778e0584787438d85b5ada6173fe94; splits=test,train,validation; target_variants=7"
CVE-2024-37979,55910,description,description_cross_split,risk,"Normalized exact match; sha256=f12f6af6aeb798de47efa2e39b05e8d516778e0584787438d85b5ada6173fe94; splits=test,train,validation; target_variants=7"
CVE-2024-38106,56033,description,description_cross_split,risk,"Normalized exact match; sha256=f12f6af6aeb798de47efa2e39b05e8d516778e0584787438d85b5ada6173fe94; splits=test,train,validation; target_variants=7"
CVE-2024-38133,56060,description,description_cross_split,risk,"Normalized exact match; sha256=f12f6af6aeb798de47efa2e39b05e8d516778e0584787438d85b5ada6173fe94; splits=test,train,validation; target_variants=7"
CVE-2024-38153,56082,description,description_cross_split,risk,"Normalized exact match; sha256=f12f6af6aeb798de47efa2e39b05e8d516778e0584787438d85b5ada6173fe94; splits=test,train,validation; target_variants=7"
CVE-2024-43502,59890,description,description_cross_split,risk,"Normalized exact match; sha256=f12f6af6aeb798de47efa2e39b05e8d516778e0584787438d85b5ada6173fe94; splits=test,train,validation; target_variants=7"
CVE-2024-43511,59898,description,description_cross_split,risk,"Normalized exact match; sha256=f12f6af6aeb798de47efa2e39b05e8d516778e0584787438d85b5ada6173fe94; splits=test,train,validation; target_variants=7"
CVE-2024-43527,59915,description,description_cross_split,risk,"Normalized exact match; sha256=f12f6af6aeb798de47efa2e39b05e8d516778e0584787438d85b5ada6173fe94; splits=test,train,validation; target_variants=7"
CVE-2024-43570,59958,description,description_cross_split,risk,"Normalized exact match; sha256=f12f6af6aeb798de47efa2e39b05e8d516778e0584787438d85b5ada6173fe94; splits=test,train,validation; target_variants=7"
CVE-2024-43630,60016,description,description_cross_split,risk,"Normalized exact match; sha256=f12f6af6aeb798de47efa2e39b05e8d516778e0584787438d85b5ada6173fe94; splits=test,train,validation; target_variants=7"
CVE-2024-49084,63535,description,description_cross_split,risk,"Normalized exact match; sha256=f12f6af6aeb798de47efa2e39b05e8d516778e0584787438d85b5ada6173fe94; splits=test,train,validation; target_variants=7"
CVE-2023-21776,12934,description,description_cross_split,risk,"Normalized exact match; sha256=f90d24fc927152b26075d34861a5a939d2ca90a864cc0933e8418db614e657a1; splits=test,train,validation; target_variants=4"
CVE-2023-28253,18211,description,description_cross_split,risk,"Normalized exact match; sha256=f90d24fc927152b26075d34861a5a939d2ca90a864cc0933e8418db614e657a1; splits=test,train,validation; target_variants=4"
CVE-2023-32019,21049,description,description_cross_split,risk,"Normalized exact match; sha256=f90d24fc927152b26075d34861a5a939d2ca90a864cc0933e8418db614e657a1; splits=test,train,validation; target_variants=4"
CVE-2023-36404,24382,description,description_cross_split,risk,"Normalized exact match; sha256=f90d24fc927152b26075d34861a5a939d2ca90a864cc0933e8418db614e657a1; splits=test,train,validation; target_variants=4"
CVE-2023-36576,24542,description,description_cross_split,risk,"Normalized exact match; sha256=f90d24fc927152b26075d34861a5a939d2ca90a864cc0933e8418db614e657a1; splits=test,train,validation; target_variants=4"
CVE-2023-36803,24751,description,description_cross_split,risk,"Normalized exact match; sha256=f90d24fc927152b26075d34861a5a939d2ca90a864cc0933e8418db614e657a1; splits=test,train,validation; target_variants=4"
CVE-2023-38140,25791,description,description_cross_split,risk,"Normalized exact match; sha256=f90d24fc927152b26075d34861a5a939d2ca90a864cc0933e8418db614e657a1; splits=test,train,validation; target_variants=4"
CVE-2024-21340,43494,description,description_cross_split,risk,"Normalized exact match; sha256=f90d24fc927152b26075d34861a5a939d2ca90a864cc0933e8418db614e657a1; splits=test,train,validation; target_variants=4"
CVE-2024-26174,46988,description,description_cross_split,risk,"Normalized exact match; sha256=f90d24fc927152b26075d34861a5a939d2ca90a864cc0933e8418db614e657a1; splits=test,train,validation; target_variants=4"
CVE-2024-26177,46991,description,description_cross_split,risk,"Normalized exact match; sha256=f90d24fc927152b26075d34861a5a939d2ca90a864cc0933e8418db614e657a1; splits=test,train,validation; target_variants=4"
CVE-2024-37985,55917,description,description_cross_split,risk,"Normalized exact match; sha256=f90d24fc927152b26075d34861a5a939d2ca90a864cc0933e8418db614e657a1; splits=test,train,validation; target_variants=4"
CVE-2024-38041,55967,description,description_cross_split,risk,"Normalized exact match; sha256=f90d24fc927152b26075d34861a5a939d2ca90a864cc0933e8418db614e657a1; splits=test,train,validation; target_variants=4"
CVE-2024-38151,56080,description,description_cross_split,risk,"Normalized exact match; sha256=f90d24fc927152b26075d34861a5a939d2ca90a864cc0933e8418db614e657a1; splits=test,train,validation; target_variants=4"
CVE-2023-28237,18196,description,description_cross_split,risk,"Normalized exact match; sha256=d8d8a1255f04b740934a4b76c4616db2cfbe74d9aba5068703c804afedb5282f; splits=train,validation; target_variants=2"
CVE-2024-21341,43495,description,description_cross_split,risk,"Normalized exact match; sha256=d8d8a1255f04b740934a4b76c4616db2cfbe74d9aba5068703c804afedb5282f; splits=train,validation; target_variants=2"
CVE-2023-36698,24656,description,description_cross_split,risk,"Normalized exact match; sha256=234bc52034944f17f67f72c15ca2232b2f0c2c764fa6b4b71a52e6ee23d989d4; splits=train,validation; target_variants=2"
CVE-2024-21362,43518,description,description_cross_split,risk,"Normalized exact match; sha256=234bc52034944f17f67f72c15ca2232b2f0c2c764fa6b4b71a52e6ee23d989d4; splits=train,validation; target_variants=2"
CVE-2024-21309,43460,description,description_cross_split,risk,"Normalized exact match; sha256=fdef0149044b87be84bc6cd96cf486689113fdcf005e2f636e619cabf0b60003; splits=test,validation; target_variants=2"
CVE-2024-30084,49943,description,description_cross_split,risk,"Normalized exact match; sha256=fdef0149044b87be84bc6cd96cf486689113fdcf005e2f636e619cabf0b60003; splits=test,validation; target_variants=2"
CVE-2024-35250,53828,description,description_cross_split,risk,"Normalized exact match; sha256=fdef0149044b87be84bc6cd96cf486689113fdcf005e2f636e619cabf0b60003; splits=test,validation; target_variants=2"
CVE-2024-38062,55988,description,description_cross_split,risk,"Normalized exact match; sha256=fdef0149044b87be84bc6cd96cf486689113fdcf005e2f636e619cabf0b60003; splits=test,validation; target_variants=2"
CVE-2024-38184,56114,description,description_cross_split,risk,"Normalized exact match; sha256=fdef0149044b87be84bc6cd96cf486689113fdcf005e2f636e619cabf0b60003; splits=test,validation; target_variants=2"
CVE-2024-38185,56115,description,description_cross_split,risk,"Normalized exact match; sha256=fdef0149044b87be84bc6cd96cf486689113fdcf005e2f636e619cabf0b60003; splits=test,validation; target_variants=2"
CVE-2024-38186,56116,description,description_cross_split,risk,"Normalized exact match; sha256=fdef0149044b87be84bc6cd96cf486689113fdcf005e2f636e619cabf0b60003; splits=test,validation; target_variants=2"
CVE-2024-38187,56117,description,description_cross_split,risk,"Normalized exact match; sha256=fdef0149044b87be84bc6cd96cf486689113fdcf005e2f636e619cabf0b60003; splits=test,validation; target_variants=2"
CVE-2024-43535,59923,description,description_cross_split,risk,"Normalized exact match; sha256=fdef0149044b87be84bc6cd96cf486689113fdcf005e2f636e619cabf0b60003; splits=test,validation; target_variants=2"
CVE-2024-43640,60026,description,description_cross_split,risk,"Normalized exact match; sha256=fdef0149044b87be84bc6cd96cf486689113fdcf005e2f636e619cabf0b60003; splits=test,validation; target_variants=2"
CVE-2024-49074,63524,description,description_cross_split,risk,"Normalized exact match; sha256=fdef0149044b87be84bc6cd96cf486689113fdcf005e2f636e619cabf0b60003; splits=test,validation; target_variants=2"
CVE-2023-35315,23664,description,description_cross_split,risk,"Normalized exact match; sha256=d37ca9208b838133549a272dbea187165f21884bca95fce53ed389b05e06c5ff; splits=test,train; target_variants=1"
CVE-2024-38053,55978,description,description_cross_split,risk,"Normalized exact match; sha256=d37ca9208b838133549a272dbea187165f21884bca95fce53ed389b05e06c5ff; splits=test,train; target_variants=1"
CVE-2024-20696,42845,description,description_cross_split,risk,"Normalized exact match; sha256=9231d8ae8cedb43693eff111ff89d2de7b2c4be9152bebacd94664e3153265bc; splits=test,validation; target_variants=1"
CVE-2024-20697,42846,description,description_cross_split,risk,"Normalized exact match; sha256=9231d8ae8cedb43693eff111ff89d2de7b2c4be9152bebacd94664e3153265bc; splits=test,validation; target_variants=1"
CVE-2024-43495,59882,description,description_cross_split,risk,"Normalized exact match; sha256=9231d8ae8cedb43693eff111ff89d2de7b2c4be9152bebacd94664e3153265bc; splits=test,validation; target_variants=1"
CVE-2023-21557,12710,description,description_cross_split,risk,"Normalized exact match; sha256=4e4019f053ded236175a918506d09d9a3d625b40accf5c60fefe15fa611e3a84; splits=test,train,validation; target_variants=3"
CVE-2024-21356,43511,description,description_cross_split,risk,"Normalized exact match; sha256=4e4019f053ded236175a918506d09d9a3d625b40accf5c60fefe15fa611e3a84; splits=test,train,validation; target_variants=3"
CVE-2024-49113,63566,description,description_cross_split,risk,"Normalized exact match; sha256=4e4019f053ded236175a918506d09d9a3d625b40accf5c60fefe15fa611e3a84; splits=test,train,validation; target_variants=3"
CVE-2024-49121,63575,description,description_cross_split,risk,"Normalized exact match; sha256=4e4019f053ded236175a918506d09d9a3d625b40accf5c60fefe15fa611e3a84; splits=test,train,validation; target_variants=3"
CVE-2023-21676,12831,description,description_cross_split,risk,"Normalized exact match; sha256=7714ca2a97edd7e8eb2c47f253623d04f20ff8b8b7d0859694afa33a2bdf61a7; splits=test,train; target_variants=4"
CVE-2023-28283,18235,description,description_cross_split,risk,"Normalized exact match; sha256=7714ca2a97edd7e8eb2c47f253623d04f20ff8b8b7d0859694afa33a2bdf61a7; splits=test,train; target_variants=4"
CVE-2023-38184,25831,description,description_cross_split,risk,"Normalized exact match; sha256=7714ca2a97edd7e8eb2c47f253623d04f20ff8b8b7d0859694afa33a2bdf61a7; splits=test,train; target_variants=4"
CVE-2024-49112,63565,description,description_cross_split,risk,"Normalized exact match; sha256=7714ca2a97edd7e8eb2c47f253623d04f20ff8b8b7d0859694afa33a2bdf61a7; splits=test,train; target_variants=4"
CVE-2024-49127,63581,description,description_cross_split,risk,"Normalized exact match; sha256=7714ca2a97edd7e8eb2c47f253623d04f20ff8b8b7d0859694afa33a2bdf61a7; splits=test,train; target_variants=4"
CVE-2023-21524,12679,description,description_cross_split,risk,"Normalized exact match; sha256=af5202ddaf35432c30e39d207333ad5f6bb2e237851a3f1701cffd603df09df7; splits=test,train; target_variants=2"
CVE-2024-43522,59910,description,description_cross_split,risk,"Normalized exact match; sha256=af5202ddaf35432c30e39d207333ad5f6bb2e237851a3f1701cffd603df09df7; splits=test,train; target_variants=2"
CVE-2023-36584,24550,description,description_cross_split,risk,"Normalized exact match; sha256=782d304a19fece2c37746aad8b5aef4e377f03a92ede62f7d4dc843cfcd373cc; splits=test,train,validation; target_variants=2"
CVE-2024-30050,49906,description,description_cross_split,risk,"Normalized exact match; sha256=782d304a19fece2c37746aad8b5aef4e377f03a92ede62f7d4dc843cfcd373cc; splits=test,train,validation; target_variants=2"
CVE-2024-38213,56144,description,description_cross_split,risk,"Normalized exact match; sha256=782d304a19fece2c37746aad8b5aef4e377f03a92ede62f7d4dc843cfcd373cc; splits=test,train,validation; target_variants=2"
CVE-2024-38217,56148,description,description_cross_split,risk,"Normalized exact match; sha256=782d304a19fece2c37746aad8b5aef4e377f03a92ede62f7d4dc843cfcd373cc; splits=test,train,validation; target_variants=2"
CVE-2024-43487,59876,description,description_cross_split,risk,"Normalized exact match; sha256=782d304a19fece2c37746aad8b5aef4e377f03a92ede62f7d4dc843cfcd373cc; splits=test,train,validation; target_variants=2"
CVE-2024-29997,49848,description,description_cross_split,risk,"Normalized exact match; sha256=92ca7bf9996d0b0c290f38d03b9c66962a18ee89da6e281a5726e8c9059d88b2; splits=test,validation; target_variants=1"
CVE-2024-29998,49849,description,description_cross_split,risk,"Normalized exact match; sha256=92ca7bf9996d0b0c290f38d03b9c66962a18ee89da6e281a5726e8c9059d88b2; splits=test,validation; target_variants=1"
CVE-2024-29999,49850,description,description_cross_split,risk,"Normalized exact match; sha256=92ca7bf9996d0b0c290f38d03b9c66962a18ee89da6e281a5726e8c9059d88b2; splits=test,validation; target_variants=1"
CVE-2024-30000,49852,description,description_cross_split,risk,"Normalized exact match; sha256=92ca7bf9996d0b0c290f38d03b9c66962a18ee89da6e281a5726e8c9059d88b2; splits=test,validation; target_variants=1"
CVE-2024-30001,49853,description,description_cross_split,risk,"Normalized exact match; sha256=92ca7bf9996d0b0c290f38d03b9c66962a18ee89da6e281a5726e8c9059d88b2; splits=test,validation; target_variants=1"
CVE-2024-30002,49854,description,description_cross_split,risk,"Normalized exact match; sha256=92ca7bf9996d0b0c290f38d03b9c66962a18ee89da6e281a5726e8c9059d88b2; splits=test,validation; target_variants=1"
CVE-2024-30003,49855,description,description_cross_split,risk,"Normalized exact match; sha256=92ca7bf9996d0b0c290f38d03b9c66962a18ee89da6e281a5726e8c9059d88b2; splits=test,validation; target_variants=1"
CVE-2024-30004,49856,description,description_cross_split,risk,"Normalized exact match; sha256=92ca7bf9996d0b0c290f38d03b9c66962a18ee89da6e281a5726e8c9059d88b2; splits=test,validation; target_variants=1"
CVE-2024-30005,49857,description,description_cross_split,risk,"Normalized exact match; sha256=92ca7bf9996d0b0c290f38d03b9c66962a18ee89da6e281a5726e8c9059d88b2; splits=test,validation; target_variants=1"
CVE-2024-30012,49865,description,description_cross_split,risk,"Normalized exact match; sha256=92ca7bf9996d0b0c290f38d03b9c66962a18ee89da6e281a5726e8c9059d88b2; splits=test,validation; target_variants=1"
CVE-2024-30021,49875,description,description_cross_split,risk,"Normalized exact match; sha256=92ca7bf9996d0b0c290f38d03b9c66962a18ee89da6e281a5726e8c9059d88b2; splits=test,validation; target_variants=1"
CVE-2024-38161,56091,description,description_cross_split,risk,"Normalized exact match; sha256=92ca7bf9996d0b0c290f38d03b9c66962a18ee89da6e281a5726e8c9059d88b2; splits=test,validation; target_variants=1"
CVE-2024-43523,59911,description,description_cross_split,risk,"Normalized exact match; sha256=92ca7bf9996d0b0c290f38d03b9c66962a18ee89da6e281a5726e8c9059d88b2; splits=test,validation; target_variants=1"
CVE-2024-43524,59912,description,description_cross_split,risk,"Normalized exact match; sha256=92ca7bf9996d0b0c290f38d03b9c66962a18ee89da6e281a5726e8c9059d88b2; splits=test,validation; target_variants=1"
CVE-2024-43525,59913,description,description_cross_split,risk,"Normalized exact match; sha256=92ca7bf9996d0b0c290f38d03b9c66962a18ee89da6e281a5726e8c9059d88b2; splits=test,validation; target_variants=1"
CVE-2024-43526,59914,description,description_cross_split,risk,"Normalized exact match; sha256=92ca7bf9996d0b0c290f38d03b9c66962a18ee89da6e281a5726e8c9059d88b2; splits=test,validation; target_variants=1"
CVE-2024-43536,59924,description,description_cross_split,risk,"Normalized exact match; sha256=92ca7bf9996d0b0c290f38d03b9c66962a18ee89da6e281a5726e8c9059d88b2; splits=test,validation; target_variants=1"
CVE-2024-43543,59931,description,description_cross_split,risk,"Normalized exact match; sha256=92ca7bf9996d0b0c290f38d03b9c66962a18ee89da6e281a5726e8c9059d88b2; splits=test,validation; target_variants=1"
CVE-2023-29324,19211,description,description_cross_split,risk,"Normalized exact match; sha256=66917bf2656c9808a8dba20de4310d8fe83c16c673d53ed1428fb1cae3145c56; splits=train,validation; target_variants=4"
CVE-2023-35308,23656,description,description_cross_split,risk,"Normalized exact match; sha256=66917bf2656c9808a8dba20de4310d8fe83c16c673d53ed1428fb1cae3145c56; splits=train,validation; target_variants=4"
CVE-2023-35336,23685,description,description_cross_split,risk,"Normalized exact match; sha256=66917bf2656c9808a8dba20de4310d8fe83c16c673d53ed1428fb1cae3145c56; splits=train,validation; target_variants=4"
CVE-2023-36805,24753,description,description_cross_split,risk,"Normalized exact match; sha256=66917bf2656c9808a8dba20de4310d8fe83c16c673d53ed1428fb1cae3145c56; splits=train,validation; target_variants=4"
CVE-2024-30040,49895,description,description_cross_split,risk,"Normalized exact match; sha256=66917bf2656c9808a8dba20de4310d8fe83c16c673d53ed1428fb1cae3145c56; splits=train,validation; target_variants=4"
CVE-2023-28217,18175,description,description_cross_split,risk,"Normalized exact match; sha256=59d884ff3909fb530f958600b0ca9b26efb901737be64bd89cc506467375c4d2; splits=test,train,validation; target_variants=2"
CVE-2024-21343,43497,description,description_cross_split,risk,"Normalized exact match; sha256=59d884ff3909fb530f958600b0ca9b26efb901737be64bd89cc506467375c4d2; splits=test,train,validation; target_variants=2"
CVE-2024-21344,43498,description,description_cross_split,risk,"Normalized exact match; sha256=59d884ff3909fb530f958600b0ca9b26efb901737be64bd89cc506467375c4d2; splits=test,train,validation; target_variants=2"
CVE-2024-38126,56052,description,description_cross_split,risk,"Normalized exact match; sha256=59d884ff3909fb530f958600b0ca9b26efb901737be64bd89cc506467375c4d2; splits=test,train,validation; target_variants=2"
CVE-2024-38132,56059,description,description_cross_split,risk,"Normalized exact match; sha256=59d884ff3909fb530f958600b0ca9b26efb901737be64bd89cc506467375c4d2; splits=test,train,validation; target_variants=2"
CVE-2024-43562,59951,description,description_cross_split,risk,"Normalized exact match; sha256=59d884ff3909fb530f958600b0ca9b26efb901737be64bd89cc506467375c4d2; splits=test,train,validation; target_variants=2"
CVE-2024-43565,59954,description,description_cross_split,risk,"Normalized exact match; sha256=59d884ff3909fb530f958600b0ca9b26efb901737be64bd89cc506467375c4d2; splits=test,train,validation; target_variants=2"
CVE-2023-29325,19212,description,description_cross_split,risk,"Normalized exact match; sha256=50b2dbaadd69b7b67c097c5e6c0dc9224adf240062c575ebda57ef7e9248e8ac; splits=test,train,validation; target_variants=4"
CVE-2023-35323,23673,description,description_cross_split,risk,"Normalized exact match; sha256=50b2dbaadd69b7b67c097c5e6c0dc9224adf240062c575ebda57ef7e9248e8ac; splits=test,train,validation; target_variants=4"
CVE-2024-21372,43529,description,description_cross_split,risk,"Normalized exact match; sha256=50b2dbaadd69b7b67c097c5e6c0dc9224adf240062c575ebda57ef7e9248e8ac; splits=test,train,validation; target_variants=4"
CVE-2024-21435,43597,description,description_cross_split,risk,"Normalized exact match; sha256=50b2dbaadd69b7b67c097c5e6c0dc9224adf240062c575ebda57ef7e9248e8ac; splits=test,train,validation; target_variants=4"
CVE-2024-30077,49935,description,description_cross_split,risk,"Normalized exact match; sha256=50b2dbaadd69b7b67c097c5e6c0dc9224adf240062c575ebda57ef7e9248e8ac; splits=test,train,validation; target_variants=4"
CVE-2024-38152,56081,description,description_cross_split,risk,"Normalized exact match; sha256=50b2dbaadd69b7b67c097c5e6c0dc9224adf240062c575ebda57ef7e9248e8ac; splits=test,train,validation; target_variants=4"
CVE-2023-24943,15516,description,description_cross_split,risk,"Normalized exact match; sha256=5be3252f77d013482eb98d39724479d38c342b0424b9bcd5f54fdc67ba5b99b8; splits=train,validation; target_variants=2"
CVE-2023-28250,18208,description,description_cross_split,risk,"Normalized exact match; sha256=5be3252f77d013482eb98d39724479d38c342b0424b9bcd5f54fdc67ba5b99b8; splits=train,validation; target_variants=2"
CVE-2023-29363,19250,description,description_cross_split,risk,"Normalized exact match; sha256=5be3252f77d013482eb98d39724479d38c342b0424b9bcd5f54fdc67ba5b99b8; splits=train,validation; target_variants=2"
CVE-2023-32014,21044,description,description_cross_split,risk,"Normalized exact match; sha256=5be3252f77d013482eb98d39724479d38c342b0424b9bcd5f54fdc67ba5b99b8; splits=train,validation; target_variants=2"
CVE-2023-32015,21045,description,description_cross_split,risk,"Normalized exact match; sha256=5be3252f77d013482eb98d39724479d38c342b0424b9bcd5f54fdc67ba5b99b8; splits=train,validation; target_variants=2"
CVE-2023-35297,23647,description,description_cross_split,risk,"Normalized exact match; sha256=5be3252f77d013482eb98d39724479d38c342b0424b9bcd5f54fdc67ba5b99b8; splits=train,validation; target_variants=2"
CVE-2023-36397,24374,description,description_cross_split,risk,"Normalized exact match; sha256=5be3252f77d013482eb98d39724479d38c342b0424b9bcd5f54fdc67ba5b99b8; splits=train,validation; target_variants=2"
CVE-2024-21357,43512,description,description_cross_split,risk,"Normalized exact match; sha256=5be3252f77d013482eb98d39724479d38c342b0424b9bcd5f54fdc67ba5b99b8; splits=train,validation; target_variants=2"
CVE-2022-35755,5604,description,description_cross_split,risk,"Normalized exact match; sha256=193eb9eb86b1c8e8b3480975b795e6765cb83eaf213ff9ea7642ee594f0b4a65; splits=test,train,validation; target_variants=5"
CVE-2023-21678,12833,description,description_cross_split,risk,"Normalized exact match; sha256=193eb9eb86b1c8e8b3480975b795e6765cb83eaf213ff9ea7642ee594f0b4a65; splits=test,train,validation; target_variants=5"
CVE-2023-21760,12918,description,description_cross_split,risk,"Normalized exact match; sha256=193eb9eb86b1c8e8b3480975b795e6765cb83eaf213ff9ea7642ee594f0b4a65; splits=test,train,validation; target_variants=5"
CVE-2023-21765,12923,description,description_cross_split,risk,"Normalized exact match; sha256=193eb9eb86b1c8e8b3480975b795e6765cb83eaf213ff9ea7642ee594f0b4a65; splits=test,train,validation; target_variants=5"
CVE-2024-21433,43595,description,description_cross_split,risk,"Normalized exact match; sha256=193eb9eb86b1c8e8b3480975b795e6765cb83eaf213ff9ea7642ee594f0b4a65; splits=test,train,validation; target_variants=5"
CVE-2024-38198,56128,description,description_cross_split,risk,"Normalized exact match; sha256=193eb9eb86b1c8e8b3480975b795e6765cb83eaf213ff9ea7642ee594f0b4a65; splits=test,train,validation; target_variants=5"
CVE-2024-43529,59917,description,description_cross_split,risk,"Normalized exact match; sha256=193eb9eb86b1c8e8b3480975b795e6765cb83eaf213ff9ea7642ee594f0b4a65; splits=test,train,validation; target_variants=5"
CVE-2023-28246,18203,description,description_cross_split,risk,"Normalized exact match; sha256=d0d7aaa0241c4332604526dd3ec16fb69d4494f02567e6a5f6877581612c6df6; splits=test,train; target_variants=2"
CVE-2024-43452,59842,description,description_cross_split,risk,"Normalized exact match; sha256=d0d7aaa0241c4332604526dd3ec16fb69d4494f02567e6a5f6877581612c6df6; splits=test,train; target_variants=2"
CVE-2024-43641,60027,description,description_cross_split,risk,"Normalized exact match; sha256=d0d7aaa0241c4332604526dd3ec16fb69d4494f02567e6a5f6877581612c6df6; splits=test,train; target_variants=2"
CVE-2024-26211,47027,description,description_cross_split,risk,"Normalized exact match; sha256=573a57ab7a86a0e049794fe2b46ecdf4461946b92f5a67de79eb6cb1048a542a; splits=test,validation; target_variants=2"
CVE-2024-30079,49937,description,description_cross_split,risk,"Normalized exact match; sha256=573a57ab7a86a0e049794fe2b46ecdf4461946b92f5a67de79eb6cb1048a542a; splits=test,validation; target_variants=2"
CVE-2024-38240,56173,description,description_cross_split,risk,"Normalized exact match; sha256=573a57ab7a86a0e049794fe2b46ecdf4461946b92f5a67de79eb6cb1048a542a; splits=test,validation; target_variants=2"
CVE-2024-26207,47022,description,description_cross_split,risk,"Normalized exact match; sha256=c8e1893b5fc75cff1854960ef1f945dd16f05e7d66b6338b5274974bcb6fef4c; splits=test,validation; target_variants=3"
CVE-2024-26217,47033,description,description_cross_split,risk,"Normalized exact match; sha256=c8e1893b5fc75cff1854960ef1f945dd16f05e7d66b6338b5274974bcb6fef4c; splits=test,validation; target_variants=3"
CVE-2024-26255,47073,description,description_cross_split,risk,"Normalized exact match; sha256=c8e1893b5fc75cff1854960ef1f945dd16f05e7d66b6338b5274974bcb6fef4c; splits=test,validation; target_variants=3"
CVE-2024-28900,49080,description,description_cross_split,risk,"Normalized exact match; sha256=c8e1893b5fc75cff1854960ef1f945dd16f05e7d66b6338b5274974bcb6fef4c; splits=test,validation; target_variants=3"
CVE-2024-28901,49081,description,description_cross_split,risk,"Normalized exact match; sha256=c8e1893b5fc75cff1854960ef1f945dd16f05e7d66b6338b5274974bcb6fef4c; splits=test,validation; target_variants=3"
CVE-2024-28902,49082,description,description_cross_split,risk,"Normalized exact match; sha256=c8e1893b5fc75cff1854960ef1f945dd16f05e7d66b6338b5274974bcb6fef4c; splits=test,validation; target_variants=3"
CVE-2024-30039,49893,description,description_cross_split,risk,"Normalized exact match; sha256=c8e1893b5fc75cff1854960ef1f945dd16f05e7d66b6338b5274974bcb6fef4c; splits=test,validation; target_variants=3"
CVE-2024-30069,49926,description,description_cross_split,risk,"Normalized exact match; sha256=c8e1893b5fc75cff1854960ef1f945dd16f05e7d66b6338b5274974bcb6fef4c; splits=test,validation; target_variants=3"
CVE-2024-30071,49929,description,description_cross_split,risk,"Normalized exact match; sha256=c8e1893b5fc75cff1854960ef1f945dd16f05e7d66b6338b5274974bcb6fef4c; splits=test,validation; target_variants=3"
CVE-2023-23418,14211,description,description_cross_split,risk,"Normalized exact match; sha256=e44e8a0eb6c10329f46b734720aad4d991321646f9ffe3eb98f2721ddbdcda84; splits=test,train; target_variants=2"
CVE-2023-23419,14212,description,description_cross_split,risk,"Normalized exact match; sha256=e44e8a0eb6c10329f46b734720aad4d991321646f9ffe3eb98f2721ddbdcda84; splits=test,train; target_variants=2"
CVE-2024-38135,56062,description,description_cross_split,risk,"Normalized exact match; sha256=e44e8a0eb6c10329f46b734720aad4d991321646f9ffe3eb98f2721ddbdcda84; splits=test,train; target_variants=2"
CVE-2024-43514,59901,description,description_cross_split,risk,"Normalized exact match; sha256=e44e8a0eb6c10329f46b734720aad4d991321646f9ffe3eb98f2721ddbdcda84; splits=test,train; target_variants=2"
CVE-2024-49093,63545,description,description_cross_split,risk,"Normalized exact match; sha256=e44e8a0eb6c10329f46b734720aad4d991321646f9ffe3eb98f2721ddbdcda84; splits=test,train; target_variants=2"
CVE-2023-35365,23716,description,description_cross_split,risk,"Normalized exact match; sha256=454983695ae837054d2a5dad19da66e97acb61273257888640f9480b2ccb1608; splits=test,train,validation; target_variants=6"
CVE-2023-35366,23717,description,description_cross_split,risk,"Normalized exact match; sha256=454983695ae837054d2a5dad19da66e97acb61273257888640f9480b2ccb1608; splits=test,train,validation; target_variants=6"
CVE-2023-35367,23718,description,description_cross_split,risk,"Normalized exact match; sha256=454983695ae837054d2a5dad19da66e97acb61273257888640f9480b2ccb1608; splits=test,train,validation; target_variants=6"
CVE-2024-26179,46993,description,description_cross_split,risk,"Normalized exact match; sha256=454983695ae837054d2a5dad19da66e97acb61273257888640f9480b2ccb1608; splits=test,train,validation; target_variants=6"
CVE-2024-26200,47016,description,description_cross_split,risk,"Normalized exact match; sha256=454983695ae837054d2a5dad19da66e97acb61273257888640f9480b2ccb1608; splits=test,train,validation; target_variants=6"
CVE-2024-26205,47021,description,description_cross_split,risk,"Normalized exact match; sha256=454983695ae837054d2a5dad19da66e97acb61273257888640f9480b2ccb1608; splits=test,train,validation; target_variants=6"
CVE-2024-30009,49861,description,description_cross_split,risk,"Normalized exact match; sha256=454983695ae837054d2a5dad19da66e97acb61273257888640f9480b2ccb1608; splits=test,train,validation; target_variants=6"
CVE-2024-30014,49867,description,description_cross_split,risk,"Normalized exact match; sha256=454983695ae837054d2a5dad19da66e97acb61273257888640f9480b2ccb1608; splits=test,train,validation; target_variants=6"
CVE-2024-30015,49868,description,description_cross_split,risk,"Normalized exact match; sha256=454983695ae837054d2a5dad19da66e97acb61273257888640f9480b2ccb1608; splits=test,train,validation; target_variants=6"
CVE-2024-30022,49876,description,description_cross_split,risk,"Normalized exact match; sha256=454983695ae837054d2a5dad19da66e97acb61273257888640f9480b2ccb1608; splits=test,train,validation; target_variants=6"
CVE-2024-30023,49877,description,description_cross_split,risk,"Normalized exact match; sha256=454983695ae837054d2a5dad19da66e97acb61273257888640f9480b2ccb1608; splits=test,train,validation; target_variants=6"
CVE-2024-30024,49878,description,description_cross_split,risk,"Normalized exact match; sha256=454983695ae837054d2a5dad19da66e97acb61273257888640f9480b2ccb1608; splits=test,train,validation; target_variants=6"
CVE-2024-30029,49882,description,description_cross_split,risk,"Normalized exact match; sha256=454983695ae837054d2a5dad19da66e97acb61273257888640f9480b2ccb1608; splits=test,train,validation; target_variants=6"
CVE-2024-30094,49954,description,description_cross_split,risk,"Normalized exact match; sha256=454983695ae837054d2a5dad19da66e97acb61273257888640f9480b2ccb1608; splits=test,train,validation; target_variants=6"
CVE-2024-30095,49955,description,description_cross_split,risk,"Normalized exact match; sha256=454983695ae837054d2a5dad19da66e97acb61273257888640f9480b2ccb1608; splits=test,train,validation; target_variants=6"
CVE-2024-38120,56046,description,description_cross_split,risk,"Normalized exact match; sha256=454983695ae837054d2a5dad19da66e97acb61273257888640f9480b2ccb1608; splits=test,train,validation; target_variants=6"
CVE-2024-38121,56047,description,description_cross_split,risk,"Normalized exact match; sha256=454983695ae837054d2a5dad19da66e97acb61273257888640f9480b2ccb1608; splits=test,train,validation; target_variants=6"
CVE-2024-38128,56054,description,description_cross_split,risk,"Normalized exact match; sha256=454983695ae837054d2a5dad19da66e97acb61273257888640f9480b2ccb1608; splits=test,train,validation; target_variants=6"
CVE-2024-38130,56057,description,description_cross_split,risk,"Normalized exact match; sha256=454983695ae837054d2a5dad19da66e97acb61273257888640f9480b2ccb1608; splits=test,train,validation; target_variants=6"
CVE-2024-38154,56083,description,description_cross_split,risk,"Normalized exact match; sha256=454983695ae837054d2a5dad19da66e97acb61273257888640f9480b2ccb1608; splits=test,train,validation; target_variants=6"
CVE-2024-38212,56143,description,description_cross_split,risk,"Normalized exact match; sha256=454983695ae837054d2a5dad19da66e97acb61273257888640f9480b2ccb1608; splits=test,train,validation; target_variants=6"
CVE-2024-38261,56195,description,description_cross_split,risk,"Normalized exact match; sha256=454983695ae837054d2a5dad19da66e97acb61273257888640f9480b2ccb1608; splits=test,train,validation; target_variants=6"
CVE-2024-38265,56199,description,description_cross_split,risk,"Normalized exact match; sha256=454983695ae837054d2a5dad19da66e97acb61273257888640f9480b2ccb1608; splits=test,train,validation; target_variants=6"
CVE-2024-43453,59843,description,description_cross_split,risk,"Normalized exact match; sha256=454983695ae837054d2a5dad19da66e97acb61273257888640f9480b2ccb1608; splits=test,train,validation; target_variants=6"
CVE-2024-43549,59936,description,description_cross_split,risk,"Normalized exact match; sha256=454983695ae837054d2a5dad19da66e97acb61273257888640f9480b2ccb1608; splits=test,train,validation; target_variants=6"
CVE-2024-43564,59953,description,description_cross_split,risk,"Normalized exact match; sha256=454983695ae837054d2a5dad19da66e97acb61273257888640f9480b2ccb1608; splits=test,train,validation; target_variants=6"
CVE-2024-43589,59976,description,description_cross_split,risk,"Normalized exact match; sha256=454983695ae837054d2a5dad19da66e97acb61273257888640f9480b2ccb1608; splits=test,train,validation; target_variants=6"
CVE-2024-43592,59980,description,description_cross_split,risk,"Normalized exact match; sha256=454983695ae837054d2a5dad19da66e97acb61273257888640f9480b2ccb1608; splits=test,train,validation; target_variants=6"
CVE-2024-43593,59981,description,description_cross_split,risk,"Normalized exact match; sha256=454983695ae837054d2a5dad19da66e97acb61273257888640f9480b2ccb1608; splits=test,train,validation; target_variants=6"
CVE-2024-43607,59993,description,description_cross_split,risk,"Normalized exact match; sha256=454983695ae837054d2a5dad19da66e97acb61273257888640f9480b2ccb1608; splits=test,train,validation; target_variants=6"
CVE-2024-43608,59994,description,description_cross_split,risk,"Normalized exact match; sha256=454983695ae837054d2a5dad19da66e97acb61273257888640f9480b2ccb1608; splits=test,train,validation; target_variants=6"
CVE-2024-43611,59998,description,description_cross_split,risk,"Normalized exact match; sha256=454983695ae837054d2a5dad19da66e97acb61273257888640f9480b2ccb1608; splits=test,train,validation; target_variants=6"
CVE-2024-49085,63536,description,description_cross_split,risk,"Normalized exact match; sha256=454983695ae837054d2a5dad19da66e97acb61273257888640f9480b2ccb1608; splits=test,train,validation; target_variants=6"
CVE-2024-49086,63537,description,description_cross_split,risk,"Normalized exact match; sha256=454983695ae837054d2a5dad19da66e97acb61273257888640f9480b2ccb1608; splits=test,train,validation; target_variants=6"
CVE-2024-49089,63540,description,description_cross_split,risk,"Normalized exact match; sha256=454983695ae837054d2a5dad19da66e97acb61273257888640f9480b2ccb1608; splits=test,train,validation; target_variants=6"
CVE-2024-49102,63554,description,description_cross_split,risk,"Normalized exact match; sha256=454983695ae837054d2a5dad19da66e97acb61273257888640f9480b2ccb1608; splits=test,train,validation; target_variants=6"
CVE-2024-49104,63556,description,description_cross_split,risk,"Normalized exact match; sha256=454983695ae837054d2a5dad19da66e97acb61273257888640f9480b2ccb1608; splits=test,train,validation; target_variants=6"
CVE-2024-49125,63579,description,description_cross_split,risk,"Normalized exact match; sha256=454983695ae837054d2a5dad19da66e97acb61273257888640f9480b2ccb1608; splits=test,train,validation; target_variants=6"
CVE-2023-36394,24371,description,description_cross_split,risk,"Normalized exact match; sha256=1015d6281f9b0928d3906188690a68c5b5c4ed884f6823b655d8e63ef98b2071; splits=train,validation; target_variants=1"
CVE-2024-30033,49887,description,description_cross_split,risk,"Normalized exact match; sha256=1015d6281f9b0928d3906188690a68c5b5c4ed884f6823b655d8e63ef98b2071; splits=train,validation; target_variants=1"
CVE-2023-21813,12974,description,description_cross_split,risk,"Normalized exact match; sha256=ea58ce13eb130ea3ee414b36d0285cf2e83a3c08faf133aa894121a4b214335c; splits=test,train; target_variants=2"
CVE-2023-21818,12978,description,description_cross_split,risk,"Normalized exact match; sha256=ea58ce13eb130ea3ee414b36d0285cf2e83a3c08faf133aa894121a4b214335c; splits=test,train; target_variants=2"
CVE-2023-21819,12979,description,description_cross_split,risk,"Normalized exact match; sha256=ea58ce13eb130ea3ee414b36d0285cf2e83a3c08faf133aa894121a4b214335c; splits=test,train; target_variants=2"
CVE-2023-24862,15440,description,description_cross_split,risk,"Normalized exact match; sha256=ea58ce13eb130ea3ee414b36d0285cf2e83a3c08faf133aa894121a4b214335c; splits=test,train; target_variants=2"
CVE-2023-24931,15504,description,description_cross_split,risk,"Normalized exact match; sha256=ea58ce13eb130ea3ee414b36d0285cf2e83a3c08faf133aa894121a4b214335c; splits=test,train; target_variants=2"
CVE-2023-28233,18192,description,description_cross_split,risk,"Normalized exact match; sha256=ea58ce13eb130ea3ee414b36d0285cf2e83a3c08faf133aa894121a4b214335c; splits=test,train; target_variants=2"
CVE-2023-28234,18193,description,description_cross_split,risk,"Normalized exact match; sha256=ea58ce13eb130ea3ee414b36d0285cf2e83a3c08faf133aa894121a4b214335c; splits=test,train; target_variants=2"
CVE-2024-38148,56076,description,description_cross_split,risk,"Normalized exact match; sha256=ea58ce13eb130ea3ee414b36d0285cf2e83a3c08faf133aa894121a4b214335c; splits=test,train; target_variants=2"
CVE-2023-24880,15455,description,description_cross_split,risk,"Normalized exact match; sha256=1de48ffdb011f92f62b1a8edfab6759e6e2b2f6f43faed7f6826a16912a27179; splits=test,train,validation; target_variants=3"
CVE-2023-32049,21079,description,description_cross_split,risk,"Normalized exact match; sha256=1de48ffdb011f92f62b1a8edfab6759e6e2b2f6f43faed7f6826a16912a27179; splits=test,train,validation; target_variants=3"
CVE-2023-36025,24151,description,description_cross_split,risk,"Normalized exact match; sha256=1de48ffdb011f92f62b1a8edfab6759e6e2b2f6f43faed7f6826a16912a27179; splits=test,train,validation; target_variants=3"
CVE-2024-21351,43506,description,description_cross_split,risk,"Normalized exact match; sha256=1de48ffdb011f92f62b1a8edfab6759e6e2b2f6f43faed7f6826a16912a27179; splits=test,train,validation; target_variants=3"
CVE-2024-38180,56111,description,description_cross_split,risk,"Normalized exact match; sha256=1de48ffdb011f92f62b1a8edfab6759e6e2b2f6f43faed7f6826a16912a27179; splits=test,train,validation; target_variants=3"
CVE-2023-24898,15471,description,description_cross_split,risk,"Normalized exact match; sha256=f05fa8a9ff13dde9d9513ddd63093e2d0f9a253ac2d04cb387b7599d9445e8da; splits=test,train; target_variants=1"
CVE-2024-43642,60028,description,description_cross_split,risk,"Normalized exact match; sha256=f05fa8a9ff13dde9d9513ddd63093e2d0f9a253ac2d04cb387b7599d9445e8da; splits=test,train; target_variants=1"
CVE-2024-26197,47012,description,description_cross_split,risk,"Normalized exact match; sha256=62c1584b92ed7e9fc503ef405346abc2f34e8cac718d6002231be3cd672bcb5f; splits=test,validation; target_variants=2"
CVE-2024-30083,49942,description,description_cross_split,risk,"Normalized exact match; sha256=62c1584b92ed7e9fc503ef405346abc2f34e8cac718d6002231be3cd672bcb5f; splits=test,validation; target_variants=2"
CVE-2024-38230,56162,description,description_cross_split,risk,"Normalized exact match; sha256=62c1584b92ed7e9fc503ef405346abc2f34e8cac718d6002231be3cd672bcb5f; splits=test,validation; target_variants=2"
CVE-2024-43512,59899,description,description_cross_split,risk,"Normalized exact match; sha256=62c1584b92ed7e9fc503ef405346abc2f34e8cac718d6002231be3cd672bcb5f; splits=test,validation; target_variants=2"
CVE-2023-36399,24376,description,description_cross_split,risk,"Normalized exact match; sha256=fb3eef7286baf70788972ec8b1f02f9705e139958c1b098a06f73e214f00852a; splits=test,train,validation; target_variants=4"
CVE-2024-29052,49229,description,description_cross_split,risk,"Normalized exact match; sha256=fb3eef7286baf70788972ec8b1f02f9705e139958c1b098a06f73e214f00852a; splits=test,train,validation; target_variants=4"
CVE-2024-30093,49953,description,description_cross_split,risk,"Normalized exact match; sha256=fb3eef7286baf70788972ec8b1f02f9705e139958c1b098a06f73e214f00852a; splits=test,train,validation; target_variants=4"
CVE-2024-38248,56181,description,description_cross_split,risk,"Normalized exact match; sha256=fb3eef7286baf70788972ec8b1f02f9705e139958c1b098a06f73e214f00852a; splits=test,train,validation; target_variants=4"
CVE-2024-43551,59939,description,description_cross_split,risk,"Normalized exact match; sha256=fb3eef7286baf70788972ec8b1f02f9705e139958c1b098a06f73e214f00852a; splits=test,train,validation; target_variants=4"
CVE-2023-21541,12695,description,description_cross_split,risk,"Normalized exact match; sha256=d8b4be2d2a08d92ffa042a926978fb64d27d15f93279040e50268e60ca6da373; splits=test,train; target_variants=2"
CVE-2024-49039,63492,description,description_cross_split,risk,"Normalized exact match; sha256=d8b4be2d2a08d92ffa042a926978fb64d27d15f93279040e50268e60ca6da373; splits=test,train; target_variants=2"
CVE-2024-49072,63522,description,description_cross_split,risk,"Normalized exact match; sha256=d8b4be2d2a08d92ffa042a926978fb64d27d15f93279040e50268e60ca6da373; splits=test,train; target_variants=2"
CVE-2023-36438,24413,description,description_cross_split,risk,"Normalized exact match; sha256=e9dd3095d3817d84c759f0ef9f5501c4446e0fdbb0943a6504957332a100507c; splits=test,train,validation; target_variants=3"
CVE-2023-38160,25810,description,description_cross_split,risk,"Normalized exact match; sha256=e9dd3095d3817d84c759f0ef9f5501c4446e0fdbb0943a6504957332a100507c; splits=test,train,validation; target_variants=3"
CVE-2024-21313,43465,description,description_cross_split,risk,"Normalized exact match; sha256=e9dd3095d3817d84c759f0ef9f5501c4446e0fdbb0943a6504957332a100507c; splits=test,train,validation; target_variants=3"
CVE-2024-38064,55990,description,description_cross_split,risk,"Normalized exact match; sha256=e9dd3095d3817d84c759f0ef9f5501c4446e0fdbb0943a6504957332a100507c; splits=test,train,validation; target_variants=3"
CVE-2023-36005,24132,description,description_cross_split,risk,"Normalized exact match; sha256=a271627df603232ba3ce167752d8afeb979d4712e54beda671a6c94573b36428; splits=train,validation; target_variants=3"
CVE-2024-21439,43601,description,description_cross_split,risk,"Normalized exact match; sha256=a271627df603232ba3ce167752d8afeb979d4712e54beda671a6c94573b36428; splits=train,validation; target_variants=3"
CVE-2024-26230,47047,description,description_cross_split,risk,"Normalized exact match; sha256=a271627df603232ba3ce167752d8afeb979d4712e54beda671a6c94573b36428; splits=train,validation; target_variants=3"
CVE-2024-26239,47056,description,description_cross_split,risk,"Normalized exact match; sha256=a271627df603232ba3ce167752d8afeb979d4712e54beda671a6c94573b36428; splits=train,validation; target_variants=3"
CVE-2024-26242,47060,description,description_cross_split,risk,"Normalized exact match; sha256=a271627df603232ba3ce167752d8afeb979d4712e54beda671a6c94573b36428; splits=train,validation; target_variants=3"
CVE-2024-21320,43473,description,description_cross_split,risk,"Normalized exact match; sha256=6386805552226b37e7c0bfd969a3c06417b3c1ed0e948186f973d0d52b686c05; splits=test,validation; target_variants=2"
CVE-2024-38030,55956,description,description_cross_split,risk,"Normalized exact match; sha256=6386805552226b37e7c0bfd969a3c06417b3c1ed0e948186f973d0d52b686c05; splits=test,validation; target_variants=2"
CVE-2024-21432,43594,description,description_cross_split,risk,"Normalized exact match; sha256=9495315f1bf395ddb382accb007f54d0df2962e0d15bb01ab0344713e5576408; splits=test,validation; target_variants=2"
CVE-2024-26235,47052,description,description_cross_split,risk,"Normalized exact match; sha256=9495315f1bf395ddb382accb007f54d0df2962e0d15bb01ab0344713e5576408; splits=test,validation; target_variants=2"
CVE-2024-26236,47053,description,description_cross_split,risk,"Normalized exact match; sha256=9495315f1bf395ddb382accb007f54d0df2962e0d15bb01ab0344713e5576408; splits=test,validation; target_variants=2"
CVE-2024-38163,56093,description,description_cross_split,risk,"Normalized exact match; sha256=9495315f1bf395ddb382accb007f54d0df2962e0d15bb01ab0344713e5576408; splits=test,validation; target_variants=2"
CVE-2024-43530,59919,description,description_cross_split,risk,"Normalized exact match; sha256=9495315f1bf395ddb382accb007f54d0df2962e0d15bb01ab0344713e5576408; splits=test,validation; target_variants=2"
CVE-2024-30049,49904,description,description_cross_split,risk,"Normalized exact match; sha256=3214735640bc9a8d22ea6dbb0121dc13d206186be625bcaf3bf34d1a15600f3e; splits=test,validation; target_variants=1"
CVE-2024-30086,49945,description,description_cross_split,risk,"Normalized exact match; sha256=3214735640bc9a8d22ea6dbb0121dc13d206186be625bcaf3bf34d1a15600f3e; splits=test,validation; target_variants=1"
CVE-2024-38252,56185,description,description_cross_split,risk,"Normalized exact match; sha256=3214735640bc9a8d22ea6dbb0121dc13d206186be625bcaf3bf34d1a15600f3e; splits=test,validation; target_variants=1"
CVE-2024-38253,56186,description,description_cross_split,risk,"Normalized exact match; sha256=3214735640bc9a8d22ea6dbb0121dc13d206186be625bcaf3bf34d1a15600f3e; splits=test,validation; target_variants=1"
CVE-2024-49046,63499,description,description_cross_split,risk,"Normalized exact match; sha256=3214735640bc9a8d22ea6dbb0121dc13d206186be625bcaf3bf34d1a15600f3e; splits=test,validation; target_variants=1"
CVE-2023-21680,12836,description,description_cross_split,risk,"Normalized exact match; sha256=5948514d9b0a40adde3055b987b37b22ca9ee3d8cd3ef374066a3d83895cf112; splits=test,train; target_variants=1"
CVE-2023-21756,12913,description,description_cross_split,risk,"Normalized exact match; sha256=5948514d9b0a40adde3055b987b37b22ca9ee3d8cd3ef374066a3d83895cf112; splits=test,train; target_variants=1"
CVE-2023-28274,18229,description,description_cross_split,risk,"Normalized exact match; sha256=5948514d9b0a40adde3055b987b37b22ca9ee3d8cd3ef374066a3d83895cf112; splits=test,train; target_variants=1"
CVE-2024-38066,55992,description,description_cross_split,risk,"Normalized exact match; sha256=5948514d9b0a40adde3055b987b37b22ca9ee3d8cd3ef374066a3d83895cf112; splits=test,train; target_variants=1"
CVE-2023-36905,24853,description,description_cross_split,risk,"Normalized exact match; sha256=f1ac79e2cb99604dcd3e2eb6df2f794f464977f840824ffe070ebb25c726606a; splits=test,train; target_variants=2"
CVE-2024-49098,63550,description,description_cross_split,risk,"Normalized exact match; sha256=f1ac79e2cb99604dcd3e2eb6df2f794f464977f840824ffe070ebb25c726606a; splits=test,train; target_variants=2"
CVE-2024-49099,63551,description,description_cross_split,risk,"Normalized exact match; sha256=f1ac79e2cb99604dcd3e2eb6df2f794f464977f840824ffe070ebb25c726606a; splits=test,train; target_variants=2"
CVE-2024-49103,63555,description,description_cross_split,risk,"Normalized exact match; sha256=f1ac79e2cb99604dcd3e2eb6df2f794f464977f840824ffe070ebb25c726606a; splits=test,train; target_variants=2"
CVE-2024-30066,49923,description,description_cross_split,risk,"Normalized exact match; sha256=5bcea55d75f837b367f62c37dc73c25706eda1267b0cad28bcd5425d3cc226d8; splits=test,validation; target_variants=2"
CVE-2024-30067,49924,description,description_cross_split,risk,"Normalized exact match; sha256=5bcea55d75f837b367f62c37dc73c25706eda1267b0cad28bcd5425d3cc226d8; splits=test,validation; target_variants=2"
CVE-2024-43583,59972,description,description_cross_split,risk,"Normalized exact match; sha256=5bcea55d75f837b367f62c37dc73c25706eda1267b0cad28bcd5425d3cc226d8; splits=test,validation; target_variants=2"
